C:\Users\acer\Documents\GitHub\temporal-xai-driving\examples\IMG\center_2026_05_16_12_56_25_573.jpg,C:\Users\acer\Documents\GitHub\temporal-xai-driving\examples\IMG\left_2026_05_16_12_56_25_573.jpg,C:\Users\acer\Documents\GitHub\temporal-xai-driving\examples\IMG\right_2026_05_16_12_56_25_573.jpg,0,0.4,0,30.03814
C:\Users\acer\Documents\GitHub\temporal-xai-driving\examples\IMG\center_2026_05_16_12_56_25_641.jpg,C:\Users\acer\Documents\GitHub\temporal-xai-driving\examples\IMG\left_2026_05_16_12_56_25_641.jpg,C:\Users\acer\Documents\GitHub\temporal-xai-driving\examples\IMG\right_2026_05_16_12_56_25_641.jpg,0.2,0.4,0,30.02717
C:\Users\acer\Documents\GitHub\temporal-xai-driving\examples\IMG\center_2026_05_16_12_56_25_763.jpg,C:\Users\acer\Documents\GitHub\temporal-xai-driving\examples\IMG\left_2026_05_16_12_56_25_763.jpg,C:\Users\acer\Documents\GitHub\temporal-xai-driving\examples\IMG\right_2026_05_16_12_56_25_763.jpg,0.5000001,0.4,0,29.99288
C:\Users\acer\Documents\GitHub\temporal-xai-driving\examples\IMG\center_2026_05_16_12_56_25_860.jpg,C:\Users\acer\Documents\GitHub\temporal-xai-driving\examples\IMG\left_2026_05_16_12_56_25_860.jpg,C:\Users\acer\Documents\GitHub\temporal-xai-driving\examples\IMG\right_2026_05_16_12_56_25_860.jpg,0.7500002,0.4,0,29.87254
C:\Users\acer\Documents\GitHub\temporal-xai-driving\examples\IMG\center_2026_05_16_12_56_25_946.jpg,C:\Users\acer\Documents\GitHub\temporal-xai-driving\examples\IMG\left_2026_05_16_12_56_25_946.jpg,C:\Users\acer\Documents\GitHub\temporal-xai-driving\examples\IMG\right_2026_05_16_12_56_25_946.jpg,0.9500002,0.4,0,29.6844
C:\Users\acer\Documents\GitHub\temporal-xai-driving\examples\IMG\center_2026_05_16_12_56_26_022.jpg,C:\Users\acer\Documents\GitHub\temporal-xai-driving\examples\IMG\left_2026_05_16_12_56_26_022.jpg,C:\Users\acer\Documents\GitHub\temporal-xai-driving\examples\IMG\right_2026_05_16_12_56_26_022.jpg,1,0.4,0,29.47977
C:\Users\acer\Documents\GitHub\temporal-xai-driving\examples\IMG\center_2026_05_16_12_56_26_103.jpg,C:\Users\acer\Documents\GitHub\temporal-xai-driving\examples\IMG\left_2026_05_16_12_56_26_103.jpg,C:\Users\acer\Documents\GitHub\temporal-xai-driving\examples\IMG\right_2026_05_16_12_56_26_103.jpg,1,0.4,0,29.3662
C:\Users\acer\Documents\GitHub\temporal-xai-driving\examples\IMG\center_2026_05_16_12_56_26_202.jpg,C:\Users\acer\Documents\GitHub\temporal-xai-driving\examples\IMG\left_2026_05_16_12_56_26_202.jpg,C:\Users\acer\Documents\GitHub\temporal-xai-driving\examples\IMG\right_2026_05_16_12_56_26_202.jpg,0,0.4,0,29.35134
C:\Users\acer\Documents\GitHub\temporal-xai-driving\examples\IMG\center_2026_05_16_12_56_26_272.jpg,C:\Users\acer\Documents\GitHub\temporal-xai-driving\examples\IMG\left_2026_05_16_12_56_26_272.jpg,C:\Users\acer\Documents\GitHub\temporal-xai-driving\examples\IMG\right_2026_05_16_12_56_26_272.jpg,0,0.4,0,29.40358
C:\Users\acer\Documents\GitHub\temporal-xai-driving\examples\IMG\center_2026_05_16_12_56_26_346.jpg,C:\Users\acer\Documents\GitHub\temporal-xai-driving\examples\IMG\left_2026_05_16_12_56_26_346.jpg,C:\Users\acer\Documents\GitHub\temporal-xai-driving\examples\IMG\right_2026_05_16_12_56_26_346.jpg,0,0.4,0,29.49516
C:\Users\acer\Documents\GitHub\temporal-xai-driving\examples\IMG\center_2026_05_16_12_56_26_414.jpg,C:\Users\acer\Documents\GitHub\temporal-xai-driving\examples\IMG\left_2026_05_16_12_56_26_414.jpg,C:\Users\acer\Documents\GitHub\temporal-xai-driving\examples\IMG\right_2026_05_16_12_56_26_414.jpg,0,0.4,0,29.59459
C:\Users\acer\Documents\GitHub\temporal-xai-driving\examples\IMG\center_2026_05_16_12_56_26_482.jpg,C:\Users\acer\Documents\GitHub\temporal-xai-driving\examples\IMG\left_2026_05_16_12_56_26_482.jpg,C:\Users\acer\Documents\GitHub\temporal-xai-driving\examples\IMG\right_2026_05_16_12_56_26_482.jpg,0,0.4,0,29.74435
C:\Users\acer\Documents\GitHub\temporal-xai-driving\examples\IMG\center_2026_05_16_12_56_26_583.jpg,C:\Users\acer\Documents\GitHub\temporal-xai-driving\examples\IMG\left_2026_05_16_12_56_26_583.jpg,C:\Users\acer\Documents\GitHub\temporal-xai-driving\examples\IMG\right_2026_05_16_12_56_26_583.jpg,-0.2,0.4,0,29.90225
C:\Users\acer\Documents\GitHub\temporal-xai-driving\examples\IMG\center_2026_05_16_12_56_26_684.jpg,C:\Users\acer\Documents\GitHub\temporal-xai-driving\examples\IMG\left_2026_05_16_12_56_26_684.jpg,C:\Users\acer\Documents\GitHub\temporal-xai-driving\examples\IMG\right_2026_05_16_12_56_26_684.jpg,0,0.4,0,30.01053
C:\Users\acer\Documents\GitHub\temporal-xai-driving\examples\IMG\center_2026_05_16_12_56_26_783.jpg,C:\Users\acer\Documents\GitHub\temporal-xai-driving\examples\IMG\left_2026_05_16_12_56_26_783.jpg,C:\Users\acer\Documents\GitHub\temporal-xai-driving\examples\IMG\right_2026_05_16_12_56_26_783.jpg,0,0.4,0,30.03683
C:\Users\acer\Documents\GitHub\temporal-xai-driving\examples\IMG\center_2026_05_16_12_56_26_851.jpg,C:\Users\acer\Documents\GitHub\temporal-xai-driving\examples\IMG\left_2026_05_16_12_56_26_851.jpg,C:\Users\acer\Documents\GitHub\temporal-xai-driving\examples\IMG\right_2026_05_16_12_56_26_851.jpg,0,0.4,0,30.0375
C:\Users\acer\Documents\GitHub\temporal-xai-driving\examples\IMG\center_2026_05_16_12_56_26_950.jpg,C:\Users\acer\Documents\GitHub\temporal-xai-driving\examples\IMG\left_2026_05_16_12_56_26_950.jpg,C:\Users\acer\Documents\GitHub\temporal-xai-driving\examples\IMG\right_2026_05_16_12_56_26_950.jpg,0,0.4,0,30.03794
C:\Users\acer\Documents\GitHub\temporal-xai-driving\examples\IMG\center_2026_05_16_12_56_27_049.jpg,C:\Users\acer\Documents\GitHub\temporal-xai-driving\examples\IMG\left_2026_05_16_12_56_27_049.jpg,C:\Users\acer\Documents\GitHub\temporal-xai-driving\examples\IMG\right_2026_05_16_12_56_27_049.jpg,0,0.4,0,30.03718
C:\Users\acer\Documents\GitHub\temporal-xai-driving\examples\IMG\center_2026_05_16_12_56_27_117.jpg,C:\Users\acer\Documents\GitHub\temporal-xai-driving\examples\IMG\left_2026_05_16_12_56_27_117.jpg,C:\Users\acer\Documents\GitHub\temporal-xai-driving\examples\IMG\right_2026_05_16_12_56_27_117.jpg,0,0.4,0,30.03736
C:\Users\acer\Documents\GitHub\temporal-xai-driving\examples\IMG\center_2026_05_16_12_56_27_185.jpg,C:\Users\acer\Documents\GitHub\temporal-xai-driving\examples\IMG\left_2026_05_16_12_56_27_185.jpg,C:\Users\acer\Documents\GitHub\temporal-xai-driving\examples\IMG\right_2026_05_16_12_56_27_185.jpg,-0.1,0.4,0,30.03494
C:\Users\acer\Documents\GitHub\temporal-xai-driving\examples\IMG\center_2026_05_16_12_56_27_252.jpg,C:\Users\acer\Documents\GitHub\temporal-xai-driving\examples\IMG\left_2026_05_16_12_56_27_252.jpg,C:\Users\acer\Documents\GitHub\temporal-xai-driving\examples\IMG\right_2026_05_16_12_56_27_252.jpg,-0.25,0.4,0,30.02317
C:\Users\acer\Documents\GitHub\temporal-xai-driving\examples\IMG\center_2026_05_16_12_56_27_322.jpg,C:\Users\acer\Documents\GitHub\temporal-xai-driving\examples\IMG\left_2026_05_16_12_56_27_322.jpg,C:\Users\acer\Documents\GitHub\temporal-xai-driving\examples\IMG\right_2026_05_16_12_56_27_322.jpg,0,0.4,0,30.03797
C:\Users\acer\Documents\GitHub\temporal-xai-driving\examples\IMG\center_2026_05_16_12_56_27_388.jpg,C:\Users\acer\Documents\GitHub\temporal-xai-driving\examples\IMG\left_2026_05_16_12_56_27_388.jpg,C:\Users\acer\Documents\GitHub\temporal-xai-driving\examples\IMG\right_2026_05_16_12_56_27_388.jpg,0,0.4,0,30.03667
C:\Users\acer\Documents\GitHub\temporal-xai-driving\examples\IMG\center_2026_05_16_12_56_27_458.jpg,C:\Users\acer\Documents\GitHub\temporal-xai-driving\examples\IMG\left_2026_05_16_12_56_27_458.jpg,C:\Users\acer\Documents\GitHub\temporal-xai-driving\examples\IMG\right_2026_05_16_12_56_27_458.jpg,0,0.4,0,30.03747
C:\Users\acer\Documents\GitHub\temporal-xai-driving\examples\IMG\center_2026_05_16_12_56_27_529.jpg,C:\Users\acer\Documents\GitHub\temporal-xai-driving\examples\IMG\left_2026_05_16_12_56_27_529.jpg,C:\Users\acer\Documents\GitHub\temporal-xai-driving\examples\IMG\right_2026_05_16_12_56_27_529.jpg,0,0.4,0,30.03784
C:\Users\acer\Documents\GitHub\temporal-xai-driving\examples\IMG\center_2026_05_16_12_56_27_598.jpg,C:\Users\acer\Documents\GitHub\temporal-xai-driving\examples\IMG\left_2026_05_16_12_56_27_598.jpg,C:\Users\acer\Documents\GitHub\temporal-xai-driving\examples\IMG\right_2026_05_16_12_56_27_598.jpg,0,0.4,0,30.03795
C:\Users\acer\Documents\GitHub\temporal-xai-driving\examples\IMG\center_2026_05_16_12_56_27_669.jpg,C:\Users\acer\Documents\GitHub\temporal-xai-driving\examples\IMG\left_2026_05_16_12_56_27_669.jpg,C:\Users\acer\Documents\GitHub\temporal-xai-driving\examples\IMG\right_2026_05_16_12_56_27_669.jpg,0,0.4,0,30.03806
C:\Users\acer\Documents\GitHub\temporal-xai-driving\examples\IMG\center_2026_05_16_12_56_27_736.jpg,C:\Users\acer\Documents\GitHub\temporal-xai-driving\examples\IMG\left_2026_05_16_12_56_27_736.jpg,C:\Users\acer\Documents\GitHub\temporal-xai-driving\examples\IMG\right_2026_05_16_12_56_27_736.jpg,0,0.4,0,30.0378
C:\Users\acer\Documents\GitHub\temporal-xai-driving\examples\IMG\center_2026_05_16_12_56_27_814.jpg,C:\Users\acer\Documents\GitHub\temporal-xai-driving\examples\IMG\left_2026_05_16_12_56_27_814.jpg,C:\Users\acer\Documents\GitHub\temporal-xai-driving\examples\IMG\right_2026_05_16_12_56_27_814.jpg,-0.05,0.4,0,30.03741
C:\Users\acer\Documents\GitHub\temporal-xai-driving\examples\IMG\center_2026_05_16_12_56_27_928.jpg,C:\Users\acer\Documents\GitHub\temporal-xai-driving\examples\IMG\left_2026_05_16_12_56_27_928.jpg,C:\Users\acer\Documents\GitHub\temporal-xai-driving\examples\IMG\right_2026_05_16_12_56_27_928.jpg,0,0.4,0,30.03814
C:\Users\acer\Documents\GitHub\temporal-xai-driving\examples\IMG\center_2026_05_16_12_56_27_995.jpg,C:\Users\acer\Documents\GitHub\temporal-xai-driving\examples\IMG\left_2026_05_16_12_56_27_995.jpg,C:\Users\acer\Documents\GitHub\temporal-xai-driving\examples\IMG\right_2026_05_16_12_56_27_995.jpg,0,0.4,0,30.03866
C:\Users\acer\Documents\GitHub\temporal-xai-driving\examples\IMG\center_2026_05_16_12_56_28_070.jpg,C:\Users\acer\Documents\GitHub\temporal-xai-driving\examples\IMG\left_2026_05_16_12_56_28_070.jpg,C:\Users\acer\Documents\GitHub\temporal-xai-driving\examples\IMG\right_2026_05_16_12_56_28_070.jpg,0,0.4,0,30.04046
C:\Users\acer\Documents\GitHub\temporal-xai-driving\examples\IMG\center_2026_05_16_12_56_28_166.jpg,C:\Users\acer\Documents\GitHub\temporal-xai-driving\examples\IMG\left_2026_05_16_12_56_28_166.jpg,C:\Users\acer\Documents\GitHub\temporal-xai-driving\examples\IMG\right_2026_05_16_12_56_28_166.jpg,0.1,0.4,0,30.03584
C:\Users\acer\Documents\GitHub\temporal-xai-driving\examples\IMG\center_2026_05_16_12_56_28_235.jpg,C:\Users\acer\Documents\GitHub\temporal-xai-driving\examples\IMG\left_2026_05_16_12_56_28_235.jpg,C:\Users\acer\Documents\GitHub\temporal-xai-driving\examples\IMG\right_2026_05_16_12_56_28_235.jpg,0.25,0.4,0,30.0234
C:\Users\acer\Documents\GitHub\temporal-xai-driving\examples\IMG\center_2026_05_16_12_56_28_307.jpg,C:\Users\acer\Documents\GitHub\temporal-xai-driving\examples\IMG\left_2026_05_16_12_56_28_307.jpg,C:\Users\acer\Documents\GitHub\temporal-xai-driving\examples\IMG\right_2026_05_16_12_56_28_307.jpg,0.45,0.4,0,29.99873
C:\Users\acer\Documents\GitHub\temporal-xai-driving\examples\IMG\center_2026_05_16_12_56_28_378.jpg,C:\Users\acer\Documents\GitHub\temporal-xai-driving\examples\IMG\left_2026_05_16_12_56_28_378.jpg,C:\Users\acer\Documents\GitHub\temporal-xai-driving\examples\IMG\right_2026_05_16_12_56_28_378.jpg,0,0.4,0,30.00196
C:\Users\acer\Documents\GitHub\temporal-xai-driving\examples\IMG\center_2026_05_16_12_56_28_450.jpg,C:\Users\acer\Documents\GitHub\temporal-xai-driving\examples\IMG\left_2026_05_16_12_56_28_450.jpg,C:\Users\acer\Documents\GitHub\temporal-xai-driving\examples\IMG\right_2026_05_16_12_56_28_450.jpg,0,0.4,0,30.03601
C:\Users\acer\Documents\GitHub\temporal-xai-driving\examples\IMG\center_2026_05_16_12_56_28_521.jpg,C:\Users\acer\Documents\GitHub\temporal-xai-driving\examples\IMG\left_2026_05_16_12_56_28_521.jpg,C:\Users\acer\Documents\GitHub\temporal-xai-driving\examples\IMG\right_2026_05_16_12_56_28_521.jpg,0,0.4,0,30.03808
C:\Users\acer\Documents\GitHub\temporal-xai-driving\examples\IMG\center_2026_05_16_12_56_28_592.jpg,C:\Users\acer\Documents\GitHub\temporal-xai-driving\examples\IMG\left_2026_05_16_12_56_28_592.jpg,C:\Users\acer\Documents\GitHub\temporal-xai-driving\examples\IMG\right_2026_05_16_12_56_28_592.jpg,0,0.4,0,30.03865
C:\Users\acer\Documents\GitHub\temporal-xai-driving\examples\IMG\center_2026_05_16_12_56_28_665.jpg,C:\Users\acer\Documents\GitHub\temporal-xai-driving\examples\IMG\left_2026_05_16_12_56_28_665.jpg,C:\Users\acer\Documents\GitHub\temporal-xai-driving\examples\IMG\right_2026_05_16_12_56_28_665.jpg,0,0.4,0,30.03863
C:\Users\acer\Documents\GitHub\temporal-xai-driving\examples\IMG\center_2026_05_16_12_56_28_734.jpg,C:\Users\acer\Documents\GitHub\temporal-xai-driving\examples\IMG\left_2026_05_16_12_56_28_734.jpg,C:\Users\acer\Documents\GitHub\temporal-xai-driving\examples\IMG\right_2026_05_16_12_56_28_734.jpg,0,0.4,0,30.03799
C:\Users\acer\Documents\GitHub\temporal-xai-driving\examples\IMG\center_2026_05_16_12_56_28_805.jpg,C:\Users\acer\Documents\GitHub\temporal-xai-driving\examples\IMG\left_2026_05_16_12_56_28_805.jpg,C:\Users\acer\Documents\GitHub\temporal-xai-driving\examples\IMG\right_2026_05_16_12_56_28_805.jpg,0,0.4,0,30.03895
C:\Users\acer\Documents\GitHub\temporal-xai-driving\examples\IMG\center_2026_05_16_12_56_28_878.jpg,C:\Users\acer\Documents\GitHub\temporal-xai-driving\examples\IMG\left_2026_05_16_12_56_28_878.jpg,C:\Users\acer\Documents\GitHub\temporal-xai-driving\examples\IMG\right_2026_05_16_12_56_28_878.jpg,0,0.4,0,30.03883
C:\Users\acer\Documents\GitHub\temporal-xai-driving\examples\IMG\center_2026_05_16_12_56_28_949.jpg,C:\Users\acer\Documents\GitHub\temporal-xai-driving\examples\IMG\left_2026_05_16_12_56_28_949.jpg,C:\Users\acer\Documents\GitHub\temporal-xai-driving\examples\IMG\right_2026_05_16_12_56_28_949.jpg,0,0.4,0,30.0388
C:\Users\acer\Documents\GitHub\temporal-xai-driving\examples\IMG\center_2026_05_16_12_56_29_022.jpg,C:\Users\acer\Documents\GitHub\temporal-xai-driving\examples\IMG\left_2026_05_16_12_56_29_022.jpg,C:\Users\acer\Documents\GitHub\temporal-xai-driving\examples\IMG\right_2026_05_16_12_56_29_022.jpg,0.1,0.4,0,30.03602
C:\Users\acer\Documents\GitHub\temporal-xai-driving\examples\IMG\center_2026_05_16_12_56_29_094.jpg,C:\Users\acer\Documents\GitHub\temporal-xai-driving\examples\IMG\left_2026_05_16_12_56_29_094.jpg,C:\Users\acer\Documents\GitHub\temporal-xai-driving\examples\IMG\right_2026_05_16_12_56_29_094.jpg,0.25,0.4,0,30.0229
C:\Users\acer\Documents\GitHub\temporal-xai-driving\examples\IMG\center_2026_05_16_12_56_29_166.jpg,C:\Users\acer\Documents\GitHub\temporal-xai-driving\examples\IMG\left_2026_05_16_12_56_29_166.jpg,C:\Users\acer\Documents\GitHub\temporal-xai-driving\examples\IMG\right_2026_05_16_12_56_29_166.jpg,0.45,0.4,0,29.99927
C:\Users\acer\Documents\GitHub\temporal-xai-driving\examples\IMG\center_2026_05_16_12_56_29_240.jpg,C:\Users\acer\Documents\GitHub\temporal-xai-driving\examples\IMG\left_2026_05_16_12_56_29_240.jpg,C:\Users\acer\Documents\GitHub\temporal-xai-driving\examples\IMG\right_2026_05_16_12_56_29_240.jpg,0,0.4,0,30.03155
C:\Users\acer\Documents\GitHub\temporal-xai-driving\examples\IMG\center_2026_05_16_12_56_29_311.jpg,C:\Users\acer\Documents\GitHub\temporal-xai-driving\examples\IMG\left_2026_05_16_12_56_29_311.jpg,C:\Users\acer\Documents\GitHub\temporal-xai-driving\examples\IMG\right_2026_05_16_12_56_29_311.jpg,0,0.4,0,30.03647
C:\Users\acer\Documents\GitHub\temporal-xai-driving\examples\IMG\center_2026_05_16_12_56_29_385.jpg,C:\Users\acer\Documents\GitHub\temporal-xai-driving\examples\IMG\left_2026_05_16_12_56_29_385.jpg,C:\Users\acer\Documents\GitHub\temporal-xai-driving\examples\IMG\right_2026_05_16_12_56_29_385.jpg,0,0.4,0,30.03823
C:\Users\acer\Documents\GitHub\temporal-xai-driving\examples\IMG\center_2026_05_16_12_56_29_456.jpg,C:\Users\acer\Documents\GitHub\temporal-xai-driving\examples\IMG\left_2026_05_16_12_56_29_456.jpg,C:\Users\acer\Documents\GitHub\temporal-xai-driving\examples\IMG\right_2026_05_16_12_56_29_456.jpg,0,0.4,0,30.03856
C:\Users\acer\Documents\GitHub\temporal-xai-driving\examples\IMG\center_2026_05_16_12_56_29_525.jpg,C:\Users\acer\Documents\GitHub\temporal-xai-driving\examples\IMG\left_2026_05_16_12_56_29_525.jpg,C:\Users\acer\Documents\GitHub\temporal-xai-driving\examples\IMG\right_2026_05_16_12_56_29_525.jpg,0,0.4,0,30.03896
C:\Users\acer\Documents\GitHub\temporal-xai-driving\examples\IMG\center_2026_05_16_12_56_29_598.jpg,C:\Users\acer\Documents\GitHub\temporal-xai-driving\examples\IMG\left_2026_05_16_12_56_29_598.jpg,C:\Users\acer\Documents\GitHub\temporal-xai-driving\examples\IMG\right_2026_05_16_12_56_29_598.jpg,0.15,0.4,0,30.03326
C:\Users\acer\Documents\GitHub\temporal-xai-driving\examples\IMG\center_2026_05_16_12_56_29_668.jpg,C:\Users\acer\Documents\GitHub\temporal-xai-driving\examples\IMG\left_2026_05_16_12_56_29_668.jpg,C:\Users\acer\Documents\GitHub\temporal-xai-driving\examples\IMG\right_2026_05_16_12_56_29_668.jpg,0.35,0.4,0,30.01255
C:\Users\acer\Documents\GitHub\temporal-xai-driving\examples\IMG\center_2026_05_16_12_56_29_746.jpg,C:\Users\acer\Documents\GitHub\temporal-xai-driving\examples\IMG\left_2026_05_16_12_56_29_746.jpg,C:\Users\acer\Documents\GitHub\temporal-xai-driving\examples\IMG\right_2026_05_16_12_56_29_746.jpg,0,0.4,0,30.03677
C:\Users\acer\Documents\GitHub\temporal-xai-driving\examples\IMG\center_2026_05_16_12_56_29_856.jpg,C:\Users\acer\Documents\GitHub\temporal-xai-driving\examples\IMG\left_2026_05_16_12_56_29_856.jpg,C:\Users\acer\Documents\GitHub\temporal-xai-driving\examples\IMG\right_2026_05_16_12_56_29_856.jpg,0,0.4,0,30.03773
C:\Users\acer\Documents\GitHub\temporal-xai-driving\examples\IMG\center_2026_05_16_12_56_29_962.jpg,C:\Users\acer\Documents\GitHub\temporal-xai-driving\examples\IMG\left_2026_05_16_12_56_29_962.jpg,C:\Users\acer\Documents\GitHub\temporal-xai-driving\examples\IMG\right_2026_05_16_12_56_29_962.jpg,0,0.4,0,30.03835
C:\Users\acer\Documents\GitHub\temporal-xai-driving\examples\IMG\center_2026_05_16_12_56_30_059.jpg,C:\Users\acer\Documents\GitHub\temporal-xai-driving\examples\IMG\left_2026_05_16_12_56_30_059.jpg,C:\Users\acer\Documents\GitHub\temporal-xai-driving\examples\IMG\right_2026_05_16_12_56_30_059.jpg,0.15,0.4,0,30.03345
C:\Users\acer\Documents\GitHub\temporal-xai-driving\examples\IMG\center_2026_05_16_12_56_30_149.jpg,C:\Users\acer\Documents\GitHub\temporal-xai-driving\examples\IMG\left_2026_05_16_12_56_30_149.jpg,C:\Users\acer\Documents\GitHub\temporal-xai-driving\examples\IMG\right_2026_05_16_12_56_30_149.jpg,0.4,0.4,0,30.00665
C:\Users\acer\Documents\GitHub\temporal-xai-driving\examples\IMG\center_2026_05_16_12_56_30_217.jpg,C:\Users\acer\Documents\GitHub\temporal-xai-driving\examples\IMG\left_2026_05_16_12_56_30_217.jpg,C:\Users\acer\Documents\GitHub\temporal-xai-driving\examples\IMG\right_2026_05_16_12_56_30_217.jpg,0.5500001,0.4,0,29.98279
C:\Users\acer\Documents\GitHub\temporal-xai-driving\examples\IMG\center_2026_05_16_12_56_30_285.jpg,C:\Users\acer\Documents\GitHub\temporal-xai-driving\examples\IMG\left_2026_05_16_12_56_30_285.jpg,C:\Users\acer\Documents\GitHub\temporal-xai-driving\examples\IMG\right_2026_05_16_12_56_30_285.jpg,0,0.4,0,30.03482
C:\Users\acer\Documents\GitHub\temporal-xai-driving\examples\IMG\center_2026_05_16_12_56_30_382.jpg,C:\Users\acer\Documents\GitHub\temporal-xai-driving\examples\IMG\left_2026_05_16_12_56_30_382.jpg,C:\Users\acer\Documents\GitHub\temporal-xai-driving\examples\IMG\right_2026_05_16_12_56_30_382.jpg,0,0.4,0,30.03791
C:\Users\acer\Documents\GitHub\temporal-xai-driving\examples\IMG\center_2026_05_16_12_56_30_480.jpg,C:\Users\acer\Documents\GitHub\temporal-xai-driving\examples\IMG\left_2026_05_16_12_56_30_480.jpg,C:\Users\acer\Documents\GitHub\temporal-xai-driving\examples\IMG\right_2026_05_16_12_56_30_480.jpg,0,0.4,0,30.0383
C:\Users\acer\Documents\GitHub\temporal-xai-driving\examples\IMG\center_2026_05_16_12_56_30_579.jpg,C:\Users\acer\Documents\GitHub\temporal-xai-driving\examples\IMG\left_2026_05_16_12_56_30_579.jpg,C:\Users\acer\Documents\GitHub\temporal-xai-driving\examples\IMG\right_2026_05_16_12_56_30_579.jpg,0,0.4,0,30.03838
C:\Users\acer\Documents\GitHub\temporal-xai-driving\examples\IMG\center_2026_05_16_12_56_30_675.jpg,C:\Users\acer\Documents\GitHub\temporal-xai-driving\examples\IMG\left_2026_05_16_12_56_30_675.jpg,C:\Users\acer\Documents\GitHub\temporal-xai-driving\examples\IMG\right_2026_05_16_12_56_30_675.jpg,0,0.4,0,30.03839
C:\Users\acer\Documents\GitHub\temporal-xai-driving\examples\IMG\center_2026_05_16_12_56_30_772.jpg,C:\Users\acer\Documents\GitHub\temporal-xai-driving\examples\IMG\left_2026_05_16_12_56_30_772.jpg,C:\Users\acer\Documents\GitHub\temporal-xai-driving\examples\IMG\right_2026_05_16_12_56_30_772.jpg,0,0.4,0,30.03839
C:\Users\acer\Documents\GitHub\temporal-xai-driving\examples\IMG\center_2026_05_16_12_56_30_869.jpg,C:\Users\acer\Documents\GitHub\temporal-xai-driving\examples\IMG\left_2026_05_16_12_56_30_869.jpg,C:\Users\acer\Documents\GitHub\temporal-xai-driving\examples\IMG\right_2026_05_16_12_56_30_869.jpg,0.1,0.4,0,30.03577
C:\Users\acer\Documents\GitHub\temporal-xai-driving\examples\IMG\center_2026_05_16_12_56_30_965.jpg,C:\Users\acer\Documents\GitHub\temporal-xai-driving\examples\IMG\left_2026_05_16_12_56_30_965.jpg,C:\Users\acer\Documents\GitHub\temporal-xai-driving\examples\IMG\right_2026_05_16_12_56_30_965.jpg,0.35,0.4,0,30.01156
C:\Users\acer\Documents\GitHub\temporal-xai-driving\examples\IMG\center_2026_05_16_12_56_31_037.jpg,C:\Users\acer\Documents\GitHub\temporal-xai-driving\examples\IMG\left_2026_05_16_12_56_31_037.jpg,C:\Users\acer\Documents\GitHub\temporal-xai-driving\examples\IMG\right_2026_05_16_12_56_31_037.jpg,0.5000001,0.4,0,29.99308
C:\Users\acer\Documents\GitHub\temporal-xai-driving\examples\IMG\center_2026_05_16_12_56_31_125.jpg,C:\Users\acer\Documents\GitHub\temporal-xai-driving\examples\IMG\left_2026_05_16_12_56_31_125.jpg,C:\Users\acer\Documents\GitHub\temporal-xai-driving\examples\IMG\right_2026_05_16_12_56_31_125.jpg,0,0.4,0,30.03067
C:\Users\acer\Documents\GitHub\temporal-xai-driving\examples\IMG\center_2026_05_16_12_56_31_216.jpg,C:\Users\acer\Documents\GitHub\temporal-xai-driving\examples\IMG\left_2026_05_16_12_56_31_216.jpg,C:\Users\acer\Documents\GitHub\temporal-xai-driving\examples\IMG\right_2026_05_16_12_56_31_216.jpg,0,0.4,0,30.03692
C:\Users\acer\Documents\GitHub\temporal-xai-driving\examples\IMG\center_2026_05_16_12_56_31_308.jpg,C:\Users\acer\Documents\GitHub\temporal-xai-driving\examples\IMG\left_2026_05_16_12_56_31_308.jpg,C:\Users\acer\Documents\GitHub\temporal-xai-driving\examples\IMG\right_2026_05_16_12_56_31_308.jpg,0,0.4,0,30.03819
C:\Users\acer\Documents\GitHub\temporal-xai-driving\examples\IMG\center_2026_05_16_12_56_31_400.jpg,C:\Users\acer\Documents\GitHub\temporal-xai-driving\examples\IMG\left_2026_05_16_12_56_31_400.jpg,C:\Users\acer\Documents\GitHub\temporal-xai-driving\examples\IMG\right_2026_05_16_12_56_31_400.jpg,0,0.4,0,30.03837
C:\Users\acer\Documents\GitHub\temporal-xai-driving\examples\IMG\center_2026_05_16_12_56_31_490.jpg,C:\Users\acer\Documents\GitHub\temporal-xai-driving\examples\IMG\left_2026_05_16_12_56_31_490.jpg,C:\Users\acer\Documents\GitHub\temporal-xai-driving\examples\IMG\right_2026_05_16_12_56_31_490.jpg,0,0.4,0,30.03839
C:\Users\acer\Documents\GitHub\temporal-xai-driving\examples\IMG\center_2026_05_16_12_56_31_581.jpg,C:\Users\acer\Documents\GitHub\temporal-xai-driving\examples\IMG\left_2026_05_16_12_56_31_581.jpg,C:\Users\acer\Documents\GitHub\temporal-xai-driving\examples\IMG\right_2026_05_16_12_56_31_581.jpg,0.1,0.4,0,30.03596
C:\Users\acer\Documents\GitHub\temporal-xai-driving\examples\IMG\center_2026_05_16_12_56_31_671.jpg,C:\Users\acer\Documents\GitHub\temporal-xai-driving\examples\IMG\left_2026_05_16_12_56_31_671.jpg,C:\Users\acer\Documents\GitHub\temporal-xai-driving\examples\IMG\right_2026_05_16_12_56_31_671.jpg,0.3,0.4,0,30.01765
C:\Users\acer\Documents\GitHub\temporal-xai-driving\examples\IMG\center_2026_05_16_12_56_31_763.jpg,C:\Users\acer\Documents\GitHub\temporal-xai-driving\examples\IMG\left_2026_05_16_12_56_31_763.jpg,C:\Users\acer\Documents\GitHub\temporal-xai-driving\examples\IMG\right_2026_05_16_12_56_31_763.jpg,0,0.4,0,30.03781
C:\Users\acer\Documents\GitHub\temporal-xai-driving\examples\IMG\center_2026_05_16_12_56_31_832.jpg,C:\Users\acer\Documents\GitHub\temporal-xai-driving\examples\IMG\left_2026_05_16_12_56_31_832.jpg,C:\Users\acer\Documents\GitHub\temporal-xai-driving\examples\IMG\right_2026_05_16_12_56_31_832.jpg,0,0.4,0,30.03839
C:\Users\acer\Documents\GitHub\temporal-xai-driving\examples\IMG\center_2026_05_16_12_56_31_923.jpg,C:\Users\acer\Documents\GitHub\temporal-xai-driving\examples\IMG\left_2026_05_16_12_56_31_923.jpg,C:\Users\acer\Documents\GitHub\temporal-xai-driving\examples\IMG\right_2026_05_16_12_56_31_923.jpg,0,0.4,0,30.03835
C:\Users\acer\Documents\GitHub\temporal-xai-driving\examples\IMG\center_2026_05_16_12_56_32_008.jpg,C:\Users\acer\Documents\GitHub\temporal-xai-driving\examples\IMG\left_2026_05_16_12_56_32_008.jpg,C:\Users\acer\Documents\GitHub\temporal-xai-driving\examples\IMG\right_2026_05_16_12_56_32_008.jpg,0,0.4,0,30.03847
C:\Users\acer\Documents\GitHub\temporal-xai-driving\examples\IMG\center_2026_05_16_12_56_32_096.jpg,C:\Users\acer\Documents\GitHub\temporal-xai-driving\examples\IMG\left_2026_05_16_12_56_32_096.jpg,C:\Users\acer\Documents\GitHub\temporal-xai-driving\examples\IMG\right_2026_05_16_12_56_32_096.jpg,0,0.4,0,30.0384
C:\Users\acer\Documents\GitHub\temporal-xai-driving\examples\IMG\center_2026_05_16_12_56_32_188.jpg,C:\Users\acer\Documents\GitHub\temporal-xai-driving\examples\IMG\left_2026_05_16_12_56_32_188.jpg,C:\Users\acer\Documents\GitHub\temporal-xai-driving\examples\IMG\right_2026_05_16_12_56_32_188.jpg,0,0.4,0,30.03838
C:\Users\acer\Documents\GitHub\temporal-xai-driving\examples\IMG\center_2026_05_16_12_56_32_278.jpg,C:\Users\acer\Documents\GitHub\temporal-xai-driving\examples\IMG\left_2026_05_16_12_56_32_278.jpg,C:\Users\acer\Documents\GitHub\temporal-xai-driving\examples\IMG\right_2026_05_16_12_56_32_278.jpg,0,0.4,0,30.03838
C:\Users\acer\Documents\GitHub\temporal-xai-driving\examples\IMG\center_2026_05_16_12_56_32_368.jpg,C:\Users\acer\Documents\GitHub\temporal-xai-driving\examples\IMG\left_2026_05_16_12_56_32_368.jpg,C:\Users\acer\Documents\GitHub\temporal-xai-driving\examples\IMG\right_2026_05_16_12_56_32_368.jpg,0,0.4,0,30.03839
C:\Users\acer\Documents\GitHub\temporal-xai-driving\examples\IMG\center_2026_05_16_12_56_32_458.jpg,C:\Users\acer\Documents\GitHub\temporal-xai-driving\examples\IMG\left_2026_05_16_12_56_32_458.jpg,C:\Users\acer\Documents\GitHub\temporal-xai-driving\examples\IMG\right_2026_05_16_12_56_32_458.jpg,0.05,0.4,0,30.03781
C:\Users\acer\Documents\GitHub\temporal-xai-driving\examples\IMG\center_2026_05_16_12_56_32_547.jpg,C:\Users\acer\Documents\GitHub\temporal-xai-driving\examples\IMG\left_2026_05_16_12_56_32_547.jpg,C:\Users\acer\Documents\GitHub\temporal-xai-driving\examples\IMG\right_2026_05_16_12_56_32_547.jpg,0.3,0.4,0,30.01742
C:\Users\acer\Documents\GitHub\temporal-xai-driving\examples\IMG\center_2026_05_16_12_56_32_636.jpg,C:\Users\acer\Documents\GitHub\temporal-xai-driving\examples\IMG\left_2026_05_16_12_56_32_636.jpg,C:\Users\acer\Documents\GitHub\temporal-xai-driving\examples\IMG\right_2026_05_16_12_56_32_636.jpg,0,0.4,0,30.03828
C:\Users\acer\Documents\GitHub\temporal-xai-driving\examples\IMG\center_2026_05_16_12_56_32_723.jpg,C:\Users\acer\Documents\GitHub\temporal-xai-driving\examples\IMG\left_2026_05_16_12_56_32_723.jpg,C:\Users\acer\Documents\GitHub\temporal-xai-driving\examples\IMG\right_2026_05_16_12_56_32_723.jpg,0,0.4,0,30.03828
C:\Users\acer\Documents\GitHub\temporal-xai-driving\examples\IMG\center_2026_05_16_12_56_32_811.jpg,C:\Users\acer\Documents\GitHub\temporal-xai-driving\examples\IMG\left_2026_05_16_12_56_32_811.jpg,C:\Users\acer\Documents\GitHub\temporal-xai-driving\examples\IMG\right_2026_05_16_12_56_32_811.jpg,0,0.4,0,30.03841
C:\Users\acer\Documents\GitHub\temporal-xai-driving\examples\IMG\center_2026_05_16_12_56_32_898.jpg,C:\Users\acer\Documents\GitHub\temporal-xai-driving\examples\IMG\left_2026_05_16_12_56_32_898.jpg,C:\Users\acer\Documents\GitHub\temporal-xai-driving\examples\IMG\right_2026_05_16_12_56_32_898.jpg,0,0.4,0,30.03837
C:\Users\acer\Documents\GitHub\temporal-xai-driving\examples\IMG\center_2026_05_16_12_56_32_984.jpg,C:\Users\acer\Documents\GitHub\temporal-xai-driving\examples\IMG\left_2026_05_16_12_56_32_984.jpg,C:\Users\acer\Documents\GitHub\temporal-xai-driving\examples\IMG\right_2026_05_16_12_56_32_984.jpg,0.15,0.4,0,30.03273
C:\Users\acer\Documents\GitHub\temporal-xai-driving\examples\IMG\center_2026_05_16_12_56_33_069.jpg,C:\Users\acer\Documents\GitHub\temporal-xai-driving\examples\IMG\left_2026_05_16_12_56_33_069.jpg,C:\Users\acer\Documents\GitHub\temporal-xai-driving\examples\IMG\right_2026_05_16_12_56_33_069.jpg,0.35,0.4,0,30.01196
C:\Users\acer\Documents\GitHub\temporal-xai-driving\examples\IMG\center_2026_05_16_12_56_33_154.jpg,C:\Users\acer\Documents\GitHub\temporal-xai-driving\examples\IMG\left_2026_05_16_12_56_33_154.jpg,C:\Users\acer\Documents\GitHub\temporal-xai-driving\examples\IMG\right_2026_05_16_12_56_33_154.jpg,0,0.4,0,30.03793
C:\Users\acer\Documents\GitHub\temporal-xai-driving\examples\IMG\center_2026_05_16_12_56_33_238.jpg,C:\Users\acer\Documents\GitHub\temporal-xai-driving\examples\IMG\left_2026_05_16_12_56_33_238.jpg,C:\Users\acer\Documents\GitHub\temporal-xai-driving\examples\IMG\right_2026_05_16_12_56_33_238.jpg,0,0.4,0,30.03817
C:\Users\acer\Documents\GitHub\temporal-xai-driving\examples\IMG\center_2026_05_16_12_56_33_324.jpg,C:\Users\acer\Documents\GitHub\temporal-xai-driving\examples\IMG\left_2026_05_16_12_56_33_324.jpg,C:\Users\acer\Documents\GitHub\temporal-xai-driving\examples\IMG\right_2026_05_16_12_56_33_324.jpg,0,0.4,0,30.03835
C:\Users\acer\Documents\GitHub\temporal-xai-driving\examples\IMG\center_2026_05_16_12_56_33_408.jpg,C:\Users\acer\Documents\GitHub\temporal-xai-driving\examples\IMG\left_2026_05_16_12_56_33_408.jpg,C:\Users\acer\Documents\GitHub\temporal-xai-driving\examples\IMG\right_2026_05_16_12_56_33_408.jpg,0,0.4,0,30.03836
C:\Users\acer\Documents\GitHub\temporal-xai-driving\examples\IMG\center_2026_05_16_12_56_33_495.jpg,C:\Users\acer\Documents\GitHub\temporal-xai-driving\examples\IMG\left_2026_05_16_12_56_33_495.jpg,C:\Users\acer\Documents\GitHub\temporal-xai-driving\examples\IMG\right_2026_05_16_12_56_33_495.jpg,0,0.4,0,30.03836
C:\Users\acer\Documents\GitHub\temporal-xai-driving\examples\IMG\center_2026_05_16_12_56_33_580.jpg,C:\Users\acer\Documents\GitHub\temporal-xai-driving\examples\IMG\left_2026_05_16_12_56_33_580.jpg,C:\Users\acer\Documents\GitHub\temporal-xai-driving\examples\IMG\right_2026_05_16_12_56_33_580.jpg,0,0.4,0,30.03839
C:\Users\acer\Documents\GitHub\temporal-xai-driving\examples\IMG\center_2026_05_16_12_56_33_648.jpg,C:\Users\acer\Documents\GitHub\temporal-xai-driving\examples\IMG\left_2026_05_16_12_56_33_648.jpg,C:\Users\acer\Documents\GitHub\temporal-xai-driving\examples\IMG\right_2026_05_16_12_56_33_648.jpg,0,0.4,0,30.03838
C:\Users\acer\Documents\GitHub\temporal-xai-driving\examples\IMG\center_2026_05_16_12_56_33_724.jpg,C:\Users\acer\Documents\GitHub\temporal-xai-driving\examples\IMG\left_2026_05_16_12_56_33_724.jpg,C:\Users\acer\Documents\GitHub\temporal-xai-driving\examples\IMG\right_2026_05_16_12_56_33_724.jpg,0,0.4,0,30.03839
C:\Users\acer\Documents\GitHub\temporal-xai-driving\examples\IMG\center_2026_05_16_12_56_33_805.jpg,C:\Users\acer\Documents\GitHub\temporal-xai-driving\examples\IMG\left_2026_05_16_12_56_33_805.jpg,C:\Users\acer\Documents\GitHub\temporal-xai-driving\examples\IMG\right_2026_05_16_12_56_33_805.jpg,0,0.4,0,30.03838
C:\Users\acer\Documents\GitHub\temporal-xai-driving\examples\IMG\center_2026_05_16_12_56_33_890.jpg,C:\Users\acer\Documents\GitHub\temporal-xai-driving\examples\IMG\left_2026_05_16_12_56_33_890.jpg,C:\Users\acer\Documents\GitHub\temporal-xai-driving\examples\IMG\right_2026_05_16_12_56_33_890.jpg,0,0.4,0,30.0384
C:\Users\acer\Documents\GitHub\temporal-xai-driving\examples\IMG\center_2026_05_16_12_56_33_975.jpg,C:\Users\acer\Documents\GitHub\temporal-xai-driving\examples\IMG\left_2026_05_16_12_56_33_975.jpg,C:\Users\acer\Documents\GitHub\temporal-xai-driving\examples\IMG\right_2026_05_16_12_56_33_975.jpg,0.15,0.4,0,30.03234
C:\Users\acer\Documents\GitHub\temporal-xai-driving\examples\IMG\center_2026_05_16_12_56_34_061.jpg,C:\Users\acer\Documents\GitHub\temporal-xai-driving\examples\IMG\left_2026_05_16_12_56_34_061.jpg,C:\Users\acer\Documents\GitHub\temporal-xai-driving\examples\IMG\right_2026_05_16_12_56_34_061.jpg,0.4,0.4,0,30.00575
C:\Users\acer\Documents\GitHub\temporal-xai-driving\examples\IMG\center_2026_05_16_12_56_34_146.jpg,C:\Users\acer\Documents\GitHub\temporal-xai-driving\examples\IMG\left_2026_05_16_12_56_34_146.jpg,C:\Users\acer\Documents\GitHub\temporal-xai-driving\examples\IMG\right_2026_05_16_12_56_34_146.jpg,0,0.4,0,30.03746
C:\Users\acer\Documents\GitHub\temporal-xai-driving\examples\IMG\center_2026_05_16_12_56_34_229.jpg,C:\Users\acer\Documents\GitHub\temporal-xai-driving\examples\IMG\left_2026_05_16_12_56_34_229.jpg,C:\Users\acer\Documents\GitHub\temporal-xai-driving\examples\IMG\right_2026_05_16_12_56_34_229.jpg,0,0.4,0,30.03806
C:\Users\acer\Documents\GitHub\temporal-xai-driving\examples\IMG\center_2026_05_16_12_56_34_310.jpg,C:\Users\acer\Documents\GitHub\temporal-xai-driving\examples\IMG\left_2026_05_16_12_56_34_310.jpg,C:\Users\acer\Documents\GitHub\temporal-xai-driving\examples\IMG\right_2026_05_16_12_56_34_310.jpg,0,0.4,0,30.03829
C:\Users\acer\Documents\GitHub\temporal-xai-driving\examples\IMG\center_2026_05_16_12_56_34_392.jpg,C:\Users\acer\Documents\GitHub\temporal-xai-driving\examples\IMG\left_2026_05_16_12_56_34_392.jpg,C:\Users\acer\Documents\GitHub\temporal-xai-driving\examples\IMG\right_2026_05_16_12_56_34_392.jpg,0,0.4,0,30.03836
C:\Users\acer\Documents\GitHub\temporal-xai-driving\examples\IMG\center_2026_05_16_12_56_34_473.jpg,C:\Users\acer\Documents\GitHub\temporal-xai-driving\examples\IMG\left_2026_05_16_12_56_34_473.jpg,C:\Users\acer\Documents\GitHub\temporal-xai-driving\examples\IMG\right_2026_05_16_12_56_34_473.jpg,0,0.4,0,30.03838
C:\Users\acer\Documents\GitHub\temporal-xai-driving\examples\IMG\center_2026_05_16_12_56_34_555.jpg,C:\Users\acer\Documents\GitHub\temporal-xai-driving\examples\IMG\left_2026_05_16_12_56_34_555.jpg,C:\Users\acer\Documents\GitHub\temporal-xai-driving\examples\IMG\right_2026_05_16_12_56_34_555.jpg,0,0.4,0,30.03836
C:\Users\acer\Documents\GitHub\temporal-xai-driving\examples\IMG\center_2026_05_16_12_56_34_638.jpg,C:\Users\acer\Documents\GitHub\temporal-xai-driving\examples\IMG\left_2026_05_16_12_56_34_638.jpg,C:\Users\acer\Documents\GitHub\temporal-xai-driving\examples\IMG\right_2026_05_16_12_56_34_638.jpg,0,0.4,0,30.03837
C:\Users\acer\Documents\GitHub\temporal-xai-driving\examples\IMG\center_2026_05_16_12_56_34_721.jpg,C:\Users\acer\Documents\GitHub\temporal-xai-driving\examples\IMG\left_2026_05_16_12_56_34_721.jpg,C:\Users\acer\Documents\GitHub\temporal-xai-driving\examples\IMG\right_2026_05_16_12_56_34_721.jpg,0,0.4,0,30.03838
C:\Users\acer\Documents\GitHub\temporal-xai-driving\examples\IMG\center_2026_05_16_12_56_34_806.jpg,C:\Users\acer\Documents\GitHub\temporal-xai-driving\examples\IMG\left_2026_05_16_12_56_34_806.jpg,C:\Users\acer\Documents\GitHub\temporal-xai-driving\examples\IMG\right_2026_05_16_12_56_34_806.jpg,0.1,0.4,0,30.03576
C:\Users\acer\Documents\GitHub\temporal-xai-driving\examples\IMG\center_2026_05_16_12_56_34_887.jpg,C:\Users\acer\Documents\GitHub\temporal-xai-driving\examples\IMG\left_2026_05_16_12_56_34_887.jpg,C:\Users\acer\Documents\GitHub\temporal-xai-driving\examples\IMG\right_2026_05_16_12_56_34_887.jpg,0.3,0.4,0,30.01741
C:\Users\acer\Documents\GitHub\temporal-xai-driving\examples\IMG\center_2026_05_16_12_56_34_968.jpg,C:\Users\acer\Documents\GitHub\temporal-xai-driving\examples\IMG\left_2026_05_16_12_56_34_968.jpg,C:\Users\acer\Documents\GitHub\temporal-xai-driving\examples\IMG\right_2026_05_16_12_56_34_968.jpg,0,0.4,0,30.03836
C:\Users\acer\Documents\GitHub\temporal-xai-driving\examples\IMG\center_2026_05_16_12_56_35_051.jpg,C:\Users\acer\Documents\GitHub\temporal-xai-driving\examples\IMG\left_2026_05_16_12_56_35_051.jpg,C:\Users\acer\Documents\GitHub\temporal-xai-driving\examples\IMG\right_2026_05_16_12_56_35_051.jpg,0,0.4,0,30.03827
C:\Users\acer\Documents\GitHub\temporal-xai-driving\examples\IMG\center_2026_05_16_12_56_35_132.jpg,C:\Users\acer\Documents\GitHub\temporal-xai-driving\examples\IMG\left_2026_05_16_12_56_35_132.jpg,C:\Users\acer\Documents\GitHub\temporal-xai-driving\examples\IMG\right_2026_05_16_12_56_35_132.jpg,0,0.4,0,30.03835
C:\Users\acer\Documents\GitHub\temporal-xai-driving\examples\IMG\center_2026_05_16_12_56_35_212.jpg,C:\Users\acer\Documents\GitHub\temporal-xai-driving\examples\IMG\left_2026_05_16_12_56_35_212.jpg,C:\Users\acer\Documents\GitHub\temporal-xai-driving\examples\IMG\right_2026_05_16_12_56_35_212.jpg,0,0.4,0,30.03836
C:\Users\acer\Documents\GitHub\temporal-xai-driving\examples\IMG\center_2026_05_16_12_56_35_293.jpg,C:\Users\acer\Documents\GitHub\temporal-xai-driving\examples\IMG\left_2026_05_16_12_56_35_293.jpg,C:\Users\acer\Documents\GitHub\temporal-xai-driving\examples\IMG\right_2026_05_16_12_56_35_293.jpg,0,0.4,0,30.03838
C:\Users\acer\Documents\GitHub\temporal-xai-driving\examples\IMG\center_2026_05_16_12_56_35_371.jpg,C:\Users\acer\Documents\GitHub\temporal-xai-driving\examples\IMG\left_2026_05_16_12_56_35_371.jpg,C:\Users\acer\Documents\GitHub\temporal-xai-driving\examples\IMG\right_2026_05_16_12_56_35_371.jpg,0,0.4,0,30.03837
C:\Users\acer\Documents\GitHub\temporal-xai-driving\examples\IMG\center_2026_05_16_12_56_35_452.jpg,C:\Users\acer\Documents\GitHub\temporal-xai-driving\examples\IMG\left_2026_05_16_12_56_35_452.jpg,C:\Users\acer\Documents\GitHub\temporal-xai-driving\examples\IMG\right_2026_05_16_12_56_35_452.jpg,0,0.4,0,30.03836
C:\Users\acer\Documents\GitHub\temporal-xai-driving\examples\IMG\center_2026_05_16_12_56_35_531.jpg,C:\Users\acer\Documents\GitHub\temporal-xai-driving\examples\IMG\left_2026_05_16_12_56_35_531.jpg,C:\Users\acer\Documents\GitHub\temporal-xai-driving\examples\IMG\right_2026_05_16_12_56_35_531.jpg,0,0.4,0,30.03839
C:\Users\acer\Documents\GitHub\temporal-xai-driving\examples\IMG\center_2026_05_16_12_56_35_610.jpg,C:\Users\acer\Documents\GitHub\temporal-xai-driving\examples\IMG\left_2026_05_16_12_56_35_610.jpg,C:\Users\acer\Documents\GitHub\temporal-xai-driving\examples\IMG\right_2026_05_16_12_56_35_610.jpg,0,0.4,0,30.03838
C:\Users\acer\Documents\GitHub\temporal-xai-driving\examples\IMG\center_2026_05_16_12_56_35_686.jpg,C:\Users\acer\Documents\GitHub\temporal-xai-driving\examples\IMG\left_2026_05_16_12_56_35_686.jpg,C:\Users\acer\Documents\GitHub\temporal-xai-driving\examples\IMG\right_2026_05_16_12_56_35_686.jpg,0.15,0.4,0,30.03236
C:\Users\acer\Documents\GitHub\temporal-xai-driving\examples\IMG\center_2026_05_16_12_56_35_766.jpg,C:\Users\acer\Documents\GitHub\temporal-xai-driving\examples\IMG\left_2026_05_16_12_56_35_766.jpg,C:\Users\acer\Documents\GitHub\temporal-xai-driving\examples\IMG\right_2026_05_16_12_56_35_766.jpg,0.35,0.4,0,30.01166
C:\Users\acer\Documents\GitHub\temporal-xai-driving\examples\IMG\center_2026_05_16_12_56_35_844.jpg,C:\Users\acer\Documents\GitHub\temporal-xai-driving\examples\IMG\left_2026_05_16_12_56_35_844.jpg,C:\Users\acer\Documents\GitHub\temporal-xai-driving\examples\IMG\right_2026_05_16_12_56_35_844.jpg,0,0.4,0,30.03649
C:\Users\acer\Documents\GitHub\temporal-xai-driving\examples\IMG\center_2026_05_16_12_56_35_919.jpg,C:\Users\acer\Documents\GitHub\temporal-xai-driving\examples\IMG\left_2026_05_16_12_56_35_919.jpg,C:\Users\acer\Documents\GitHub\temporal-xai-driving\examples\IMG\right_2026_05_16_12_56_35_919.jpg,0,0.4,0,30.03675
C:\Users\acer\Documents\GitHub\temporal-xai-driving\examples\IMG\center_2026_05_16_12_56_35_993.jpg,C:\Users\acer\Documents\GitHub\temporal-xai-driving\examples\IMG\left_2026_05_16_12_56_35_993.jpg,C:\Users\acer\Documents\GitHub\temporal-xai-driving\examples\IMG\right_2026_05_16_12_56_35_993.jpg,0,0.4,0,30.03806
C:\Users\acer\Documents\GitHub\temporal-xai-driving\examples\IMG\center_2026_05_16_12_56_36_066.jpg,C:\Users\acer\Documents\GitHub\temporal-xai-driving\examples\IMG\left_2026_05_16_12_56_36_066.jpg,C:\Users\acer\Documents\GitHub\temporal-xai-driving\examples\IMG\right_2026_05_16_12_56_36_066.jpg,0,0.4,0,30.03831
C:\Users\acer\Documents\GitHub\temporal-xai-driving\examples\IMG\center_2026_05_16_12_56_36_141.jpg,C:\Users\acer\Documents\GitHub\temporal-xai-driving\examples\IMG\left_2026_05_16_12_56_36_141.jpg,C:\Users\acer\Documents\GitHub\temporal-xai-driving\examples\IMG\right_2026_05_16_12_56_36_141.jpg,0,0.4,0,30.03838
C:\Users\acer\Documents\GitHub\temporal-xai-driving\examples\IMG\center_2026_05_16_12_56_36_211.jpg,C:\Users\acer\Documents\GitHub\temporal-xai-driving\examples\IMG\left_2026_05_16_12_56_36_211.jpg,C:\Users\acer\Documents\GitHub\temporal-xai-driving\examples\IMG\right_2026_05_16_12_56_36_211.jpg,0,0.4,0,30.03837
C:\Users\acer\Documents\GitHub\temporal-xai-driving\examples\IMG\center_2026_05_16_12_56_36_285.jpg,C:\Users\acer\Documents\GitHub\temporal-xai-driving\examples\IMG\left_2026_05_16_12_56_36_285.jpg,C:\Users\acer\Documents\GitHub\temporal-xai-driving\examples\IMG\right_2026_05_16_12_56_36_285.jpg,0,0.4,0,30.03837
C:\Users\acer\Documents\GitHub\temporal-xai-driving\examples\IMG\center_2026_05_16_12_56_36_360.jpg,C:\Users\acer\Documents\GitHub\temporal-xai-driving\examples\IMG\left_2026_05_16_12_56_36_360.jpg,C:\Users\acer\Documents\GitHub\temporal-xai-driving\examples\IMG\right_2026_05_16_12_56_36_360.jpg,0,0.4,0,30.03838
C:\Users\acer\Documents\GitHub\temporal-xai-driving\examples\IMG\center_2026_05_16_12_56_36_433.jpg,C:\Users\acer\Documents\GitHub\temporal-xai-driving\examples\IMG\left_2026_05_16_12_56_36_433.jpg,C:\Users\acer\Documents\GitHub\temporal-xai-driving\examples\IMG\right_2026_05_16_12_56_36_433.jpg,0,0.4,0,30.03839
C:\Users\acer\Documents\GitHub\temporal-xai-driving\examples\IMG\center_2026_05_16_12_56_36_505.jpg,C:\Users\acer\Documents\GitHub\temporal-xai-driving\examples\IMG\left_2026_05_16_12_56_36_505.jpg,C:\Users\acer\Documents\GitHub\temporal-xai-driving\examples\IMG\right_2026_05_16_12_56_36_505.jpg,0,0.4,0,30.03838
C:\Users\acer\Documents\GitHub\temporal-xai-driving\examples\IMG\center_2026_05_16_12_56_36_578.jpg,C:\Users\acer\Documents\GitHub\temporal-xai-driving\examples\IMG\left_2026_05_16_12_56_36_578.jpg,C:\Users\acer\Documents\GitHub\temporal-xai-driving\examples\IMG\right_2026_05_16_12_56_36_578.jpg,0,0.4,0,30.03837
C:\Users\acer\Documents\GitHub\temporal-xai-driving\examples\IMG\center_2026_05_16_12_56_36_653.jpg,C:\Users\acer\Documents\GitHub\temporal-xai-driving\examples\IMG\left_2026_05_16_12_56_36_653.jpg,C:\Users\acer\Documents\GitHub\temporal-xai-driving\examples\IMG\right_2026_05_16_12_56_36_653.jpg,0,0.4,0,30.03838
C:\Users\acer\Documents\GitHub\temporal-xai-driving\examples\IMG\center_2026_05_16_12_56_36_723.jpg,C:\Users\acer\Documents\GitHub\temporal-xai-driving\examples\IMG\left_2026_05_16_12_56_36_723.jpg,C:\Users\acer\Documents\GitHub\temporal-xai-driving\examples\IMG\right_2026_05_16_12_56_36_723.jpg,0,0.4,0,30.03836
C:\Users\acer\Documents\GitHub\temporal-xai-driving\examples\IMG\center_2026_05_16_12_56_36_796.jpg,C:\Users\acer\Documents\GitHub\temporal-xai-driving\examples\IMG\left_2026_05_16_12_56_36_796.jpg,C:\Users\acer\Documents\GitHub\temporal-xai-driving\examples\IMG\right_2026_05_16_12_56_36_796.jpg,0,0.4,0,30.03838
C:\Users\acer\Documents\GitHub\temporal-xai-driving\examples\IMG\center_2026_05_16_12_56_36_869.jpg,C:\Users\acer\Documents\GitHub\temporal-xai-driving\examples\IMG\left_2026_05_16_12_56_36_869.jpg,C:\Users\acer\Documents\GitHub\temporal-xai-driving\examples\IMG\right_2026_05_16_12_56_36_869.jpg,0,0.4,0,30.0384
C:\Users\acer\Documents\GitHub\temporal-xai-driving\examples\IMG\center_2026_05_16_12_56_36_942.jpg,C:\Users\acer\Documents\GitHub\temporal-xai-driving\examples\IMG\left_2026_05_16_12_56_36_942.jpg,C:\Users\acer\Documents\GitHub\temporal-xai-driving\examples\IMG\right_2026_05_16_12_56_36_942.jpg,0,0.4,0,30.03838
C:\Users\acer\Documents\GitHub\temporal-xai-driving\examples\IMG\center_2026_05_16_12_56_37_011.jpg,C:\Users\acer\Documents\GitHub\temporal-xai-driving\examples\IMG\left_2026_05_16_12_56_37_011.jpg,C:\Users\acer\Documents\GitHub\temporal-xai-driving\examples\IMG\right_2026_05_16_12_56_37_011.jpg,0,0.4,0,30.03838
C:\Users\acer\Documents\GitHub\temporal-xai-driving\examples\IMG\center_2026_05_16_12_56_37_085.jpg,C:\Users\acer\Documents\GitHub\temporal-xai-driving\examples\IMG\left_2026_05_16_12_56_37_085.jpg,C:\Users\acer\Documents\GitHub\temporal-xai-driving\examples\IMG\right_2026_05_16_12_56_37_085.jpg,0,0.4,0,30.03837
C:\Users\acer\Documents\GitHub\temporal-xai-driving\examples\IMG\center_2026_05_16_12_56_37_337.jpg,C:\Users\acer\Documents\GitHub\temporal-xai-driving\examples\IMG\left_2026_05_16_12_56_37_337.jpg,C:\Users\acer\Documents\GitHub\temporal-xai-driving\examples\IMG\right_2026_05_16_12_56_37_337.jpg,0,1,0,26.17202
C:\Users\acer\Documents\GitHub\temporal-xai-driving\examples\IMG\center_2026_05_16_12_57_30_085.jpg,C:\Users\acer\Documents\GitHub\temporal-xai-driving\examples\IMG\left_2026_05_16_12_57_30_085.jpg,C:\Users\acer\Documents\GitHub\temporal-xai-driving\examples\IMG\right_2026_05_16_12_57_30_085.jpg,0,0.4,0,29.58638
C:\Users\acer\Documents\GitHub\temporal-xai-driving\examples\IMG\center_2026_05_16_12_57_30_176.jpg,C:\Users\acer\Documents\GitHub\temporal-xai-driving\examples\IMG\left_2026_05_16_12_57_30_176.jpg,C:\Users\acer\Documents\GitHub\temporal-xai-driving\examples\IMG\right_2026_05_16_12_57_30_176.jpg,0.1,0.4,0,29.73183
C:\Users\acer\Documents\GitHub\temporal-xai-driving\examples\IMG\center_2026_05_16_12_57_30_261.jpg,C:\Users\acer\Documents\GitHub\temporal-xai-driving\examples\IMG\left_2026_05_16_12_57_30_261.jpg,C:\Users\acer\Documents\GitHub\temporal-xai-driving\examples\IMG\right_2026_05_16_12_57_30_261.jpg,0.35,0.4,0,29.84524
C:\Users\acer\Documents\GitHub\temporal-xai-driving\examples\IMG\center_2026_05_16_12_57_30_330.jpg,C:\Users\acer\Documents\GitHub\temporal-xai-driving\examples\IMG\left_2026_05_16_12_57_30_330.jpg,C:\Users\acer\Documents\GitHub\temporal-xai-driving\examples\IMG\right_2026_05_16_12_57_30_330.jpg,0,0.4,0,29.91781
C:\Users\acer\Documents\GitHub\temporal-xai-driving\examples\IMG\center_2026_05_16_12_57_30_415.jpg,C:\Users\acer\Documents\GitHub\temporal-xai-driving\examples\IMG\left_2026_05_16_12_57_30_415.jpg,C:\Users\acer\Documents\GitHub\temporal-xai-driving\examples\IMG\right_2026_05_16_12_57_30_415.jpg,0,0.4,0,30.03804
C:\Users\acer\Documents\GitHub\temporal-xai-driving\examples\IMG\center_2026_05_16_12_57_30_490.jpg,C:\Users\acer\Documents\GitHub\temporal-xai-driving\examples\IMG\left_2026_05_16_12_57_30_490.jpg,C:\Users\acer\Documents\GitHub\temporal-xai-driving\examples\IMG\right_2026_05_16_12_57_30_490.jpg,0,0.4,0,30.03842
C:\Users\acer\Documents\GitHub\temporal-xai-driving\examples\IMG\center_2026_05_16_12_57_30_565.jpg,C:\Users\acer\Documents\GitHub\temporal-xai-driving\examples\IMG\left_2026_05_16_12_57_30_565.jpg,C:\Users\acer\Documents\GitHub\temporal-xai-driving\examples\IMG\right_2026_05_16_12_57_30_565.jpg,0.1,0.4,0,30.03674
C:\Users\acer\Documents\GitHub\temporal-xai-driving\examples\IMG\center_2026_05_16_12_57_30_641.jpg,C:\Users\acer\Documents\GitHub\temporal-xai-driving\examples\IMG\left_2026_05_16_12_57_30_641.jpg,C:\Users\acer\Documents\GitHub\temporal-xai-driving\examples\IMG\right_2026_05_16_12_57_30_641.jpg,0.3,0.4,0,30.01864
C:\Users\acer\Documents\GitHub\temporal-xai-driving\examples\IMG\center_2026_05_16_12_57_30_718.jpg,C:\Users\acer\Documents\GitHub\temporal-xai-driving\examples\IMG\left_2026_05_16_12_57_30_718.jpg,C:\Users\acer\Documents\GitHub\temporal-xai-driving\examples\IMG\right_2026_05_16_12_57_30_718.jpg,0.45,0.4,0,30.00061
C:\Users\acer\Documents\GitHub\temporal-xai-driving\examples\IMG\center_2026_05_16_12_57_30_792.jpg,C:\Users\acer\Documents\GitHub\temporal-xai-driving\examples\IMG\left_2026_05_16_12_57_30_792.jpg,C:\Users\acer\Documents\GitHub\temporal-xai-driving\examples\IMG\right_2026_05_16_12_57_30_792.jpg,0,0.4,0,30.03681
C:\Users\acer\Documents\GitHub\temporal-xai-driving\examples\IMG\center_2026_05_16_12_57_30_869.jpg,C:\Users\acer\Documents\GitHub\temporal-xai-driving\examples\IMG\left_2026_05_16_12_57_30_869.jpg,C:\Users\acer\Documents\GitHub\temporal-xai-driving\examples\IMG\right_2026_05_16_12_57_30_869.jpg,0,0.4,0,30.03797
C:\Users\acer\Documents\GitHub\temporal-xai-driving\examples\IMG\center_2026_05_16_12_57_30_946.jpg,C:\Users\acer\Documents\GitHub\temporal-xai-driving\examples\IMG\left_2026_05_16_12_57_30_946.jpg,C:\Users\acer\Documents\GitHub\temporal-xai-driving\examples\IMG\right_2026_05_16_12_57_30_946.jpg,0.1,0.4,0,30.03731
C:\Users\acer\Documents\GitHub\temporal-xai-driving\examples\IMG\center_2026_05_16_12_57_31_023.jpg,C:\Users\acer\Documents\GitHub\temporal-xai-driving\examples\IMG\left_2026_05_16_12_57_31_023.jpg,C:\Users\acer\Documents\GitHub\temporal-xai-driving\examples\IMG\right_2026_05_16_12_57_31_023.jpg,0.3,0.4,0,30.01959
C:\Users\acer\Documents\GitHub\temporal-xai-driving\examples\IMG\center_2026_05_16_12_57_31_098.jpg,C:\Users\acer\Documents\GitHub\temporal-xai-driving\examples\IMG\left_2026_05_16_12_57_31_098.jpg,C:\Users\acer\Documents\GitHub\temporal-xai-driving\examples\IMG\right_2026_05_16_12_57_31_098.jpg,0.45,0.4,0,30.00146
C:\Users\acer\Documents\GitHub\temporal-xai-driving\examples\IMG\center_2026_05_16_12_57_31_177.jpg,C:\Users\acer\Documents\GitHub\temporal-xai-driving\examples\IMG\left_2026_05_16_12_57_31_177.jpg,C:\Users\acer\Documents\GitHub\temporal-xai-driving\examples\IMG\right_2026_05_16_12_57_31_177.jpg,0,0.4,0,30.03105
C:\Users\acer\Documents\GitHub\temporal-xai-driving\examples\IMG\center_2026_05_16_12_57_31_253.jpg,C:\Users\acer\Documents\GitHub\temporal-xai-driving\examples\IMG\left_2026_05_16_12_57_31_253.jpg,C:\Users\acer\Documents\GitHub\temporal-xai-driving\examples\IMG\right_2026_05_16_12_57_31_253.jpg,0,0.4,0,30.03658
C:\Users\acer\Documents\GitHub\temporal-xai-driving\examples\IMG\center_2026_05_16_12_57_31_333.jpg,C:\Users\acer\Documents\GitHub\temporal-xai-driving\examples\IMG\left_2026_05_16_12_57_31_333.jpg,C:\Users\acer\Documents\GitHub\temporal-xai-driving\examples\IMG\right_2026_05_16_12_57_31_333.jpg,0,0.4,0,30.03803
C:\Users\acer\Documents\GitHub\temporal-xai-driving\examples\IMG\center_2026_05_16_12_57_31_413.jpg,C:\Users\acer\Documents\GitHub\temporal-xai-driving\examples\IMG\left_2026_05_16_12_57_31_413.jpg,C:\Users\acer\Documents\GitHub\temporal-xai-driving\examples\IMG\right_2026_05_16_12_57_31_413.jpg,0,0.4,0,30.03827
C:\Users\acer\Documents\GitHub\temporal-xai-driving\examples\IMG\center_2026_05_16_12_57_31_491.jpg,C:\Users\acer\Documents\GitHub\temporal-xai-driving\examples\IMG\left_2026_05_16_12_57_31_491.jpg,C:\Users\acer\Documents\GitHub\temporal-xai-driving\examples\IMG\right_2026_05_16_12_57_31_491.jpg,0,0.4,0,30.03827
C:\Users\acer\Documents\GitHub\temporal-xai-driving\examples\IMG\center_2026_05_16_12_57_31_571.jpg,C:\Users\acer\Documents\GitHub\temporal-xai-driving\examples\IMG\left_2026_05_16_12_57_31_571.jpg,C:\Users\acer\Documents\GitHub\temporal-xai-driving\examples\IMG\right_2026_05_16_12_57_31_571.jpg,0,0.4,0,30.03829
C:\Users\acer\Documents\GitHub\temporal-xai-driving\examples\IMG\center_2026_05_16_12_57_31_652.jpg,C:\Users\acer\Documents\GitHub\temporal-xai-driving\examples\IMG\left_2026_05_16_12_57_31_652.jpg,C:\Users\acer\Documents\GitHub\temporal-xai-driving\examples\IMG\right_2026_05_16_12_57_31_652.jpg,0.15,0.4,0,30.03231
C:\Users\acer\Documents\GitHub\temporal-xai-driving\examples\IMG\center_2026_05_16_12_57_31_732.jpg,C:\Users\acer\Documents\GitHub\temporal-xai-driving\examples\IMG\left_2026_05_16_12_57_31_732.jpg,C:\Users\acer\Documents\GitHub\temporal-xai-driving\examples\IMG\right_2026_05_16_12_57_31_732.jpg,0.35,0.4,0,30.01126
C:\Users\acer\Documents\GitHub\temporal-xai-driving\examples\IMG\center_2026_05_16_12_57_31_814.jpg,C:\Users\acer\Documents\GitHub\temporal-xai-driving\examples\IMG\left_2026_05_16_12_57_31_814.jpg,C:\Users\acer\Documents\GitHub\temporal-xai-driving\examples\IMG\right_2026_05_16_12_57_31_814.jpg,0.5500001,0.4,0,29.98104
C:\Users\acer\Documents\GitHub\temporal-xai-driving\examples\IMG\center_2026_05_16_12_57_31_894.jpg,C:\Users\acer\Documents\GitHub\temporal-xai-driving\examples\IMG\left_2026_05_16_12_57_31_894.jpg,C:\Users\acer\Documents\GitHub\temporal-xai-driving\examples\IMG\right_2026_05_16_12_57_31_894.jpg,0,0.4,0,30.03488
C:\Users\acer\Documents\GitHub\temporal-xai-driving\examples\IMG\center_2026_05_16_12_57_31_973.jpg,C:\Users\acer\Documents\GitHub\temporal-xai-driving\examples\IMG\left_2026_05_16_12_57_31_973.jpg,C:\Users\acer\Documents\GitHub\temporal-xai-driving\examples\IMG\right_2026_05_16_12_57_31_973.jpg,0,0.4,0,30.03702
C:\Users\acer\Documents\GitHub\temporal-xai-driving\examples\IMG\center_2026_05_16_12_57_32_052.jpg,C:\Users\acer\Documents\GitHub\temporal-xai-driving\examples\IMG\left_2026_05_16_12_57_32_052.jpg,C:\Users\acer\Documents\GitHub\temporal-xai-driving\examples\IMG\right_2026_05_16_12_57_32_052.jpg,0,0.4,0,30.03825
C:\Users\acer\Documents\GitHub\temporal-xai-driving\examples\IMG\center_2026_05_16_12_57_32_140.jpg,C:\Users\acer\Documents\GitHub\temporal-xai-driving\examples\IMG\left_2026_05_16_12_57_32_140.jpg,C:\Users\acer\Documents\GitHub\temporal-xai-driving\examples\IMG\right_2026_05_16_12_57_32_140.jpg,0,0.4,0,30.03828
C:\Users\acer\Documents\GitHub\temporal-xai-driving\examples\IMG\center_2026_05_16_12_57_32_218.jpg,C:\Users\acer\Documents\GitHub\temporal-xai-driving\examples\IMG\left_2026_05_16_12_57_32_218.jpg,C:\Users\acer\Documents\GitHub\temporal-xai-driving\examples\IMG\right_2026_05_16_12_57_32_218.jpg,0,0.4,0,30.03827
C:\Users\acer\Documents\GitHub\temporal-xai-driving\examples\IMG\center_2026_05_16_12_57_32_294.jpg,C:\Users\acer\Documents\GitHub\temporal-xai-driving\examples\IMG\left_2026_05_16_12_57_32_294.jpg,C:\Users\acer\Documents\GitHub\temporal-xai-driving\examples\IMG\right_2026_05_16_12_57_32_294.jpg,0,0.4,0,30.03826
C:\Users\acer\Documents\GitHub\temporal-xai-driving\examples\IMG\center_2026_05_16_12_57_32_382.jpg,C:\Users\acer\Documents\GitHub\temporal-xai-driving\examples\IMG\left_2026_05_16_12_57_32_382.jpg,C:\Users\acer\Documents\GitHub\temporal-xai-driving\examples\IMG\right_2026_05_16_12_57_32_382.jpg,0,0.4,0,30.03823
C:\Users\acer\Documents\GitHub\temporal-xai-driving\examples\IMG\center_2026_05_16_12_57_32_451.jpg,C:\Users\acer\Documents\GitHub\temporal-xai-driving\examples\IMG\left_2026_05_16_12_57_32_451.jpg,C:\Users\acer\Documents\GitHub\temporal-xai-driving\examples\IMG\right_2026_05_16_12_57_32_451.jpg,0.15,0.4,0,30.03271
C:\Users\acer\Documents\GitHub\temporal-xai-driving\examples\IMG\center_2026_05_16_12_57_32_525.jpg,C:\Users\acer\Documents\GitHub\temporal-xai-driving\examples\IMG\left_2026_05_16_12_57_32_525.jpg,C:\Users\acer\Documents\GitHub\temporal-xai-driving\examples\IMG\right_2026_05_16_12_57_32_525.jpg,0.35,0.4,0,30.01127
C:\Users\acer\Documents\GitHub\temporal-xai-driving\examples\IMG\center_2026_05_16_12_57_32_605.jpg,C:\Users\acer\Documents\GitHub\temporal-xai-driving\examples\IMG\left_2026_05_16_12_57_32_605.jpg,C:\Users\acer\Documents\GitHub\temporal-xai-driving\examples\IMG\right_2026_05_16_12_57_32_605.jpg,0.5500001,0.4,0,29.97863
C:\Users\acer\Documents\GitHub\temporal-xai-driving\examples\IMG\center_2026_05_16_12_57_32_679.jpg,C:\Users\acer\Documents\GitHub\temporal-xai-driving\examples\IMG\left_2026_05_16_12_57_32_679.jpg,C:\Users\acer\Documents\GitHub\temporal-xai-driving\examples\IMG\right_2026_05_16_12_57_32_679.jpg,0,0.4,0,30.03328
C:\Users\acer\Documents\GitHub\temporal-xai-driving\examples\IMG\center_2026_05_16_12_57_32_756.jpg,C:\Users\acer\Documents\GitHub\temporal-xai-driving\examples\IMG\left_2026_05_16_12_57_32_756.jpg,C:\Users\acer\Documents\GitHub\temporal-xai-driving\examples\IMG\right_2026_05_16_12_57_32_756.jpg,0,0.4,0,30.03747
C:\Users\acer\Documents\GitHub\temporal-xai-driving\examples\IMG\center_2026_05_16_12_57_32_832.jpg,C:\Users\acer\Documents\GitHub\temporal-xai-driving\examples\IMG\left_2026_05_16_12_57_32_832.jpg,C:\Users\acer\Documents\GitHub\temporal-xai-driving\examples\IMG\right_2026_05_16_12_57_32_832.jpg,0,0.4,0,30.03822
C:\Users\acer\Documents\GitHub\temporal-xai-driving\examples\IMG\center_2026_05_16_12_57_32_910.jpg,C:\Users\acer\Documents\GitHub\temporal-xai-driving\examples\IMG\left_2026_05_16_12_57_32_910.jpg,C:\Users\acer\Documents\GitHub\temporal-xai-driving\examples\IMG\right_2026_05_16_12_57_32_910.jpg,0,0.4,0,30.03834
C:\Users\acer\Documents\GitHub\temporal-xai-driving\examples\IMG\center_2026_05_16_12_57_32_987.jpg,C:\Users\acer\Documents\GitHub\temporal-xai-driving\examples\IMG\left_2026_05_16_12_57_32_987.jpg,C:\Users\acer\Documents\GitHub\temporal-xai-driving\examples\IMG\right_2026_05_16_12_57_32_987.jpg,0.1,0.4,0,30.03622
C:\Users\acer\Documents\GitHub\temporal-xai-driving\examples\IMG\center_2026_05_16_12_57_33_062.jpg,C:\Users\acer\Documents\GitHub\temporal-xai-driving\examples\IMG\left_2026_05_16_12_57_33_062.jpg,C:\Users\acer\Documents\GitHub\temporal-xai-driving\examples\IMG\right_2026_05_16_12_57_33_062.jpg,0.3,0.4,0,30.01876
C:\Users\acer\Documents\GitHub\temporal-xai-driving\examples\IMG\center_2026_05_16_12_57_33_137.jpg,C:\Users\acer\Documents\GitHub\temporal-xai-driving\examples\IMG\left_2026_05_16_12_57_33_137.jpg,C:\Users\acer\Documents\GitHub\temporal-xai-driving\examples\IMG\right_2026_05_16_12_57_33_137.jpg,0.45,0.4,0,30.00003
C:\Users\acer\Documents\GitHub\temporal-xai-driving\examples\IMG\center_2026_05_16_12_57_33_211.jpg,C:\Users\acer\Documents\GitHub\temporal-xai-driving\examples\IMG\left_2026_05_16_12_57_33_211.jpg,C:\Users\acer\Documents\GitHub\temporal-xai-driving\examples\IMG\right_2026_05_16_12_57_33_211.jpg,0.6500001,0.4,0,29.93831
C:\Users\acer\Documents\GitHub\temporal-xai-driving\examples\IMG\center_2026_05_16_12_57_33_289.jpg,C:\Users\acer\Documents\GitHub\temporal-xai-driving\examples\IMG\left_2026_05_16_12_57_33_289.jpg,C:\Users\acer\Documents\GitHub\temporal-xai-driving\examples\IMG\right_2026_05_16_12_57_33_289.jpg,0,0.4,0,30.03282
C:\Users\acer\Documents\GitHub\temporal-xai-driving\examples\IMG\center_2026_05_16_12_57_33_360.jpg,C:\Users\acer\Documents\GitHub\temporal-xai-driving\examples\IMG\left_2026_05_16_12_57_33_360.jpg,C:\Users\acer\Documents\GitHub\temporal-xai-driving\examples\IMG\right_2026_05_16_12_57_33_360.jpg,0,0.4,0,30.03702
C:\Users\acer\Documents\GitHub\temporal-xai-driving\examples\IMG\center_2026_05_16_12_57_33_435.jpg,C:\Users\acer\Documents\GitHub\temporal-xai-driving\examples\IMG\left_2026_05_16_12_57_33_435.jpg,C:\Users\acer\Documents\GitHub\temporal-xai-driving\examples\IMG\right_2026_05_16_12_57_33_435.jpg,0,0.4,0,30.03816
C:\Users\acer\Documents\GitHub\temporal-xai-driving\examples\IMG\center_2026_05_16_12_57_33_510.jpg,C:\Users\acer\Documents\GitHub\temporal-xai-driving\examples\IMG\left_2026_05_16_12_57_33_510.jpg,C:\Users\acer\Documents\GitHub\temporal-xai-driving\examples\IMG\right_2026_05_16_12_57_33_510.jpg,0,0.4,0,30.03836
C:\Users\acer\Documents\GitHub\temporal-xai-driving\examples\IMG\center_2026_05_16_12_57_33_588.jpg,C:\Users\acer\Documents\GitHub\temporal-xai-driving\examples\IMG\left_2026_05_16_12_57_33_588.jpg,C:\Users\acer\Documents\GitHub\temporal-xai-driving\examples\IMG\right_2026_05_16_12_57_33_588.jpg,0.15,0.4,0,30.0325
C:\Users\acer\Documents\GitHub\temporal-xai-driving\examples\IMG\center_2026_05_16_12_57_33_669.jpg,C:\Users\acer\Documents\GitHub\temporal-xai-driving\examples\IMG\left_2026_05_16_12_57_33_669.jpg,C:\Users\acer\Documents\GitHub\temporal-xai-driving\examples\IMG\right_2026_05_16_12_57_33_669.jpg,0.35,0.4,0,30.01173
C:\Users\acer\Documents\GitHub\temporal-xai-driving\examples\IMG\center_2026_05_16_12_57_33_751.jpg,C:\Users\acer\Documents\GitHub\temporal-xai-driving\examples\IMG\left_2026_05_16_12_57_33_751.jpg,C:\Users\acer\Documents\GitHub\temporal-xai-driving\examples\IMG\right_2026_05_16_12_57_33_751.jpg,0.5500001,0.4,0,29.98053
C:\Users\acer\Documents\GitHub\temporal-xai-driving\examples\IMG\center_2026_05_16_12_57_33_829.jpg,C:\Users\acer\Documents\GitHub\temporal-xai-driving\examples\IMG\left_2026_05_16_12_57_33_829.jpg,C:\Users\acer\Documents\GitHub\temporal-xai-driving\examples\IMG\right_2026_05_16_12_57_33_829.jpg,0.7500002,0.4,0,29.87418
C:\Users\acer\Documents\GitHub\temporal-xai-driving\examples\IMG\center_2026_05_16_12_57_33_908.jpg,C:\Users\acer\Documents\GitHub\temporal-xai-driving\examples\IMG\left_2026_05_16_12_57_33_908.jpg,C:\Users\acer\Documents\GitHub\temporal-xai-driving\examples\IMG\right_2026_05_16_12_57_33_908.jpg,0.9500002,0.4,0,29.6868
C:\Users\acer\Documents\GitHub\temporal-xai-driving\examples\IMG\center_2026_05_16_12_57_33_980.jpg,C:\Users\acer\Documents\GitHub\temporal-xai-driving\examples\IMG\left_2026_05_16_12_57_33_980.jpg,C:\Users\acer\Documents\GitHub\temporal-xai-driving\examples\IMG\right_2026_05_16_12_57_33_980.jpg,0,0.4,0,29.66263
C:\Users\acer\Documents\GitHub\temporal-xai-driving\examples\IMG\center_2026_05_16_12_57_34_067.jpg,C:\Users\acer\Documents\GitHub\temporal-xai-driving\examples\IMG\left_2026_05_16_12_57_34_067.jpg,C:\Users\acer\Documents\GitHub\temporal-xai-driving\examples\IMG\right_2026_05_16_12_57_34_067.jpg,0,0.4,0,29.76242
C:\Users\acer\Documents\GitHub\temporal-xai-driving\examples\IMG\center_2026_05_16_12_57_34_145.jpg,C:\Users\acer\Documents\GitHub\temporal-xai-driving\examples\IMG\left_2026_05_16_12_57_34_145.jpg,C:\Users\acer\Documents\GitHub\temporal-xai-driving\examples\IMG\right_2026_05_16_12_57_34_145.jpg,0,0.4,0,29.89995
C:\Users\acer\Documents\GitHub\temporal-xai-driving\examples\IMG\center_2026_05_16_12_57_34_233.jpg,C:\Users\acer\Documents\GitHub\temporal-xai-driving\examples\IMG\left_2026_05_16_12_57_34_233.jpg,C:\Users\acer\Documents\GitHub\temporal-xai-driving\examples\IMG\right_2026_05_16_12_57_34_233.jpg,0,0.4,0,30.03706
C:\Users\acer\Documents\GitHub\temporal-xai-driving\examples\IMG\center_2026_05_16_12_57_34_315.jpg,C:\Users\acer\Documents\GitHub\temporal-xai-driving\examples\IMG\left_2026_05_16_12_57_34_315.jpg,C:\Users\acer\Documents\GitHub\temporal-xai-driving\examples\IMG\right_2026_05_16_12_57_34_315.jpg,0,0.4,0,30.03779
C:\Users\acer\Documents\GitHub\temporal-xai-driving\examples\IMG\center_2026_05_16_12_57_34_384.jpg,C:\Users\acer\Documents\GitHub\temporal-xai-driving\examples\IMG\left_2026_05_16_12_57_34_384.jpg,C:\Users\acer\Documents\GitHub\temporal-xai-driving\examples\IMG\right_2026_05_16_12_57_34_384.jpg,0,0.4,0,30.03868
C:\Users\acer\Documents\GitHub\temporal-xai-driving\examples\IMG\center_2026_05_16_12_57_34_463.jpg,C:\Users\acer\Documents\GitHub\temporal-xai-driving\examples\IMG\left_2026_05_16_12_57_34_463.jpg,C:\Users\acer\Documents\GitHub\temporal-xai-driving\examples\IMG\right_2026_05_16_12_57_34_463.jpg,0,0.4,0,30.03847
C:\Users\acer\Documents\GitHub\temporal-xai-driving\examples\IMG\center_2026_05_16_12_57_34_544.jpg,C:\Users\acer\Documents\GitHub\temporal-xai-driving\examples\IMG\left_2026_05_16_12_57_34_544.jpg,C:\Users\acer\Documents\GitHub\temporal-xai-driving\examples\IMG\right_2026_05_16_12_57_34_544.jpg,0,0.4,0,30.0384
C:\Users\acer\Documents\GitHub\temporal-xai-driving\examples\IMG\center_2026_05_16_12_57_34_625.jpg,C:\Users\acer\Documents\GitHub\temporal-xai-driving\examples\IMG\left_2026_05_16_12_57_34_625.jpg,C:\Users\acer\Documents\GitHub\temporal-xai-driving\examples\IMG\right_2026_05_16_12_57_34_625.jpg,0,0.4,0,30.03872
C:\Users\acer\Documents\GitHub\temporal-xai-driving\examples\IMG\center_2026_05_16_12_57_34_702.jpg,C:\Users\acer\Documents\GitHub\temporal-xai-driving\examples\IMG\left_2026_05_16_12_57_34_702.jpg,C:\Users\acer\Documents\GitHub\temporal-xai-driving\examples\IMG\right_2026_05_16_12_57_34_702.jpg,0.1,0.4,0,30.03522
C:\Users\acer\Documents\GitHub\temporal-xai-driving\examples\IMG\center_2026_05_16_12_57_34_779.jpg,C:\Users\acer\Documents\GitHub\temporal-xai-driving\examples\IMG\left_2026_05_16_12_57_34_779.jpg,C:\Users\acer\Documents\GitHub\temporal-xai-driving\examples\IMG\right_2026_05_16_12_57_34_779.jpg,0.25,0.4,0,30.02223
C:\Users\acer\Documents\GitHub\temporal-xai-driving\examples\IMG\center_2026_05_16_12_57_34_858.jpg,C:\Users\acer\Documents\GitHub\temporal-xai-driving\examples\IMG\left_2026_05_16_12_57_34_858.jpg,C:\Users\acer\Documents\GitHub\temporal-xai-driving\examples\IMG\right_2026_05_16_12_57_34_858.jpg,0.45,0.4,0,29.99975
C:\Users\acer\Documents\GitHub\temporal-xai-driving\examples\IMG\center_2026_05_16_12_57_34_933.jpg,C:\Users\acer\Documents\GitHub\temporal-xai-driving\examples\IMG\left_2026_05_16_12_57_34_933.jpg,C:\Users\acer\Documents\GitHub\temporal-xai-driving\examples\IMG\right_2026_05_16_12_57_34_933.jpg,0.6500001,0.4,0,29.94023
C:\Users\acer\Documents\GitHub\temporal-xai-driving\examples\IMG\center_2026_05_16_12_57_35_011.jpg,C:\Users\acer\Documents\GitHub\temporal-xai-driving\examples\IMG\left_2026_05_16_12_57_35_011.jpg,C:\Users\acer\Documents\GitHub\temporal-xai-driving\examples\IMG\right_2026_05_16_12_57_35_011.jpg,0.8500001,0.4,0,29.78962
C:\Users\acer\Documents\GitHub\temporal-xai-driving\examples\IMG\center_2026_05_16_12_57_35_091.jpg,C:\Users\acer\Documents\GitHub\temporal-xai-driving\examples\IMG\left_2026_05_16_12_57_35_091.jpg,C:\Users\acer\Documents\GitHub\temporal-xai-driving\examples\IMG\right_2026_05_16_12_57_35_091.jpg,0,0.4,0,29.78291
C:\Users\acer\Documents\GitHub\temporal-xai-driving\examples\IMG\center_2026_05_16_12_57_35_170.jpg,C:\Users\acer\Documents\GitHub\temporal-xai-driving\examples\IMG\left_2026_05_16_12_57_35_170.jpg,C:\Users\acer\Documents\GitHub\temporal-xai-driving\examples\IMG\right_2026_05_16_12_57_35_170.jpg,0,0.4,0,29.89548
C:\Users\acer\Documents\GitHub\temporal-xai-driving\examples\IMG\center_2026_05_16_12_57_35_250.jpg,C:\Users\acer\Documents\GitHub\temporal-xai-driving\examples\IMG\left_2026_05_16_12_57_35_250.jpg,C:\Users\acer\Documents\GitHub\temporal-xai-driving\examples\IMG\right_2026_05_16_12_57_35_250.jpg,0,0.4,0,30.03595
C:\Users\acer\Documents\GitHub\temporal-xai-driving\examples\IMG\center_2026_05_16_12_57_35_333.jpg,C:\Users\acer\Documents\GitHub\temporal-xai-driving\examples\IMG\left_2026_05_16_12_57_35_333.jpg,C:\Users\acer\Documents\GitHub\temporal-xai-driving\examples\IMG\right_2026_05_16_12_57_35_333.jpg,0.05,0.4,0,30.03835
C:\Users\acer\Documents\GitHub\temporal-xai-driving\examples\IMG\center_2026_05_16_12_57_35_422.jpg,C:\Users\acer\Documents\GitHub\temporal-xai-driving\examples\IMG\left_2026_05_16_12_57_35_422.jpg,C:\Users\acer\Documents\GitHub\temporal-xai-driving\examples\IMG\right_2026_05_16_12_57_35_422.jpg,0.3,0.4,0,30.02039
C:\Users\acer\Documents\GitHub\temporal-xai-driving\examples\IMG\center_2026_05_16_12_57_35_508.jpg,C:\Users\acer\Documents\GitHub\temporal-xai-driving\examples\IMG\left_2026_05_16_12_57_35_508.jpg,C:\Users\acer\Documents\GitHub\temporal-xai-driving\examples\IMG\right_2026_05_16_12_57_35_508.jpg,0.5000001,0.4,0,29.99552
C:\Users\acer\Documents\GitHub\temporal-xai-driving\examples\IMG\center_2026_05_16_12_57_35_599.jpg,C:\Users\acer\Documents\GitHub\temporal-xai-driving\examples\IMG\left_2026_05_16_12_57_35_599.jpg,C:\Users\acer\Documents\GitHub\temporal-xai-driving\examples\IMG\right_2026_05_16_12_57_35_599.jpg,0.7,0.4,0,29.91771
C:\Users\acer\Documents\GitHub\temporal-xai-driving\examples\IMG\center_2026_05_16_12_57_35_695.jpg,C:\Users\acer\Documents\GitHub\temporal-xai-driving\examples\IMG\left_2026_05_16_12_57_35_695.jpg,C:\Users\acer\Documents\GitHub\temporal-xai-driving\examples\IMG\right_2026_05_16_12_57_35_695.jpg,0,0.4,0,29.90053
C:\Users\acer\Documents\GitHub\temporal-xai-driving\examples\IMG\center_2026_05_16_12_57_35_787.jpg,C:\Users\acer\Documents\GitHub\temporal-xai-driving\examples\IMG\left_2026_05_16_12_57_35_787.jpg,C:\Users\acer\Documents\GitHub\temporal-xai-driving\examples\IMG\right_2026_05_16_12_57_35_787.jpg,0,0.4,0,30.03557
C:\Users\acer\Documents\GitHub\temporal-xai-driving\examples\IMG\center_2026_05_16_12_57_35_875.jpg,C:\Users\acer\Documents\GitHub\temporal-xai-driving\examples\IMG\left_2026_05_16_12_57_35_875.jpg,C:\Users\acer\Documents\GitHub\temporal-xai-driving\examples\IMG\right_2026_05_16_12_57_35_875.jpg,0,0.4,0,30.03799
C:\Users\acer\Documents\GitHub\temporal-xai-driving\examples\IMG\center_2026_05_16_12_57_35_958.jpg,C:\Users\acer\Documents\GitHub\temporal-xai-driving\examples\IMG\left_2026_05_16_12_57_35_958.jpg,C:\Users\acer\Documents\GitHub\temporal-xai-driving\examples\IMG\right_2026_05_16_12_57_35_958.jpg,0,0.4,0,30.03788
C:\Users\acer\Documents\GitHub\temporal-xai-driving\examples\IMG\center_2026_05_16_12_57_36_027.jpg,C:\Users\acer\Documents\GitHub\temporal-xai-driving\examples\IMG\left_2026_05_16_12_57_36_027.jpg,C:\Users\acer\Documents\GitHub\temporal-xai-driving\examples\IMG\right_2026_05_16_12_57_36_027.jpg,0,0.4,0,30.03794
C:\Users\acer\Documents\GitHub\temporal-xai-driving\examples\IMG\center_2026_05_16_12_57_36_098.jpg,C:\Users\acer\Documents\GitHub\temporal-xai-driving\examples\IMG\left_2026_05_16_12_57_36_098.jpg,C:\Users\acer\Documents\GitHub\temporal-xai-driving\examples\IMG\right_2026_05_16_12_57_36_098.jpg,0,0.4,0,30.03794
C:\Users\acer\Documents\GitHub\temporal-xai-driving\examples\IMG\center_2026_05_16_12_57_36_175.jpg,C:\Users\acer\Documents\GitHub\temporal-xai-driving\examples\IMG\left_2026_05_16_12_57_36_175.jpg,C:\Users\acer\Documents\GitHub\temporal-xai-driving\examples\IMG\right_2026_05_16_12_57_36_175.jpg,0,0.4,0,30.03808
C:\Users\acer\Documents\GitHub\temporal-xai-driving\examples\IMG\center_2026_05_16_12_57_36_251.jpg,C:\Users\acer\Documents\GitHub\temporal-xai-driving\examples\IMG\left_2026_05_16_12_57_36_251.jpg,C:\Users\acer\Documents\GitHub\temporal-xai-driving\examples\IMG\right_2026_05_16_12_57_36_251.jpg,0.15,0.4,0,30.03202
C:\Users\acer\Documents\GitHub\temporal-xai-driving\examples\IMG\center_2026_05_16_12_57_36_323.jpg,C:\Users\acer\Documents\GitHub\temporal-xai-driving\examples\IMG\left_2026_05_16_12_57_36_323.jpg,C:\Users\acer\Documents\GitHub\temporal-xai-driving\examples\IMG\right_2026_05_16_12_57_36_323.jpg,0.35,0.4,0,30.01074
C:\Users\acer\Documents\GitHub\temporal-xai-driving\examples\IMG\center_2026_05_16_12_57_36_408.jpg,C:\Users\acer\Documents\GitHub\temporal-xai-driving\examples\IMG\left_2026_05_16_12_57_36_408.jpg,C:\Users\acer\Documents\GitHub\temporal-xai-driving\examples\IMG\right_2026_05_16_12_57_36_408.jpg,0,0.4,0,30.03655
C:\Users\acer\Documents\GitHub\temporal-xai-driving\examples\IMG\center_2026_05_16_12_57_36_478.jpg,C:\Users\acer\Documents\GitHub\temporal-xai-driving\examples\IMG\left_2026_05_16_12_57_36_478.jpg,C:\Users\acer\Documents\GitHub\temporal-xai-driving\examples\IMG\right_2026_05_16_12_57_36_478.jpg,0,0.4,0,30.03663
C:\Users\acer\Documents\GitHub\temporal-xai-driving\examples\IMG\center_2026_05_16_12_57_36_546.jpg,C:\Users\acer\Documents\GitHub\temporal-xai-driving\examples\IMG\left_2026_05_16_12_57_36_546.jpg,C:\Users\acer\Documents\GitHub\temporal-xai-driving\examples\IMG\right_2026_05_16_12_57_36_546.jpg,0,0.4,0,30.03773
C:\Users\acer\Documents\GitHub\temporal-xai-driving\examples\IMG\center_2026_05_16_12_57_36_644.jpg,C:\Users\acer\Documents\GitHub\temporal-xai-driving\examples\IMG\left_2026_05_16_12_57_36_644.jpg,C:\Users\acer\Documents\GitHub\temporal-xai-driving\examples\IMG\right_2026_05_16_12_57_36_644.jpg,0,0.4,0,30.0379
C:\Users\acer\Documents\GitHub\temporal-xai-driving\examples\IMG\center_2026_05_16_12_57_36_742.jpg,C:\Users\acer\Documents\GitHub\temporal-xai-driving\examples\IMG\left_2026_05_16_12_57_36_742.jpg,C:\Users\acer\Documents\GitHub\temporal-xai-driving\examples\IMG\right_2026_05_16_12_57_36_742.jpg,0,0.4,0,30.03804
C:\Users\acer\Documents\GitHub\temporal-xai-driving\examples\IMG\center_2026_05_16_12_57_36_842.jpg,C:\Users\acer\Documents\GitHub\temporal-xai-driving\examples\IMG\left_2026_05_16_12_57_36_842.jpg,C:\Users\acer\Documents\GitHub\temporal-xai-driving\examples\IMG\right_2026_05_16_12_57_36_842.jpg,0,0.4,0,30.03809
C:\Users\acer\Documents\GitHub\temporal-xai-driving\examples\IMG\center_2026_05_16_12_57_36_938.jpg,C:\Users\acer\Documents\GitHub\temporal-xai-driving\examples\IMG\left_2026_05_16_12_57_36_938.jpg,C:\Users\acer\Documents\GitHub\temporal-xai-driving\examples\IMG\right_2026_05_16_12_57_36_938.jpg,0,0.4,0,30.03807
C:\Users\acer\Documents\GitHub\temporal-xai-driving\examples\IMG\center_2026_05_16_12_57_37_031.jpg,C:\Users\acer\Documents\GitHub\temporal-xai-driving\examples\IMG\left_2026_05_16_12_57_37_031.jpg,C:\Users\acer\Documents\GitHub\temporal-xai-driving\examples\IMG\right_2026_05_16_12_57_37_031.jpg,0,0.4,0,30.03798
C:\Users\acer\Documents\GitHub\temporal-xai-driving\examples\IMG\center_2026_05_16_12_57_37_131.jpg,C:\Users\acer\Documents\GitHub\temporal-xai-driving\examples\IMG\left_2026_05_16_12_57_37_131.jpg,C:\Users\acer\Documents\GitHub\temporal-xai-driving\examples\IMG\right_2026_05_16_12_57_37_131.jpg,0,0.4,0,30.03799
C:\Users\acer\Documents\GitHub\temporal-xai-driving\examples\IMG\center_2026_05_16_12_57_37_229.jpg,C:\Users\acer\Documents\GitHub\temporal-xai-driving\examples\IMG\left_2026_05_16_12_57_37_229.jpg,C:\Users\acer\Documents\GitHub\temporal-xai-driving\examples\IMG\right_2026_05_16_12_57_37_229.jpg,0,0.4,0,30.03772
C:\Users\acer\Documents\GitHub\temporal-xai-driving\examples\IMG\center_2026_05_16_12_57_37_329.jpg,C:\Users\acer\Documents\GitHub\temporal-xai-driving\examples\IMG\left_2026_05_16_12_57_37_329.jpg,C:\Users\acer\Documents\GitHub\temporal-xai-driving\examples\IMG\right_2026_05_16_12_57_37_329.jpg,0,0.4,0,30.03786
C:\Users\acer\Documents\GitHub\temporal-xai-driving\examples\IMG\center_2026_05_16_12_57_37_424.jpg,C:\Users\acer\Documents\GitHub\temporal-xai-driving\examples\IMG\left_2026_05_16_12_57_37_424.jpg,C:\Users\acer\Documents\GitHub\temporal-xai-driving\examples\IMG\right_2026_05_16_12_57_37_424.jpg,-0.1,0.4,0,30.03614
C:\Users\acer\Documents\GitHub\temporal-xai-driving\examples\IMG\center_2026_05_16_12_57_37_523.jpg,C:\Users\acer\Documents\GitHub\temporal-xai-driving\examples\IMG\left_2026_05_16_12_57_37_523.jpg,C:\Users\acer\Documents\GitHub\temporal-xai-driving\examples\IMG\right_2026_05_16_12_57_37_523.jpg,-0.35,0.4,0,30.01293
C:\Users\acer\Documents\GitHub\temporal-xai-driving\examples\IMG\center_2026_05_16_12_57_37_617.jpg,C:\Users\acer\Documents\GitHub\temporal-xai-driving\examples\IMG\left_2026_05_16_12_57_37_617.jpg,C:\Users\acer\Documents\GitHub\temporal-xai-driving\examples\IMG\right_2026_05_16_12_57_37_617.jpg,-0.5500001,0.4,0,29.98639
C:\Users\acer\Documents\GitHub\temporal-xai-driving\examples\IMG\center_2026_05_16_12_57_37_710.jpg,C:\Users\acer\Documents\GitHub\temporal-xai-driving\examples\IMG\left_2026_05_16_12_57_37_710.jpg,C:\Users\acer\Documents\GitHub\temporal-xai-driving\examples\IMG\right_2026_05_16_12_57_37_710.jpg,0,0.4,0,30.02391
C:\Users\acer\Documents\GitHub\temporal-xai-driving\examples\IMG\center_2026_05_16_12_57_37_809.jpg,C:\Users\acer\Documents\GitHub\temporal-xai-driving\examples\IMG\left_2026_05_16_12_57_37_809.jpg,C:\Users\acer\Documents\GitHub\temporal-xai-driving\examples\IMG\right_2026_05_16_12_57_37_809.jpg,0.1,0.4,0,30.02942
C:\Users\acer\Documents\GitHub\temporal-xai-driving\examples\IMG\center_2026_05_16_12_57_37_875.jpg,C:\Users\acer\Documents\GitHub\temporal-xai-driving\examples\IMG\left_2026_05_16_12_57_37_875.jpg,C:\Users\acer\Documents\GitHub\temporal-xai-driving\examples\IMG\right_2026_05_16_12_57_37_875.jpg,0.25,0.4,0,30.01495
C:\Users\acer\Documents\GitHub\temporal-xai-driving\examples\IMG\center_2026_05_16_12_57_37_963.jpg,C:\Users\acer\Documents\GitHub\temporal-xai-driving\examples\IMG\left_2026_05_16_12_57_37_963.jpg,C:\Users\acer\Documents\GitHub\temporal-xai-driving\examples\IMG\right_2026_05_16_12_57_37_963.jpg,0.5000001,0.4,0,29.98205
C:\Users\acer\Documents\GitHub\temporal-xai-driving\examples\IMG\center_2026_05_16_12_57_38_033.jpg,C:\Users\acer\Documents\GitHub\temporal-xai-driving\examples\IMG\left_2026_05_16_12_57_38_033.jpg,C:\Users\acer\Documents\GitHub\temporal-xai-driving\examples\IMG\right_2026_05_16_12_57_38_033.jpg,0.6500001,0.4,0,29.91601
C:\Users\acer\Documents\GitHub\temporal-xai-driving\examples\IMG\center_2026_05_16_12_57_38_105.jpg,C:\Users\acer\Documents\GitHub\temporal-xai-driving\examples\IMG\left_2026_05_16_12_57_38_105.jpg,C:\Users\acer\Documents\GitHub\temporal-xai-driving\examples\IMG\right_2026_05_16_12_57_38_105.jpg,0,0.4,0,30.02264
C:\Users\acer\Documents\GitHub\temporal-xai-driving\examples\IMG\center_2026_05_16_12_57_38_177.jpg,C:\Users\acer\Documents\GitHub\temporal-xai-driving\examples\IMG\left_2026_05_16_12_57_38_177.jpg,C:\Users\acer\Documents\GitHub\temporal-xai-driving\examples\IMG\right_2026_05_16_12_57_38_177.jpg,0,0.4,0,30.03671
C:\Users\acer\Documents\GitHub\temporal-xai-driving\examples\IMG\center_2026_05_16_12_57_38_264.jpg,C:\Users\acer\Documents\GitHub\temporal-xai-driving\examples\IMG\left_2026_05_16_12_57_38_264.jpg,C:\Users\acer\Documents\GitHub\temporal-xai-driving\examples\IMG\right_2026_05_16_12_57_38_264.jpg,0,0.4,0,30.03833
C:\Users\acer\Documents\GitHub\temporal-xai-driving\examples\IMG\center_2026_05_16_12_57_38_347.jpg,C:\Users\acer\Documents\GitHub\temporal-xai-driving\examples\IMG\left_2026_05_16_12_57_38_347.jpg,C:\Users\acer\Documents\GitHub\temporal-xai-driving\examples\IMG\right_2026_05_16_12_57_38_347.jpg,0,0.4,0,30.03852
C:\Users\acer\Documents\GitHub\temporal-xai-driving\examples\IMG\center_2026_05_16_12_57_38_422.jpg,C:\Users\acer\Documents\GitHub\temporal-xai-driving\examples\IMG\left_2026_05_16_12_57_38_422.jpg,C:\Users\acer\Documents\GitHub\temporal-xai-driving\examples\IMG\right_2026_05_16_12_57_38_422.jpg,0,0.4,0,30.03853
C:\Users\acer\Documents\GitHub\temporal-xai-driving\examples\IMG\center_2026_05_16_12_57_38_497.jpg,C:\Users\acer\Documents\GitHub\temporal-xai-driving\examples\IMG\left_2026_05_16_12_57_38_497.jpg,C:\Users\acer\Documents\GitHub\temporal-xai-driving\examples\IMG\right_2026_05_16_12_57_38_497.jpg,0,0.4,0,30.0385
C:\Users\acer\Documents\GitHub\temporal-xai-driving\examples\IMG\center_2026_05_16_12_57_38_575.jpg,C:\Users\acer\Documents\GitHub\temporal-xai-driving\examples\IMG\left_2026_05_16_12_57_38_575.jpg,C:\Users\acer\Documents\GitHub\temporal-xai-driving\examples\IMG\right_2026_05_16_12_57_38_575.jpg,0,0.4,0,30.03849
C:\Users\acer\Documents\GitHub\temporal-xai-driving\examples\IMG\center_2026_05_16_12_57_38_646.jpg,C:\Users\acer\Documents\GitHub\temporal-xai-driving\examples\IMG\left_2026_05_16_12_57_38_646.jpg,C:\Users\acer\Documents\GitHub\temporal-xai-driving\examples\IMG\right_2026_05_16_12_57_38_646.jpg,0,0.4,0,30.03854
C:\Users\acer\Documents\GitHub\temporal-xai-driving\examples\IMG\center_2026_05_16_12_57_38_718.jpg,C:\Users\acer\Documents\GitHub\temporal-xai-driving\examples\IMG\left_2026_05_16_12_57_38_718.jpg,C:\Users\acer\Documents\GitHub\temporal-xai-driving\examples\IMG\right_2026_05_16_12_57_38_718.jpg,0,0.4,0,30.03855
C:\Users\acer\Documents\GitHub\temporal-xai-driving\examples\IMG\center_2026_05_16_12_57_38_794.jpg,C:\Users\acer\Documents\GitHub\temporal-xai-driving\examples\IMG\left_2026_05_16_12_57_38_794.jpg,C:\Users\acer\Documents\GitHub\temporal-xai-driving\examples\IMG\right_2026_05_16_12_57_38_794.jpg,0,0.4,0,30.03854
C:\Users\acer\Documents\GitHub\temporal-xai-driving\examples\IMG\center_2026_05_16_12_57_38_871.jpg,C:\Users\acer\Documents\GitHub\temporal-xai-driving\examples\IMG\left_2026_05_16_12_57_38_871.jpg,C:\Users\acer\Documents\GitHub\temporal-xai-driving\examples\IMG\right_2026_05_16_12_57_38_871.jpg,0,0.4,0,30.03858
C:\Users\acer\Documents\GitHub\temporal-xai-driving\examples\IMG\center_2026_05_16_12_57_38_946.jpg,C:\Users\acer\Documents\GitHub\temporal-xai-driving\examples\IMG\left_2026_05_16_12_57_38_946.jpg,C:\Users\acer\Documents\GitHub\temporal-xai-driving\examples\IMG\right_2026_05_16_12_57_38_946.jpg,0,0.4,0,30.03856
C:\Users\acer\Documents\GitHub\temporal-xai-driving\examples\IMG\center_2026_05_16_12_57_39_020.jpg,C:\Users\acer\Documents\GitHub\temporal-xai-driving\examples\IMG\left_2026_05_16_12_57_39_020.jpg,C:\Users\acer\Documents\GitHub\temporal-xai-driving\examples\IMG\right_2026_05_16_12_57_39_020.jpg,0,0.4,0,30.03857
C:\Users\acer\Documents\GitHub\temporal-xai-driving\examples\IMG\center_2026_05_16_12_57_39_098.jpg,C:\Users\acer\Documents\GitHub\temporal-xai-driving\examples\IMG\left_2026_05_16_12_57_39_098.jpg,C:\Users\acer\Documents\GitHub\temporal-xai-driving\examples\IMG\right_2026_05_16_12_57_39_098.jpg,0,0.4,0,30.03856
C:\Users\acer\Documents\GitHub\temporal-xai-driving\examples\IMG\center_2026_05_16_12_57_39_175.jpg,C:\Users\acer\Documents\GitHub\temporal-xai-driving\examples\IMG\left_2026_05_16_12_57_39_175.jpg,C:\Users\acer\Documents\GitHub\temporal-xai-driving\examples\IMG\right_2026_05_16_12_57_39_175.jpg,0,0.4,0,30.03856
C:\Users\acer\Documents\GitHub\temporal-xai-driving\examples\IMG\center_2026_05_16_12_57_39_253.jpg,C:\Users\acer\Documents\GitHub\temporal-xai-driving\examples\IMG\left_2026_05_16_12_57_39_253.jpg,C:\Users\acer\Documents\GitHub\temporal-xai-driving\examples\IMG\right_2026_05_16_12_57_39_253.jpg,0,0.4,0,30.03856
C:\Users\acer\Documents\GitHub\temporal-xai-driving\examples\IMG\center_2026_05_16_12_57_39_328.jpg,C:\Users\acer\Documents\GitHub\temporal-xai-driving\examples\IMG\left_2026_05_16_12_57_39_328.jpg,C:\Users\acer\Documents\GitHub\temporal-xai-driving\examples\IMG\right_2026_05_16_12_57_39_328.jpg,0,0.4,0,30.03859
C:\Users\acer\Documents\GitHub\temporal-xai-driving\examples\IMG\center_2026_05_16_12_57_39_407.jpg,C:\Users\acer\Documents\GitHub\temporal-xai-driving\examples\IMG\left_2026_05_16_12_57_39_407.jpg,C:\Users\acer\Documents\GitHub\temporal-xai-driving\examples\IMG\right_2026_05_16_12_57_39_407.jpg,0,0.4,0,30.03859
C:\Users\acer\Documents\GitHub\temporal-xai-driving\examples\IMG\center_2026_05_16_12_57_39_486.jpg,C:\Users\acer\Documents\GitHub\temporal-xai-driving\examples\IMG\left_2026_05_16_12_57_39_486.jpg,C:\Users\acer\Documents\GitHub\temporal-xai-driving\examples\IMG\right_2026_05_16_12_57_39_486.jpg,0,0.4,0,30.0386
C:\Users\acer\Documents\GitHub\temporal-xai-driving\examples\IMG\center_2026_05_16_12_57_39_569.jpg,C:\Users\acer\Documents\GitHub\temporal-xai-driving\examples\IMG\left_2026_05_16_12_57_39_569.jpg,C:\Users\acer\Documents\GitHub\temporal-xai-driving\examples\IMG\right_2026_05_16_12_57_39_569.jpg,0,0.4,0,30.03863
C:\Users\acer\Documents\GitHub\temporal-xai-driving\examples\IMG\center_2026_05_16_12_57_39_655.jpg,C:\Users\acer\Documents\GitHub\temporal-xai-driving\examples\IMG\left_2026_05_16_12_57_39_655.jpg,C:\Users\acer\Documents\GitHub\temporal-xai-driving\examples\IMG\right_2026_05_16_12_57_39_655.jpg,0,0.4,0,30.03847
C:\Users\acer\Documents\GitHub\temporal-xai-driving\examples\IMG\center_2026_05_16_12_57_39_735.jpg,C:\Users\acer\Documents\GitHub\temporal-xai-driving\examples\IMG\left_2026_05_16_12_57_39_735.jpg,C:\Users\acer\Documents\GitHub\temporal-xai-driving\examples\IMG\right_2026_05_16_12_57_39_735.jpg,0,0.4,0,30.03836
C:\Users\acer\Documents\GitHub\temporal-xai-driving\examples\IMG\center_2026_05_16_12_57_39_811.jpg,C:\Users\acer\Documents\GitHub\temporal-xai-driving\examples\IMG\left_2026_05_16_12_57_39_811.jpg,C:\Users\acer\Documents\GitHub\temporal-xai-driving\examples\IMG\right_2026_05_16_12_57_39_811.jpg,0,0.4,0,30.03829
C:\Users\acer\Documents\GitHub\temporal-xai-driving\examples\IMG\center_2026_05_16_12_57_39_891.jpg,C:\Users\acer\Documents\GitHub\temporal-xai-driving\examples\IMG\left_2026_05_16_12_57_39_891.jpg,C:\Users\acer\Documents\GitHub\temporal-xai-driving\examples\IMG\right_2026_05_16_12_57_39_891.jpg,0,0.4,0,30.03835
C:\Users\acer\Documents\GitHub\temporal-xai-driving\examples\IMG\center_2026_05_16_12_57_39_959.jpg,C:\Users\acer\Documents\GitHub\temporal-xai-driving\examples\IMG\left_2026_05_16_12_57_39_959.jpg,C:\Users\acer\Documents\GitHub\temporal-xai-driving\examples\IMG\right_2026_05_16_12_57_39_959.jpg,0,0.4,0,30.03837
C:\Users\acer\Documents\GitHub\temporal-xai-driving\examples\IMG\center_2026_05_16_12_57_40_040.jpg,C:\Users\acer\Documents\GitHub\temporal-xai-driving\examples\IMG\left_2026_05_16_12_57_40_040.jpg,C:\Users\acer\Documents\GitHub\temporal-xai-driving\examples\IMG\right_2026_05_16_12_57_40_040.jpg,0,0.4,0,30.03838
C:\Users\acer\Documents\GitHub\temporal-xai-driving\examples\IMG\center_2026_05_16_12_57_40_118.jpg,C:\Users\acer\Documents\GitHub\temporal-xai-driving\examples\IMG\left_2026_05_16_12_57_40_118.jpg,C:\Users\acer\Documents\GitHub\temporal-xai-driving\examples\IMG\right_2026_05_16_12_57_40_118.jpg,0,0.4,0,30.03837
C:\Users\acer\Documents\GitHub\temporal-xai-driving\examples\IMG\center_2026_05_16_12_57_40_196.jpg,C:\Users\acer\Documents\GitHub\temporal-xai-driving\examples\IMG\left_2026_05_16_12_57_40_196.jpg,C:\Users\acer\Documents\GitHub\temporal-xai-driving\examples\IMG\right_2026_05_16_12_57_40_196.jpg,0,0.4,0,30.03839
C:\Users\acer\Documents\GitHub\temporal-xai-driving\examples\IMG\center_2026_05_16_12_57_40_268.jpg,C:\Users\acer\Documents\GitHub\temporal-xai-driving\examples\IMG\left_2026_05_16_12_57_40_268.jpg,C:\Users\acer\Documents\GitHub\temporal-xai-driving\examples\IMG\right_2026_05_16_12_57_40_268.jpg,0,0.4,0,30.03838
C:\Users\acer\Documents\GitHub\temporal-xai-driving\examples\IMG\center_2026_05_16_12_57_40_347.jpg,C:\Users\acer\Documents\GitHub\temporal-xai-driving\examples\IMG\left_2026_05_16_12_57_40_347.jpg,C:\Users\acer\Documents\GitHub\temporal-xai-driving\examples\IMG\right_2026_05_16_12_57_40_347.jpg,0,0.4,0,30.03837
C:\Users\acer\Documents\GitHub\temporal-xai-driving\examples\IMG\center_2026_05_16_12_57_40_431.jpg,C:\Users\acer\Documents\GitHub\temporal-xai-driving\examples\IMG\left_2026_05_16_12_57_40_431.jpg,C:\Users\acer\Documents\GitHub\temporal-xai-driving\examples\IMG\right_2026_05_16_12_57_40_431.jpg,0,0.4,0,30.03838
C:\Users\acer\Documents\GitHub\temporal-xai-driving\examples\IMG\center_2026_05_16_12_57_40_523.jpg,C:\Users\acer\Documents\GitHub\temporal-xai-driving\examples\IMG\left_2026_05_16_12_57_40_523.jpg,C:\Users\acer\Documents\GitHub\temporal-xai-driving\examples\IMG\right_2026_05_16_12_57_40_523.jpg,0,0.4,0,30.03836
C:\Users\acer\Documents\GitHub\temporal-xai-driving\examples\IMG\center_2026_05_16_12_57_40_612.jpg,C:\Users\acer\Documents\GitHub\temporal-xai-driving\examples\IMG\left_2026_05_16_12_57_40_612.jpg,C:\Users\acer\Documents\GitHub\temporal-xai-driving\examples\IMG\right_2026_05_16_12_57_40_612.jpg,0,0.4,0,30.03837
C:\Users\acer\Documents\GitHub\temporal-xai-driving\examples\IMG\center_2026_05_16_12_57_40_694.jpg,C:\Users\acer\Documents\GitHub\temporal-xai-driving\examples\IMG\left_2026_05_16_12_57_40_694.jpg,C:\Users\acer\Documents\GitHub\temporal-xai-driving\examples\IMG\right_2026_05_16_12_57_40_694.jpg,0,0.4,0,30.03837
C:\Users\acer\Documents\GitHub\temporal-xai-driving\examples\IMG\center_2026_05_16_12_57_40_778.jpg,C:\Users\acer\Documents\GitHub\temporal-xai-driving\examples\IMG\left_2026_05_16_12_57_40_778.jpg,C:\Users\acer\Documents\GitHub\temporal-xai-driving\examples\IMG\right_2026_05_16_12_57_40_778.jpg,0,0.4,0,30.03839
C:\Users\acer\Documents\GitHub\temporal-xai-driving\examples\IMG\center_2026_05_16_12_57_40_855.jpg,C:\Users\acer\Documents\GitHub\temporal-xai-driving\examples\IMG\left_2026_05_16_12_57_40_855.jpg,C:\Users\acer\Documents\GitHub\temporal-xai-driving\examples\IMG\right_2026_05_16_12_57_40_855.jpg,0,0.4,0,30.03837
C:\Users\acer\Documents\GitHub\temporal-xai-driving\examples\IMG\center_2026_05_16_12_57_40_932.jpg,C:\Users\acer\Documents\GitHub\temporal-xai-driving\examples\IMG\left_2026_05_16_12_57_40_932.jpg,C:\Users\acer\Documents\GitHub\temporal-xai-driving\examples\IMG\right_2026_05_16_12_57_40_932.jpg,0,0.4,0,30.03838
C:\Users\acer\Documents\GitHub\temporal-xai-driving\examples\IMG\center_2026_05_16_12_57_41_012.jpg,C:\Users\acer\Documents\GitHub\temporal-xai-driving\examples\IMG\left_2026_05_16_12_57_41_012.jpg,C:\Users\acer\Documents\GitHub\temporal-xai-driving\examples\IMG\right_2026_05_16_12_57_41_012.jpg,0,0.4,0,30.03838
C:\Users\acer\Documents\GitHub\temporal-xai-driving\examples\IMG\center_2026_05_16_12_57_41_090.jpg,C:\Users\acer\Documents\GitHub\temporal-xai-driving\examples\IMG\left_2026_05_16_12_57_41_090.jpg,C:\Users\acer\Documents\GitHub\temporal-xai-driving\examples\IMG\right_2026_05_16_12_57_41_090.jpg,-0.2,0.4,0,30.02798
C:\Users\acer\Documents\GitHub\temporal-xai-driving\examples\IMG\center_2026_05_16_12_57_41_164.jpg,C:\Users\acer\Documents\GitHub\temporal-xai-driving\examples\IMG\left_2026_05_16_12_57_41_164.jpg,C:\Users\acer\Documents\GitHub\temporal-xai-driving\examples\IMG\right_2026_05_16_12_57_41_164.jpg,0,0.4,0,30.03938
C:\Users\acer\Documents\GitHub\temporal-xai-driving\examples\IMG\center_2026_05_16_12_57_41_242.jpg,C:\Users\acer\Documents\GitHub\temporal-xai-driving\examples\IMG\left_2026_05_16_12_57_41_242.jpg,C:\Users\acer\Documents\GitHub\temporal-xai-driving\examples\IMG\right_2026_05_16_12_57_41_242.jpg,0,0.4,0,30.03818
C:\Users\acer\Documents\GitHub\temporal-xai-driving\examples\IMG\center_2026_05_16_12_57_41_309.jpg,C:\Users\acer\Documents\GitHub\temporal-xai-driving\examples\IMG\left_2026_05_16_12_57_41_309.jpg,C:\Users\acer\Documents\GitHub\temporal-xai-driving\examples\IMG\right_2026_05_16_12_57_41_309.jpg,0,0.4,0,30.03826
C:\Users\acer\Documents\GitHub\temporal-xai-driving\examples\IMG\center_2026_05_16_12_57_41_402.jpg,C:\Users\acer\Documents\GitHub\temporal-xai-driving\examples\IMG\left_2026_05_16_12_57_41_402.jpg,C:\Users\acer\Documents\GitHub\temporal-xai-driving\examples\IMG\right_2026_05_16_12_57_41_402.jpg,0,0.4,0,30.03835
C:\Users\acer\Documents\GitHub\temporal-xai-driving\examples\IMG\center_2026_05_16_12_57_41_472.jpg,C:\Users\acer\Documents\GitHub\temporal-xai-driving\examples\IMG\left_2026_05_16_12_57_41_472.jpg,C:\Users\acer\Documents\GitHub\temporal-xai-driving\examples\IMG\right_2026_05_16_12_57_41_472.jpg,0,0.4,0,30.03838
C:\Users\acer\Documents\GitHub\temporal-xai-driving\examples\IMG\center_2026_05_16_12_57_41_545.jpg,C:\Users\acer\Documents\GitHub\temporal-xai-driving\examples\IMG\left_2026_05_16_12_57_41_545.jpg,C:\Users\acer\Documents\GitHub\temporal-xai-driving\examples\IMG\right_2026_05_16_12_57_41_545.jpg,0,0.4,0,30.03838
C:\Users\acer\Documents\GitHub\temporal-xai-driving\examples\IMG\center_2026_05_16_12_57_41_618.jpg,C:\Users\acer\Documents\GitHub\temporal-xai-driving\examples\IMG\left_2026_05_16_12_57_41_618.jpg,C:\Users\acer\Documents\GitHub\temporal-xai-driving\examples\IMG\right_2026_05_16_12_57_41_618.jpg,0,0.4,0,30.03838
C:\Users\acer\Documents\GitHub\temporal-xai-driving\examples\IMG\center_2026_05_16_12_57_41_692.jpg,C:\Users\acer\Documents\GitHub\temporal-xai-driving\examples\IMG\left_2026_05_16_12_57_41_692.jpg,C:\Users\acer\Documents\GitHub\temporal-xai-driving\examples\IMG\right_2026_05_16_12_57_41_692.jpg,0,0.4,0,30.03837
C:\Users\acer\Documents\GitHub\temporal-xai-driving\examples\IMG\center_2026_05_16_12_57_41_764.jpg,C:\Users\acer\Documents\GitHub\temporal-xai-driving\examples\IMG\left_2026_05_16_12_57_41_764.jpg,C:\Users\acer\Documents\GitHub\temporal-xai-driving\examples\IMG\right_2026_05_16_12_57_41_764.jpg,-0.15,0.4,0,30.03238
C:\Users\acer\Documents\GitHub\temporal-xai-driving\examples\IMG\center_2026_05_16_12_57_41_838.jpg,C:\Users\acer\Documents\GitHub\temporal-xai-driving\examples\IMG\left_2026_05_16_12_57_41_838.jpg,C:\Users\acer\Documents\GitHub\temporal-xai-driving\examples\IMG\right_2026_05_16_12_57_41_838.jpg,-0.3,0.4,0,30.01745
C:\Users\acer\Documents\GitHub\temporal-xai-driving\examples\IMG\center_2026_05_16_12_57_41_913.jpg,C:\Users\acer\Documents\GitHub\temporal-xai-driving\examples\IMG\left_2026_05_16_12_57_41_913.jpg,C:\Users\acer\Documents\GitHub\temporal-xai-driving\examples\IMG\right_2026_05_16_12_57_41_913.jpg,0,0.4,0,30.03827
C:\Users\acer\Documents\GitHub\temporal-xai-driving\examples\IMG\center_2026_05_16_12_57_41_989.jpg,C:\Users\acer\Documents\GitHub\temporal-xai-driving\examples\IMG\left_2026_05_16_12_57_41_989.jpg,C:\Users\acer\Documents\GitHub\temporal-xai-driving\examples\IMG\right_2026_05_16_12_57_41_989.jpg,0,0.4,0,30.03823
C:\Users\acer\Documents\GitHub\temporal-xai-driving\examples\IMG\center_2026_05_16_12_57_42_068.jpg,C:\Users\acer\Documents\GitHub\temporal-xai-driving\examples\IMG\left_2026_05_16_12_57_42_068.jpg,C:\Users\acer\Documents\GitHub\temporal-xai-driving\examples\IMG\right_2026_05_16_12_57_42_068.jpg,0,0.4,0,30.03834
C:\Users\acer\Documents\GitHub\temporal-xai-driving\examples\IMG\center_2026_05_16_12_57_42_145.jpg,C:\Users\acer\Documents\GitHub\temporal-xai-driving\examples\IMG\left_2026_05_16_12_57_42_145.jpg,C:\Users\acer\Documents\GitHub\temporal-xai-driving\examples\IMG\right_2026_05_16_12_57_42_145.jpg,-0.2,0.4,0,30.02897
C:\Users\acer\Documents\GitHub\temporal-xai-driving\examples\IMG\center_2026_05_16_12_57_42_244.jpg,C:\Users\acer\Documents\GitHub\temporal-xai-driving\examples\IMG\left_2026_05_16_12_57_42_244.jpg,C:\Users\acer\Documents\GitHub\temporal-xai-driving\examples\IMG\right_2026_05_16_12_57_42_244.jpg,-0.45,0.4,0,30.00042
C:\Users\acer\Documents\GitHub\temporal-xai-driving\examples\IMG\center_2026_05_16_12_57_42_331.jpg,C:\Users\acer\Documents\GitHub\temporal-xai-driving\examples\IMG\left_2026_05_16_12_57_42_331.jpg,C:\Users\acer\Documents\GitHub\temporal-xai-driving\examples\IMG\right_2026_05_16_12_57_42_331.jpg,0,0.4,0,30.03114
C:\Users\acer\Documents\GitHub\temporal-xai-driving\examples\IMG\center_2026_05_16_12_57_42_405.jpg,C:\Users\acer\Documents\GitHub\temporal-xai-driving\examples\IMG\left_2026_05_16_12_57_42_405.jpg,C:\Users\acer\Documents\GitHub\temporal-xai-driving\examples\IMG\right_2026_05_16_12_57_42_405.jpg,0,0.4,0,30.0366
C:\Users\acer\Documents\GitHub\temporal-xai-driving\examples\IMG\center_2026_05_16_12_57_42_479.jpg,C:\Users\acer\Documents\GitHub\temporal-xai-driving\examples\IMG\left_2026_05_16_12_57_42_479.jpg,C:\Users\acer\Documents\GitHub\temporal-xai-driving\examples\IMG\right_2026_05_16_12_57_42_479.jpg,0,0.4,0,30.03787
C:\Users\acer\Documents\GitHub\temporal-xai-driving\examples\IMG\center_2026_05_16_12_57_42_553.jpg,C:\Users\acer\Documents\GitHub\temporal-xai-driving\examples\IMG\left_2026_05_16_12_57_42_553.jpg,C:\Users\acer\Documents\GitHub\temporal-xai-driving\examples\IMG\right_2026_05_16_12_57_42_553.jpg,-0.05,0.4,0,30.03786
C:\Users\acer\Documents\GitHub\temporal-xai-driving\examples\IMG\center_2026_05_16_12_57_42_623.jpg,C:\Users\acer\Documents\GitHub\temporal-xai-driving\examples\IMG\left_2026_05_16_12_57_42_623.jpg,C:\Users\acer\Documents\GitHub\temporal-xai-driving\examples\IMG\right_2026_05_16_12_57_42_623.jpg,-0.25,0.4,0,30.02473
C:\Users\acer\Documents\GitHub\temporal-xai-driving\examples\IMG\center_2026_05_16_12_57_42_695.jpg,C:\Users\acer\Documents\GitHub\temporal-xai-driving\examples\IMG\left_2026_05_16_12_57_42_695.jpg,C:\Users\acer\Documents\GitHub\temporal-xai-driving\examples\IMG\right_2026_05_16_12_57_42_695.jpg,0,0.4,0,30.03152
C:\Users\acer\Documents\GitHub\temporal-xai-driving\examples\IMG\center_2026_05_16_12_57_42_766.jpg,C:\Users\acer\Documents\GitHub\temporal-xai-driving\examples\IMG\left_2026_05_16_12_57_42_766.jpg,C:\Users\acer\Documents\GitHub\temporal-xai-driving\examples\IMG\right_2026_05_16_12_57_42_766.jpg,0,0.4,0,30.03723
C:\Users\acer\Documents\GitHub\temporal-xai-driving\examples\IMG\center_2026_05_16_12_57_42_837.jpg,C:\Users\acer\Documents\GitHub\temporal-xai-driving\examples\IMG\left_2026_05_16_12_57_42_837.jpg,C:\Users\acer\Documents\GitHub\temporal-xai-driving\examples\IMG\right_2026_05_16_12_57_42_837.jpg,0,0.4,0,30.03801
C:\Users\acer\Documents\GitHub\temporal-xai-driving\examples\IMG\center_2026_05_16_12_57_42_909.jpg,C:\Users\acer\Documents\GitHub\temporal-xai-driving\examples\IMG\left_2026_05_16_12_57_42_909.jpg,C:\Users\acer\Documents\GitHub\temporal-xai-driving\examples\IMG\right_2026_05_16_12_57_42_909.jpg,-0.05,0.4,0,30.03781
C:\Users\acer\Documents\GitHub\temporal-xai-driving\examples\IMG\center_2026_05_16_12_57_42_982.jpg,C:\Users\acer\Documents\GitHub\temporal-xai-driving\examples\IMG\left_2026_05_16_12_57_42_982.jpg,C:\Users\acer\Documents\GitHub\temporal-xai-driving\examples\IMG\right_2026_05_16_12_57_42_982.jpg,-0.25,0.4,0,30.0232
C:\Users\acer\Documents\GitHub\temporal-xai-driving\examples\IMG\center_2026_05_16_12_57_43_051.jpg,C:\Users\acer\Documents\GitHub\temporal-xai-driving\examples\IMG\left_2026_05_16_12_57_43_051.jpg,C:\Users\acer\Documents\GitHub\temporal-xai-driving\examples\IMG\right_2026_05_16_12_57_43_051.jpg,-0.4,0.4,0,30.00621
C:\Users\acer\Documents\GitHub\temporal-xai-driving\examples\IMG\center_2026_05_16_12_57_43_124.jpg,C:\Users\acer\Documents\GitHub\temporal-xai-driving\examples\IMG\left_2026_05_16_12_57_43_124.jpg,C:\Users\acer\Documents\GitHub\temporal-xai-driving\examples\IMG\right_2026_05_16_12_57_43_124.jpg,0,0.4,0,30.03726
C:\Users\acer\Documents\GitHub\temporal-xai-driving\examples\IMG\center_2026_05_16_12_57_43_196.jpg,C:\Users\acer\Documents\GitHub\temporal-xai-driving\examples\IMG\left_2026_05_16_12_57_43_196.jpg,C:\Users\acer\Documents\GitHub\temporal-xai-driving\examples\IMG\right_2026_05_16_12_57_43_196.jpg,0,0.4,0,30.03761
C:\Users\acer\Documents\GitHub\temporal-xai-driving\examples\IMG\center_2026_05_16_12_57_43_267.jpg,C:\Users\acer\Documents\GitHub\temporal-xai-driving\examples\IMG\left_2026_05_16_12_57_43_267.jpg,C:\Users\acer\Documents\GitHub\temporal-xai-driving\examples\IMG\right_2026_05_16_12_57_43_267.jpg,-0.15,0.4,0,30.03473
C:\Users\acer\Documents\GitHub\temporal-xai-driving\examples\IMG\center_2026_05_16_12_57_43_338.jpg,C:\Users\acer\Documents\GitHub\temporal-xai-driving\examples\IMG\left_2026_05_16_12_57_43_338.jpg,C:\Users\acer\Documents\GitHub\temporal-xai-driving\examples\IMG\right_2026_05_16_12_57_43_338.jpg,-0.3,0.4,0,30.01973
C:\Users\acer\Documents\GitHub\temporal-xai-driving\examples\IMG\center_2026_05_16_12_57_43_408.jpg,C:\Users\acer\Documents\GitHub\temporal-xai-driving\examples\IMG\left_2026_05_16_12_57_43_408.jpg,C:\Users\acer\Documents\GitHub\temporal-xai-driving\examples\IMG\right_2026_05_16_12_57_43_408.jpg,-0.5000001,0.4,0,29.99449
C:\Users\acer\Documents\GitHub\temporal-xai-driving\examples\IMG\center_2026_05_16_12_57_43_481.jpg,C:\Users\acer\Documents\GitHub\temporal-xai-driving\examples\IMG\left_2026_05_16_12_57_43_481.jpg,C:\Users\acer\Documents\GitHub\temporal-xai-driving\examples\IMG\right_2026_05_16_12_57_43_481.jpg,-0.6500001,0.4,0,29.94155
C:\Users\acer\Documents\GitHub\temporal-xai-driving\examples\IMG\center_2026_05_16_12_57_43_549.jpg,C:\Users\acer\Documents\GitHub\temporal-xai-driving\examples\IMG\left_2026_05_16_12_57_43_549.jpg,C:\Users\acer\Documents\GitHub\temporal-xai-driving\examples\IMG\right_2026_05_16_12_57_43_549.jpg,0,0.4,0,30.03175
C:\Users\acer\Documents\GitHub\temporal-xai-driving\examples\IMG\center_2026_05_16_12_57_43_618.jpg,C:\Users\acer\Documents\GitHub\temporal-xai-driving\examples\IMG\left_2026_05_16_12_57_43_618.jpg,C:\Users\acer\Documents\GitHub\temporal-xai-driving\examples\IMG\right_2026_05_16_12_57_43_618.jpg,0,0.4,0,30.0365
C:\Users\acer\Documents\GitHub\temporal-xai-driving\examples\IMG\center_2026_05_16_12_57_43_686.jpg,C:\Users\acer\Documents\GitHub\temporal-xai-driving\examples\IMG\left_2026_05_16_12_57_43_686.jpg,C:\Users\acer\Documents\GitHub\temporal-xai-driving\examples\IMG\right_2026_05_16_12_57_43_686.jpg,0,0.4,0,30.03837
C:\Users\acer\Documents\GitHub\temporal-xai-driving\examples\IMG\center_2026_05_16_12_57_43_754.jpg,C:\Users\acer\Documents\GitHub\temporal-xai-driving\examples\IMG\left_2026_05_16_12_57_43_754.jpg,C:\Users\acer\Documents\GitHub\temporal-xai-driving\examples\IMG\right_2026_05_16_12_57_43_754.jpg,0,0.4,0,30.03842
C:\Users\acer\Documents\GitHub\temporal-xai-driving\examples\IMG\center_2026_05_16_12_57_43_823.jpg,C:\Users\acer\Documents\GitHub\temporal-xai-driving\examples\IMG\left_2026_05_16_12_57_43_823.jpg,C:\Users\acer\Documents\GitHub\temporal-xai-driving\examples\IMG\right_2026_05_16_12_57_43_823.jpg,-0.1,0.4,0,30.03616
C:\Users\acer\Documents\GitHub\temporal-xai-driving\examples\IMG\center_2026_05_16_12_57_43_900.jpg,C:\Users\acer\Documents\GitHub\temporal-xai-driving\examples\IMG\left_2026_05_16_12_57_43_900.jpg,C:\Users\acer\Documents\GitHub\temporal-xai-driving\examples\IMG\right_2026_05_16_12_57_43_900.jpg,-0.25,0.4,0,30.02455
C:\Users\acer\Documents\GitHub\temporal-xai-driving\examples\IMG\center_2026_05_16_12_57_43_968.jpg,C:\Users\acer\Documents\GitHub\temporal-xai-driving\examples\IMG\left_2026_05_16_12_57_43_968.jpg,C:\Users\acer\Documents\GitHub\temporal-xai-driving\examples\IMG\right_2026_05_16_12_57_43_968.jpg,-0.45,0.4,0,30.00024
C:\Users\acer\Documents\GitHub\temporal-xai-driving\examples\IMG\center_2026_05_16_12_57_44_059.jpg,C:\Users\acer\Documents\GitHub\temporal-xai-driving\examples\IMG\left_2026_05_16_12_57_44_059.jpg,C:\Users\acer\Documents\GitHub\temporal-xai-driving\examples\IMG\right_2026_05_16_12_57_44_059.jpg,-0.6500001,0.4,0,29.94472
C:\Users\acer\Documents\GitHub\temporal-xai-driving\examples\IMG\center_2026_05_16_12_57_44_139.jpg,C:\Users\acer\Documents\GitHub\temporal-xai-driving\examples\IMG\left_2026_05_16_12_57_44_139.jpg,C:\Users\acer\Documents\GitHub\temporal-xai-driving\examples\IMG\right_2026_05_16_12_57_44_139.jpg,0,0.4,0,29.98721
C:\Users\acer\Documents\GitHub\temporal-xai-driving\examples\IMG\center_2026_05_16_12_57_44_231.jpg,C:\Users\acer\Documents\GitHub\temporal-xai-driving\examples\IMG\left_2026_05_16_12_57_44_231.jpg,C:\Users\acer\Documents\GitHub\temporal-xai-driving\examples\IMG\right_2026_05_16_12_57_44_231.jpg,0,0.4,0,30.03647
C:\Users\acer\Documents\GitHub\temporal-xai-driving\examples\IMG\center_2026_05_16_12_57_44_307.jpg,C:\Users\acer\Documents\GitHub\temporal-xai-driving\examples\IMG\left_2026_05_16_12_57_44_307.jpg,C:\Users\acer\Documents\GitHub\temporal-xai-driving\examples\IMG\right_2026_05_16_12_57_44_307.jpg,0,0.4,0,30.03882
C:\Users\acer\Documents\GitHub\temporal-xai-driving\examples\IMG\center_2026_05_16_12_57_44_375.jpg,C:\Users\acer\Documents\GitHub\temporal-xai-driving\examples\IMG\left_2026_05_16_12_57_44_375.jpg,C:\Users\acer\Documents\GitHub\temporal-xai-driving\examples\IMG\right_2026_05_16_12_57_44_375.jpg,0,0.4,0,30.03885
C:\Users\acer\Documents\GitHub\temporal-xai-driving\examples\IMG\center_2026_05_16_12_57_44_446.jpg,C:\Users\acer\Documents\GitHub\temporal-xai-driving\examples\IMG\left_2026_05_16_12_57_44_446.jpg,C:\Users\acer\Documents\GitHub\temporal-xai-driving\examples\IMG\right_2026_05_16_12_57_44_446.jpg,0,0.4,0,30.03828
C:\Users\acer\Documents\GitHub\temporal-xai-driving\examples\IMG\center_2026_05_16_12_57_44_516.jpg,C:\Users\acer\Documents\GitHub\temporal-xai-driving\examples\IMG\left_2026_05_16_12_57_44_516.jpg,C:\Users\acer\Documents\GitHub\temporal-xai-driving\examples\IMG\right_2026_05_16_12_57_44_516.jpg,-0.15,0.4,0,30.03317
C:\Users\acer\Documents\GitHub\temporal-xai-driving\examples\IMG\center_2026_05_16_12_57_44_585.jpg,C:\Users\acer\Documents\GitHub\temporal-xai-driving\examples\IMG\left_2026_05_16_12_57_44_585.jpg,C:\Users\acer\Documents\GitHub\temporal-xai-driving\examples\IMG\right_2026_05_16_12_57_44_585.jpg,-0.35,0.4,0,30.01224
C:\Users\acer\Documents\GitHub\temporal-xai-driving\examples\IMG\center_2026_05_16_12_57_44_654.jpg,C:\Users\acer\Documents\GitHub\temporal-xai-driving\examples\IMG\left_2026_05_16_12_57_44_654.jpg,C:\Users\acer\Documents\GitHub\temporal-xai-driving\examples\IMG\right_2026_05_16_12_57_44_654.jpg,-0.5000001,0.4,0,29.99398
C:\Users\acer\Documents\GitHub\temporal-xai-driving\examples\IMG\center_2026_05_16_12_57_44_723.jpg,C:\Users\acer\Documents\GitHub\temporal-xai-driving\examples\IMG\left_2026_05_16_12_57_44_723.jpg,C:\Users\acer\Documents\GitHub\temporal-xai-driving\examples\IMG\right_2026_05_16_12_57_44_723.jpg,-0.7,0.4,0,29.91099
C:\Users\acer\Documents\GitHub\temporal-xai-driving\examples\IMG\center_2026_05_16_12_57_44_792.jpg,C:\Users\acer\Documents\GitHub\temporal-xai-driving\examples\IMG\left_2026_05_16_12_57_44_792.jpg,C:\Users\acer\Documents\GitHub\temporal-xai-driving\examples\IMG\right_2026_05_16_12_57_44_792.jpg,-0.8500001,0.4,0,29.7907
C:\Users\acer\Documents\GitHub\temporal-xai-driving\examples\IMG\center_2026_05_16_12_57_44_863.jpg,C:\Users\acer\Documents\GitHub\temporal-xai-driving\examples\IMG\left_2026_05_16_12_57_44_863.jpg,C:\Users\acer\Documents\GitHub\temporal-xai-driving\examples\IMG\right_2026_05_16_12_57_44_863.jpg,-1,0.4,0,29.57138
C:\Users\acer\Documents\GitHub\temporal-xai-driving\examples\IMG\center_2026_05_16_12_57_44_933.jpg,C:\Users\acer\Documents\GitHub\temporal-xai-driving\examples\IMG\left_2026_05_16_12_57_44_933.jpg,C:\Users\acer\Documents\GitHub\temporal-xai-driving\examples\IMG\right_2026_05_16_12_57_44_933.jpg,0,0.4,0,29.60759
C:\Users\acer\Documents\GitHub\temporal-xai-driving\examples\IMG\center_2026_05_16_12_57_45_004.jpg,C:\Users\acer\Documents\GitHub\temporal-xai-driving\examples\IMG\left_2026_05_16_12_57_45_004.jpg,C:\Users\acer\Documents\GitHub\temporal-xai-driving\examples\IMG\right_2026_05_16_12_57_45_004.jpg,0,0.4,0,29.70141
C:\Users\acer\Documents\GitHub\temporal-xai-driving\examples\IMG\center_2026_05_16_12_57_45_075.jpg,C:\Users\acer\Documents\GitHub\temporal-xai-driving\examples\IMG\left_2026_05_16_12_57_45_075.jpg,C:\Users\acer\Documents\GitHub\temporal-xai-driving\examples\IMG\right_2026_05_16_12_57_45_075.jpg,0,0.4,0,29.80238
C:\Users\acer\Documents\GitHub\temporal-xai-driving\examples\IMG\center_2026_05_16_12_57_45_146.jpg,C:\Users\acer\Documents\GitHub\temporal-xai-driving\examples\IMG\left_2026_05_16_12_57_45_146.jpg,C:\Users\acer\Documents\GitHub\temporal-xai-driving\examples\IMG\right_2026_05_16_12_57_45_146.jpg,0,0.4,0,29.94761
C:\Users\acer\Documents\GitHub\temporal-xai-driving\examples\IMG\center_2026_05_16_12_57_45_217.jpg,C:\Users\acer\Documents\GitHub\temporal-xai-driving\examples\IMG\left_2026_05_16_12_57_45_217.jpg,C:\Users\acer\Documents\GitHub\temporal-xai-driving\examples\IMG\right_2026_05_16_12_57_45_217.jpg,0,0.4,0,30.03765
C:\Users\acer\Documents\GitHub\temporal-xai-driving\examples\IMG\center_2026_05_16_12_57_45_288.jpg,C:\Users\acer\Documents\GitHub\temporal-xai-driving\examples\IMG\left_2026_05_16_12_57_45_288.jpg,C:\Users\acer\Documents\GitHub\temporal-xai-driving\examples\IMG\right_2026_05_16_12_57_45_288.jpg,0,0.4,0,30.03808
C:\Users\acer\Documents\GitHub\temporal-xai-driving\examples\IMG\center_2026_05_16_12_57_45_359.jpg,C:\Users\acer\Documents\GitHub\temporal-xai-driving\examples\IMG\left_2026_05_16_12_57_45_359.jpg,C:\Users\acer\Documents\GitHub\temporal-xai-driving\examples\IMG\right_2026_05_16_12_57_45_359.jpg,0,0.4,0,30.03791
C:\Users\acer\Documents\GitHub\temporal-xai-driving\examples\IMG\center_2026_05_16_12_57_45_432.jpg,C:\Users\acer\Documents\GitHub\temporal-xai-driving\examples\IMG\left_2026_05_16_12_57_45_432.jpg,C:\Users\acer\Documents\GitHub\temporal-xai-driving\examples\IMG\right_2026_05_16_12_57_45_432.jpg,0,0.4,0,30.0376
C:\Users\acer\Documents\GitHub\temporal-xai-driving\examples\IMG\center_2026_05_16_12_57_45_502.jpg,C:\Users\acer\Documents\GitHub\temporal-xai-driving\examples\IMG\left_2026_05_16_12_57_45_502.jpg,C:\Users\acer\Documents\GitHub\temporal-xai-driving\examples\IMG\right_2026_05_16_12_57_45_502.jpg,-0.15,0.4,0,30.03193
C:\Users\acer\Documents\GitHub\temporal-xai-driving\examples\IMG\center_2026_05_16_12_57_45_574.jpg,C:\Users\acer\Documents\GitHub\temporal-xai-driving\examples\IMG\left_2026_05_16_12_57_45_574.jpg,C:\Users\acer\Documents\GitHub\temporal-xai-driving\examples\IMG\right_2026_05_16_12_57_45_574.jpg,-0.3,0.4,0,30.01702
C:\Users\acer\Documents\GitHub\temporal-xai-driving\examples\IMG\center_2026_05_16_12_57_45_645.jpg,C:\Users\acer\Documents\GitHub\temporal-xai-driving\examples\IMG\left_2026_05_16_12_57_45_645.jpg,C:\Users\acer\Documents\GitHub\temporal-xai-driving\examples\IMG\right_2026_05_16_12_57_45_645.jpg,-0.5000001,0.4,0,29.99291
C:\Users\acer\Documents\GitHub\temporal-xai-driving\examples\IMG\center_2026_05_16_12_57_45_715.jpg,C:\Users\acer\Documents\GitHub\temporal-xai-driving\examples\IMG\left_2026_05_16_12_57_45_715.jpg,C:\Users\acer\Documents\GitHub\temporal-xai-driving\examples\IMG\right_2026_05_16_12_57_45_715.jpg,-0.6500001,0.4,0,29.93924
C:\Users\acer\Documents\GitHub\temporal-xai-driving\examples\IMG\center_2026_05_16_12_57_45_787.jpg,C:\Users\acer\Documents\GitHub\temporal-xai-driving\examples\IMG\left_2026_05_16_12_57_45_787.jpg,C:\Users\acer\Documents\GitHub\temporal-xai-driving\examples\IMG\right_2026_05_16_12_57_45_787.jpg,-0.8500001,0.4,0,29.79149
C:\Users\acer\Documents\GitHub\temporal-xai-driving\examples\IMG\center_2026_05_16_12_57_45_860.jpg,C:\Users\acer\Documents\GitHub\temporal-xai-driving\examples\IMG\left_2026_05_16_12_57_45_860.jpg,C:\Users\acer\Documents\GitHub\temporal-xai-driving\examples\IMG\right_2026_05_16_12_57_45_860.jpg,0,0.4,0,29.76317
C:\Users\acer\Documents\GitHub\temporal-xai-driving\examples\IMG\center_2026_05_16_12_57_45_932.jpg,C:\Users\acer\Documents\GitHub\temporal-xai-driving\examples\IMG\left_2026_05_16_12_57_45_932.jpg,C:\Users\acer\Documents\GitHub\temporal-xai-driving\examples\IMG\right_2026_05_16_12_57_45_932.jpg,0,0.4,0,29.86248
C:\Users\acer\Documents\GitHub\temporal-xai-driving\examples\IMG\center_2026_05_16_12_57_46_005.jpg,C:\Users\acer\Documents\GitHub\temporal-xai-driving\examples\IMG\left_2026_05_16_12_57_46_005.jpg,C:\Users\acer\Documents\GitHub\temporal-xai-driving\examples\IMG\right_2026_05_16_12_57_46_005.jpg,0,0.4,0,29.99986
C:\Users\acer\Documents\GitHub\temporal-xai-driving\examples\IMG\center_2026_05_16_12_57_46_080.jpg,C:\Users\acer\Documents\GitHub\temporal-xai-driving\examples\IMG\left_2026_05_16_12_57_46_080.jpg,C:\Users\acer\Documents\GitHub\temporal-xai-driving\examples\IMG\right_2026_05_16_12_57_46_080.jpg,0,0.4,0,30.03766
C:\Users\acer\Documents\GitHub\temporal-xai-driving\examples\IMG\center_2026_05_16_12_57_46_158.jpg,C:\Users\acer\Documents\GitHub\temporal-xai-driving\examples\IMG\left_2026_05_16_12_57_46_158.jpg,C:\Users\acer\Documents\GitHub\temporal-xai-driving\examples\IMG\right_2026_05_16_12_57_46_158.jpg,0,0.4,0,30.03832
C:\Users\acer\Documents\GitHub\temporal-xai-driving\examples\IMG\center_2026_05_16_12_57_46_234.jpg,C:\Users\acer\Documents\GitHub\temporal-xai-driving\examples\IMG\left_2026_05_16_12_57_46_234.jpg,C:\Users\acer\Documents\GitHub\temporal-xai-driving\examples\IMG\right_2026_05_16_12_57_46_234.jpg,0,0.4,0,30.03844
C:\Users\acer\Documents\GitHub\temporal-xai-driving\examples\IMG\center_2026_05_16_12_57_46_324.jpg,C:\Users\acer\Documents\GitHub\temporal-xai-driving\examples\IMG\left_2026_05_16_12_57_46_324.jpg,C:\Users\acer\Documents\GitHub\temporal-xai-driving\examples\IMG\right_2026_05_16_12_57_46_324.jpg,0,0.4,0,30.03848
C:\Users\acer\Documents\GitHub\temporal-xai-driving\examples\IMG\center_2026_05_16_12_57_46_391.jpg,C:\Users\acer\Documents\GitHub\temporal-xai-driving\examples\IMG\left_2026_05_16_12_57_46_391.jpg,C:\Users\acer\Documents\GitHub\temporal-xai-driving\examples\IMG\right_2026_05_16_12_57_46_391.jpg,-0.15,0.4,0,30.03289
C:\Users\acer\Documents\GitHub\temporal-xai-driving\examples\IMG\center_2026_05_16_12_57_46_472.jpg,C:\Users\acer\Documents\GitHub\temporal-xai-driving\examples\IMG\left_2026_05_16_12_57_46_472.jpg,C:\Users\acer\Documents\GitHub\temporal-xai-driving\examples\IMG\right_2026_05_16_12_57_46_472.jpg,-0.35,0.4,0,30.01229
C:\Users\acer\Documents\GitHub\temporal-xai-driving\examples\IMG\center_2026_05_16_12_57_46_550.jpg,C:\Users\acer\Documents\GitHub\temporal-xai-driving\examples\IMG\left_2026_05_16_12_57_46_550.jpg,C:\Users\acer\Documents\GitHub\temporal-xai-driving\examples\IMG\right_2026_05_16_12_57_46_550.jpg,-0.5500001,0.4,0,29.98328
C:\Users\acer\Documents\GitHub\temporal-xai-driving\examples\IMG\center_2026_05_16_12_57_46_629.jpg,C:\Users\acer\Documents\GitHub\temporal-xai-driving\examples\IMG\left_2026_05_16_12_57_46_629.jpg,C:\Users\acer\Documents\GitHub\temporal-xai-driving\examples\IMG\right_2026_05_16_12_57_46_629.jpg,0,0.4,0,30.03486
C:\Users\acer\Documents\GitHub\temporal-xai-driving\examples\IMG\center_2026_05_16_12_57_46_709.jpg,C:\Users\acer\Documents\GitHub\temporal-xai-driving\examples\IMG\left_2026_05_16_12_57_46_709.jpg,C:\Users\acer\Documents\GitHub\temporal-xai-driving\examples\IMG\right_2026_05_16_12_57_46_709.jpg,0,0.4,0,30.03782
C:\Users\acer\Documents\GitHub\temporal-xai-driving\examples\IMG\center_2026_05_16_12_57_46_794.jpg,C:\Users\acer\Documents\GitHub\temporal-xai-driving\examples\IMG\left_2026_05_16_12_57_46_794.jpg,C:\Users\acer\Documents\GitHub\temporal-xai-driving\examples\IMG\right_2026_05_16_12_57_46_794.jpg,0,0.4,0,30.03855
C:\Users\acer\Documents\GitHub\temporal-xai-driving\examples\IMG\center_2026_05_16_12_57_46_873.jpg,C:\Users\acer\Documents\GitHub\temporal-xai-driving\examples\IMG\left_2026_05_16_12_57_46_873.jpg,C:\Users\acer\Documents\GitHub\temporal-xai-driving\examples\IMG\right_2026_05_16_12_57_46_873.jpg,0,0.4,0,30.03872
C:\Users\acer\Documents\GitHub\temporal-xai-driving\examples\IMG\center_2026_05_16_12_57_46_952.jpg,C:\Users\acer\Documents\GitHub\temporal-xai-driving\examples\IMG\left_2026_05_16_12_57_46_952.jpg,C:\Users\acer\Documents\GitHub\temporal-xai-driving\examples\IMG\right_2026_05_16_12_57_46_952.jpg,0,0.4,0,30.03874
C:\Users\acer\Documents\GitHub\temporal-xai-driving\examples\IMG\center_2026_05_16_12_57_47_034.jpg,C:\Users\acer\Documents\GitHub\temporal-xai-driving\examples\IMG\left_2026_05_16_12_57_47_034.jpg,C:\Users\acer\Documents\GitHub\temporal-xai-driving\examples\IMG\right_2026_05_16_12_57_47_034.jpg,0,0.4,0,30.03865
C:\Users\acer\Documents\GitHub\temporal-xai-driving\examples\IMG\center_2026_05_16_12_57_47_118.jpg,C:\Users\acer\Documents\GitHub\temporal-xai-driving\examples\IMG\left_2026_05_16_12_57_47_118.jpg,C:\Users\acer\Documents\GitHub\temporal-xai-driving\examples\IMG\right_2026_05_16_12_57_47_118.jpg,0,0.4,0,30.0387
C:\Users\acer\Documents\GitHub\temporal-xai-driving\examples\IMG\center_2026_05_16_12_57_47_203.jpg,C:\Users\acer\Documents\GitHub\temporal-xai-driving\examples\IMG\left_2026_05_16_12_57_47_203.jpg,C:\Users\acer\Documents\GitHub\temporal-xai-driving\examples\IMG\right_2026_05_16_12_57_47_203.jpg,0,0.4,0,30.03861
C:\Users\acer\Documents\GitHub\temporal-xai-driving\examples\IMG\center_2026_05_16_12_57_47_285.jpg,C:\Users\acer\Documents\GitHub\temporal-xai-driving\examples\IMG\left_2026_05_16_12_57_47_285.jpg,C:\Users\acer\Documents\GitHub\temporal-xai-driving\examples\IMG\right_2026_05_16_12_57_47_285.jpg,0,0.4,0,30.03859
C:\Users\acer\Documents\GitHub\temporal-xai-driving\examples\IMG\center_2026_05_16_12_57_47_370.jpg,C:\Users\acer\Documents\GitHub\temporal-xai-driving\examples\IMG\left_2026_05_16_12_57_47_370.jpg,C:\Users\acer\Documents\GitHub\temporal-xai-driving\examples\IMG\right_2026_05_16_12_57_47_370.jpg,0,0.4,0,30.03847
C:\Users\acer\Documents\GitHub\temporal-xai-driving\examples\IMG\center_2026_05_16_12_57_47_453.jpg,C:\Users\acer\Documents\GitHub\temporal-xai-driving\examples\IMG\left_2026_05_16_12_57_47_453.jpg,C:\Users\acer\Documents\GitHub\temporal-xai-driving\examples\IMG\right_2026_05_16_12_57_47_453.jpg,0,0.4,0,30.03849
C:\Users\acer\Documents\GitHub\temporal-xai-driving\examples\IMG\center_2026_05_16_12_57_47_537.jpg,C:\Users\acer\Documents\GitHub\temporal-xai-driving\examples\IMG\left_2026_05_16_12_57_47_537.jpg,C:\Users\acer\Documents\GitHub\temporal-xai-driving\examples\IMG\right_2026_05_16_12_57_47_537.jpg,0,0.4,0,30.03822
C:\Users\acer\Documents\GitHub\temporal-xai-driving\examples\IMG\center_2026_05_16_12_57_47_621.jpg,C:\Users\acer\Documents\GitHub\temporal-xai-driving\examples\IMG\left_2026_05_16_12_57_47_621.jpg,C:\Users\acer\Documents\GitHub\temporal-xai-driving\examples\IMG\right_2026_05_16_12_57_47_621.jpg,0,0.4,0,30.03837
C:\Users\acer\Documents\GitHub\temporal-xai-driving\examples\IMG\center_2026_05_16_12_57_47_702.jpg,C:\Users\acer\Documents\GitHub\temporal-xai-driving\examples\IMG\left_2026_05_16_12_57_47_702.jpg,C:\Users\acer\Documents\GitHub\temporal-xai-driving\examples\IMG\right_2026_05_16_12_57_47_702.jpg,0,0.4,0,30.03837
C:\Users\acer\Documents\GitHub\temporal-xai-driving\examples\IMG\center_2026_05_16_12_57_47_784.jpg,C:\Users\acer\Documents\GitHub\temporal-xai-driving\examples\IMG\left_2026_05_16_12_57_47_784.jpg,C:\Users\acer\Documents\GitHub\temporal-xai-driving\examples\IMG\right_2026_05_16_12_57_47_784.jpg,0,0.4,0,30.03839
C:\Users\acer\Documents\GitHub\temporal-xai-driving\examples\IMG\center_2026_05_16_12_57_47_866.jpg,C:\Users\acer\Documents\GitHub\temporal-xai-driving\examples\IMG\left_2026_05_16_12_57_47_866.jpg,C:\Users\acer\Documents\GitHub\temporal-xai-driving\examples\IMG\right_2026_05_16_12_57_47_866.jpg,0,0.4,0,30.03839
C:\Users\acer\Documents\GitHub\temporal-xai-driving\examples\IMG\center_2026_05_16_12_57_47_947.jpg,C:\Users\acer\Documents\GitHub\temporal-xai-driving\examples\IMG\left_2026_05_16_12_57_47_947.jpg,C:\Users\acer\Documents\GitHub\temporal-xai-driving\examples\IMG\right_2026_05_16_12_57_47_947.jpg,0,0.4,0,30.03838
C:\Users\acer\Documents\GitHub\temporal-xai-driving\examples\IMG\center_2026_05_16_12_57_48_037.jpg,C:\Users\acer\Documents\GitHub\temporal-xai-driving\examples\IMG\left_2026_05_16_12_57_48_037.jpg,C:\Users\acer\Documents\GitHub\temporal-xai-driving\examples\IMG\right_2026_05_16_12_57_48_037.jpg,0,0.4,0,30.03838
C:\Users\acer\Documents\GitHub\temporal-xai-driving\examples\IMG\center_2026_05_16_12_57_48_116.jpg,C:\Users\acer\Documents\GitHub\temporal-xai-driving\examples\IMG\left_2026_05_16_12_57_48_116.jpg,C:\Users\acer\Documents\GitHub\temporal-xai-driving\examples\IMG\right_2026_05_16_12_57_48_116.jpg,0,0.4,0,30.03837
C:\Users\acer\Documents\GitHub\temporal-xai-driving\examples\IMG\center_2026_05_16_12_57_48_195.jpg,C:\Users\acer\Documents\GitHub\temporal-xai-driving\examples\IMG\left_2026_05_16_12_57_48_195.jpg,C:\Users\acer\Documents\GitHub\temporal-xai-driving\examples\IMG\right_2026_05_16_12_57_48_195.jpg,0,0.4,0,30.03839
C:\Users\acer\Documents\GitHub\temporal-xai-driving\examples\IMG\center_2026_05_16_12_57_48_278.jpg,C:\Users\acer\Documents\GitHub\temporal-xai-driving\examples\IMG\left_2026_05_16_12_57_48_278.jpg,C:\Users\acer\Documents\GitHub\temporal-xai-driving\examples\IMG\right_2026_05_16_12_57_48_278.jpg,0,0.4,0,30.03836
C:\Users\acer\Documents\GitHub\temporal-xai-driving\examples\IMG\center_2026_05_16_12_57_48_379.jpg,C:\Users\acer\Documents\GitHub\temporal-xai-driving\examples\IMG\left_2026_05_16_12_57_48_379.jpg,C:\Users\acer\Documents\GitHub\temporal-xai-driving\examples\IMG\right_2026_05_16_12_57_48_379.jpg,0,0.4,0,30.03836
C:\Users\acer\Documents\GitHub\temporal-xai-driving\examples\IMG\center_2026_05_16_12_57_48_450.jpg,C:\Users\acer\Documents\GitHub\temporal-xai-driving\examples\IMG\left_2026_05_16_12_57_48_450.jpg,C:\Users\acer\Documents\GitHub\temporal-xai-driving\examples\IMG\right_2026_05_16_12_57_48_450.jpg,0,0.4,0,30.03838
C:\Users\acer\Documents\GitHub\temporal-xai-driving\examples\IMG\center_2026_05_16_12_57_48_538.jpg,C:\Users\acer\Documents\GitHub\temporal-xai-driving\examples\IMG\left_2026_05_16_12_57_48_538.jpg,C:\Users\acer\Documents\GitHub\temporal-xai-driving\examples\IMG\right_2026_05_16_12_57_48_538.jpg,0,0.4,0,30.03838
C:\Users\acer\Documents\GitHub\temporal-xai-driving\examples\IMG\center_2026_05_16_12_57_48_627.jpg,C:\Users\acer\Documents\GitHub\temporal-xai-driving\examples\IMG\left_2026_05_16_12_57_48_627.jpg,C:\Users\acer\Documents\GitHub\temporal-xai-driving\examples\IMG\right_2026_05_16_12_57_48_627.jpg,0,0.4,0,30.03839
C:\Users\acer\Documents\GitHub\temporal-xai-driving\examples\IMG\center_2026_05_16_12_57_48_718.jpg,C:\Users\acer\Documents\GitHub\temporal-xai-driving\examples\IMG\left_2026_05_16_12_57_48_718.jpg,C:\Users\acer\Documents\GitHub\temporal-xai-driving\examples\IMG\right_2026_05_16_12_57_48_718.jpg,0,0.4,0,30.03837
C:\Users\acer\Documents\GitHub\temporal-xai-driving\examples\IMG\center_2026_05_16_12_57_48_808.jpg,C:\Users\acer\Documents\GitHub\temporal-xai-driving\examples\IMG\left_2026_05_16_12_57_48_808.jpg,C:\Users\acer\Documents\GitHub\temporal-xai-driving\examples\IMG\right_2026_05_16_12_57_48_808.jpg,0.1,0.4,0,30.03578
C:\Users\acer\Documents\GitHub\temporal-xai-driving\examples\IMG\center_2026_05_16_12_57_48_880.jpg,C:\Users\acer\Documents\GitHub\temporal-xai-driving\examples\IMG\left_2026_05_16_12_57_48_880.jpg,C:\Users\acer\Documents\GitHub\temporal-xai-driving\examples\IMG\right_2026_05_16_12_57_48_880.jpg,0.25,0.4,0,30.02291
C:\Users\acer\Documents\GitHub\temporal-xai-driving\examples\IMG\center_2026_05_16_12_57_48_968.jpg,C:\Users\acer\Documents\GitHub\temporal-xai-driving\examples\IMG\left_2026_05_16_12_57_48_968.jpg,C:\Users\acer\Documents\GitHub\temporal-xai-driving\examples\IMG\right_2026_05_16_12_57_48_968.jpg,0,0.4,0,30.03787
C:\Users\acer\Documents\GitHub\temporal-xai-driving\examples\IMG\center_2026_05_16_12_57_49_066.jpg,C:\Users\acer\Documents\GitHub\temporal-xai-driving\examples\IMG\left_2026_05_16_12_57_49_066.jpg,C:\Users\acer\Documents\GitHub\temporal-xai-driving\examples\IMG\right_2026_05_16_12_57_49_066.jpg,0,0.4,0,30.03782
C:\Users\acer\Documents\GitHub\temporal-xai-driving\examples\IMG\center_2026_05_16_12_57_49_166.jpg,C:\Users\acer\Documents\GitHub\temporal-xai-driving\examples\IMG\left_2026_05_16_12_57_49_166.jpg,C:\Users\acer\Documents\GitHub\temporal-xai-driving\examples\IMG\right_2026_05_16_12_57_49_166.jpg,0,0.4,0,30.0383
C:\Users\acer\Documents\GitHub\temporal-xai-driving\examples\IMG\center_2026_05_16_12_57_49_233.jpg,C:\Users\acer\Documents\GitHub\temporal-xai-driving\examples\IMG\left_2026_05_16_12_57_49_233.jpg,C:\Users\acer\Documents\GitHub\temporal-xai-driving\examples\IMG\right_2026_05_16_12_57_49_233.jpg,0,0.4,0,30.03836
C:\Users\acer\Documents\GitHub\temporal-xai-driving\examples\IMG\center_2026_05_16_12_57_49_304.jpg,C:\Users\acer\Documents\GitHub\temporal-xai-driving\examples\IMG\left_2026_05_16_12_57_49_304.jpg,C:\Users\acer\Documents\GitHub\temporal-xai-driving\examples\IMG\right_2026_05_16_12_57_49_304.jpg,0,0.4,0,30.03843
C:\Users\acer\Documents\GitHub\temporal-xai-driving\examples\IMG\center_2026_05_16_12_57_49_404.jpg,C:\Users\acer\Documents\GitHub\temporal-xai-driving\examples\IMG\left_2026_05_16_12_57_49_404.jpg,C:\Users\acer\Documents\GitHub\temporal-xai-driving\examples\IMG\right_2026_05_16_12_57_49_404.jpg,0,0.4,0,30.03836
C:\Users\acer\Documents\GitHub\temporal-xai-driving\examples\IMG\center_2026_05_16_12_57_49_476.jpg,C:\Users\acer\Documents\GitHub\temporal-xai-driving\examples\IMG\left_2026_05_16_12_57_49_476.jpg,C:\Users\acer\Documents\GitHub\temporal-xai-driving\examples\IMG\right_2026_05_16_12_57_49_476.jpg,0,0.4,0,30.03838
C:\Users\acer\Documents\GitHub\temporal-xai-driving\examples\IMG\center_2026_05_16_12_57_49_574.jpg,C:\Users\acer\Documents\GitHub\temporal-xai-driving\examples\IMG\left_2026_05_16_12_57_49_574.jpg,C:\Users\acer\Documents\GitHub\temporal-xai-driving\examples\IMG\right_2026_05_16_12_57_49_574.jpg,0,0.4,0,30.03833
C:\Users\acer\Documents\GitHub\temporal-xai-driving\examples\IMG\center_2026_05_16_12_57_49_645.jpg,C:\Users\acer\Documents\GitHub\temporal-xai-driving\examples\IMG\left_2026_05_16_12_57_49_645.jpg,C:\Users\acer\Documents\GitHub\temporal-xai-driving\examples\IMG\right_2026_05_16_12_57_49_645.jpg,0,0.4,0,30.03825
C:\Users\acer\Documents\GitHub\temporal-xai-driving\examples\IMG\center_2026_05_16_12_57_49_712.jpg,C:\Users\acer\Documents\GitHub\temporal-xai-driving\examples\IMG\left_2026_05_16_12_57_49_712.jpg,C:\Users\acer\Documents\GitHub\temporal-xai-driving\examples\IMG\right_2026_05_16_12_57_49_712.jpg,0,0.4,0,30.03836
C:\Users\acer\Documents\GitHub\temporal-xai-driving\examples\IMG\center_2026_05_16_12_57_49_813.jpg,C:\Users\acer\Documents\GitHub\temporal-xai-driving\examples\IMG\left_2026_05_16_12_57_49_813.jpg,C:\Users\acer\Documents\GitHub\temporal-xai-driving\examples\IMG\right_2026_05_16_12_57_49_813.jpg,0,0.4,0,30.03825
C:\Users\acer\Documents\GitHub\temporal-xai-driving\examples\IMG\center_2026_05_16_12_57_49_880.jpg,C:\Users\acer\Documents\GitHub\temporal-xai-driving\examples\IMG\left_2026_05_16_12_57_49_880.jpg,C:\Users\acer\Documents\GitHub\temporal-xai-driving\examples\IMG\right_2026_05_16_12_57_49_880.jpg,0,0.4,0,30.03809
C:\Users\acer\Documents\GitHub\temporal-xai-driving\examples\IMG\center_2026_05_16_12_57_49_984.jpg,C:\Users\acer\Documents\GitHub\temporal-xai-driving\examples\IMG\left_2026_05_16_12_57_49_984.jpg,C:\Users\acer\Documents\GitHub\temporal-xai-driving\examples\IMG\right_2026_05_16_12_57_49_984.jpg,0,0.4,0,30.03816
C:\Users\acer\Documents\GitHub\temporal-xai-driving\examples\IMG\center_2026_05_16_12_57_50_060.jpg,C:\Users\acer\Documents\GitHub\temporal-xai-driving\examples\IMG\left_2026_05_16_12_57_50_060.jpg,C:\Users\acer\Documents\GitHub\temporal-xai-driving\examples\IMG\right_2026_05_16_12_57_50_060.jpg,0,0.4,0,30.03826
C:\Users\acer\Documents\GitHub\temporal-xai-driving\examples\IMG\center_2026_05_16_12_57_50_151.jpg,C:\Users\acer\Documents\GitHub\temporal-xai-driving\examples\IMG\left_2026_05_16_12_57_50_151.jpg,C:\Users\acer\Documents\GitHub\temporal-xai-driving\examples\IMG\right_2026_05_16_12_57_50_151.jpg,0.25,0.4,0,30.02308
C:\Users\acer\Documents\GitHub\temporal-xai-driving\examples\IMG\center_2026_05_16_12_57_50_243.jpg,C:\Users\acer\Documents\GitHub\temporal-xai-driving\examples\IMG\left_2026_05_16_12_57_50_243.jpg,C:\Users\acer\Documents\GitHub\temporal-xai-driving\examples\IMG\right_2026_05_16_12_57_50_243.jpg,0.5000001,0.4,0,29.99418
C:\Users\acer\Documents\GitHub\temporal-xai-driving\examples\IMG\center_2026_05_16_12_57_50_330.jpg,C:\Users\acer\Documents\GitHub\temporal-xai-driving\examples\IMG\left_2026_05_16_12_57_50_330.jpg,C:\Users\acer\Documents\GitHub\temporal-xai-driving\examples\IMG\right_2026_05_16_12_57_50_330.jpg,0,0.4,0,30.03565
C:\Users\acer\Documents\GitHub\temporal-xai-driving\examples\IMG\center_2026_05_16_12_57_50_417.jpg,C:\Users\acer\Documents\GitHub\temporal-xai-driving\examples\IMG\left_2026_05_16_12_57_50_417.jpg,C:\Users\acer\Documents\GitHub\temporal-xai-driving\examples\IMG\right_2026_05_16_12_57_50_417.jpg,0,0.4,0,30.03765
C:\Users\acer\Documents\GitHub\temporal-xai-driving\examples\IMG\center_2026_05_16_12_57_50_507.jpg,C:\Users\acer\Documents\GitHub\temporal-xai-driving\examples\IMG\left_2026_05_16_12_57_50_507.jpg,C:\Users\acer\Documents\GitHub\temporal-xai-driving\examples\IMG\right_2026_05_16_12_57_50_507.jpg,0,0.4,0,30.03833
C:\Users\acer\Documents\GitHub\temporal-xai-driving\examples\IMG\center_2026_05_16_12_57_50_597.jpg,C:\Users\acer\Documents\GitHub\temporal-xai-driving\examples\IMG\left_2026_05_16_12_57_50_597.jpg,C:\Users\acer\Documents\GitHub\temporal-xai-driving\examples\IMG\right_2026_05_16_12_57_50_597.jpg,0,0.4,0,30.0383
C:\Users\acer\Documents\GitHub\temporal-xai-driving\examples\IMG\center_2026_05_16_12_57_50_683.jpg,C:\Users\acer\Documents\GitHub\temporal-xai-driving\examples\IMG\left_2026_05_16_12_57_50_683.jpg,C:\Users\acer\Documents\GitHub\temporal-xai-driving\examples\IMG\right_2026_05_16_12_57_50_683.jpg,0,0.4,0,30.03841
C:\Users\acer\Documents\GitHub\temporal-xai-driving\examples\IMG\center_2026_05_16_12_57_50_769.jpg,C:\Users\acer\Documents\GitHub\temporal-xai-driving\examples\IMG\left_2026_05_16_12_57_50_769.jpg,C:\Users\acer\Documents\GitHub\temporal-xai-driving\examples\IMG\right_2026_05_16_12_57_50_769.jpg,0.2,0.4,0,30.02874
C:\Users\acer\Documents\GitHub\temporal-xai-driving\examples\IMG\center_2026_05_16_12_57_50_857.jpg,C:\Users\acer\Documents\GitHub\temporal-xai-driving\examples\IMG\left_2026_05_16_12_57_50_857.jpg,C:\Users\acer\Documents\GitHub\temporal-xai-driving\examples\IMG\right_2026_05_16_12_57_50_857.jpg,0.4,0.4,0,30.00634
C:\Users\acer\Documents\GitHub\temporal-xai-driving\examples\IMG\center_2026_05_16_12_57_50_946.jpg,C:\Users\acer\Documents\GitHub\temporal-xai-driving\examples\IMG\left_2026_05_16_12_57_50_946.jpg,C:\Users\acer\Documents\GitHub\temporal-xai-driving\examples\IMG\right_2026_05_16_12_57_50_946.jpg,0,0.4,0,30.03371
C:\Users\acer\Documents\GitHub\temporal-xai-driving\examples\IMG\center_2026_05_16_12_57_51_038.jpg,C:\Users\acer\Documents\GitHub\temporal-xai-driving\examples\IMG\left_2026_05_16_12_57_51_038.jpg,C:\Users\acer\Documents\GitHub\temporal-xai-driving\examples\IMG\right_2026_05_16_12_57_51_038.jpg,0,0.4,0,30.03779
C:\Users\acer\Documents\GitHub\temporal-xai-driving\examples\IMG\center_2026_05_16_12_57_51_130.jpg,C:\Users\acer\Documents\GitHub\temporal-xai-driving\examples\IMG\left_2026_05_16_12_57_51_130.jpg,C:\Users\acer\Documents\GitHub\temporal-xai-driving\examples\IMG\right_2026_05_16_12_57_51_130.jpg,0,0.4,0,30.03829
C:\Users\acer\Documents\GitHub\temporal-xai-driving\examples\IMG\center_2026_05_16_12_57_51_225.jpg,C:\Users\acer\Documents\GitHub\temporal-xai-driving\examples\IMG\left_2026_05_16_12_57_51_225.jpg,C:\Users\acer\Documents\GitHub\temporal-xai-driving\examples\IMG\right_2026_05_16_12_57_51_225.jpg,0,0.4,0,30.0385
C:\Users\acer\Documents\GitHub\temporal-xai-driving\examples\IMG\center_2026_05_16_12_57_51_317.jpg,C:\Users\acer\Documents\GitHub\temporal-xai-driving\examples\IMG\left_2026_05_16_12_57_51_317.jpg,C:\Users\acer\Documents\GitHub\temporal-xai-driving\examples\IMG\right_2026_05_16_12_57_51_317.jpg,0,0.4,0,30.03843
C:\Users\acer\Documents\GitHub\temporal-xai-driving\examples\IMG\center_2026_05_16_12_57_51_414.jpg,C:\Users\acer\Documents\GitHub\temporal-xai-driving\examples\IMG\left_2026_05_16_12_57_51_414.jpg,C:\Users\acer\Documents\GitHub\temporal-xai-driving\examples\IMG\right_2026_05_16_12_57_51_414.jpg,0.25,0.4,0,30.02336
C:\Users\acer\Documents\GitHub\temporal-xai-driving\examples\IMG\center_2026_05_16_12_57_51_511.jpg,C:\Users\acer\Documents\GitHub\temporal-xai-driving\examples\IMG\left_2026_05_16_12_57_51_511.jpg,C:\Users\acer\Documents\GitHub\temporal-xai-driving\examples\IMG\right_2026_05_16_12_57_51_511.jpg,0.5000001,0.4,0,29.99381
C:\Users\acer\Documents\GitHub\temporal-xai-driving\examples\IMG\center_2026_05_16_12_57_51_611.jpg,C:\Users\acer\Documents\GitHub\temporal-xai-driving\examples\IMG\left_2026_05_16_12_57_51_611.jpg,C:\Users\acer\Documents\GitHub\temporal-xai-driving\examples\IMG\right_2026_05_16_12_57_51_611.jpg,0,0.4,0,30.03639
C:\Users\acer\Documents\GitHub\temporal-xai-driving\examples\IMG\center_2026_05_16_12_57_51_708.jpg,C:\Users\acer\Documents\GitHub\temporal-xai-driving\examples\IMG\left_2026_05_16_12_57_51_708.jpg,C:\Users\acer\Documents\GitHub\temporal-xai-driving\examples\IMG\right_2026_05_16_12_57_51_708.jpg,0,0.4,0,30.03815
C:\Users\acer\Documents\GitHub\temporal-xai-driving\examples\IMG\center_2026_05_16_12_57_51_775.jpg,C:\Users\acer\Documents\GitHub\temporal-xai-driving\examples\IMG\left_2026_05_16_12_57_51_775.jpg,C:\Users\acer\Documents\GitHub\temporal-xai-driving\examples\IMG\right_2026_05_16_12_57_51_775.jpg,0,0.4,0,30.03829
C:\Users\acer\Documents\GitHub\temporal-xai-driving\examples\IMG\center_2026_05_16_12_57_51_876.jpg,C:\Users\acer\Documents\GitHub\temporal-xai-driving\examples\IMG\left_2026_05_16_12_57_51_876.jpg,C:\Users\acer\Documents\GitHub\temporal-xai-driving\examples\IMG\right_2026_05_16_12_57_51_876.jpg,0,0.4,0,30.03837
C:\Users\acer\Documents\GitHub\temporal-xai-driving\examples\IMG\center_2026_05_16_12_57_51_974.jpg,C:\Users\acer\Documents\GitHub\temporal-xai-driving\examples\IMG\left_2026_05_16_12_57_51_974.jpg,C:\Users\acer\Documents\GitHub\temporal-xai-driving\examples\IMG\right_2026_05_16_12_57_51_974.jpg,0,0.4,0,30.0384
C:\Users\acer\Documents\GitHub\temporal-xai-driving\examples\IMG\center_2026_05_16_12_57_52_042.jpg,C:\Users\acer\Documents\GitHub\temporal-xai-driving\examples\IMG\left_2026_05_16_12_57_52_042.jpg,C:\Users\acer\Documents\GitHub\temporal-xai-driving\examples\IMG\right_2026_05_16_12_57_52_042.jpg,0,0.4,0,30.03837
C:\Users\acer\Documents\GitHub\temporal-xai-driving\examples\IMG\center_2026_05_16_12_57_52_128.jpg,C:\Users\acer\Documents\GitHub\temporal-xai-driving\examples\IMG\left_2026_05_16_12_57_52_128.jpg,C:\Users\acer\Documents\GitHub\temporal-xai-driving\examples\IMG\right_2026_05_16_12_57_52_128.jpg,0,0.4,0,30.0384
C:\Users\acer\Documents\GitHub\temporal-xai-driving\examples\IMG\center_2026_05_16_12_57_52_217.jpg,C:\Users\acer\Documents\GitHub\temporal-xai-driving\examples\IMG\left_2026_05_16_12_57_52_217.jpg,C:\Users\acer\Documents\GitHub\temporal-xai-driving\examples\IMG\right_2026_05_16_12_57_52_217.jpg,0.2,0.4,0,30.02798
C:\Users\acer\Documents\GitHub\temporal-xai-driving\examples\IMG\center_2026_05_16_12_57_52_292.jpg,C:\Users\acer\Documents\GitHub\temporal-xai-driving\examples\IMG\left_2026_05_16_12_57_52_292.jpg,C:\Users\acer\Documents\GitHub\temporal-xai-driving\examples\IMG\right_2026_05_16_12_57_52_292.jpg,0.4,0.4,0,30.00569
C:\Users\acer\Documents\GitHub\temporal-xai-driving\examples\IMG\center_2026_05_16_12_57_52_384.jpg,C:\Users\acer\Documents\GitHub\temporal-xai-driving\examples\IMG\left_2026_05_16_12_57_52_384.jpg,C:\Users\acer\Documents\GitHub\temporal-xai-driving\examples\IMG\right_2026_05_16_12_57_52_384.jpg,0.6500001,0.4,0,29.93939
C:\Users\acer\Documents\GitHub\temporal-xai-driving\examples\IMG\center_2026_05_16_12_57_52_475.jpg,C:\Users\acer\Documents\GitHub\temporal-xai-driving\examples\IMG\left_2026_05_16_12_57_52_475.jpg,C:\Users\acer\Documents\GitHub\temporal-xai-driving\examples\IMG\right_2026_05_16_12_57_52_475.jpg,0,0.4,0,30.03202
C:\Users\acer\Documents\GitHub\temporal-xai-driving\examples\IMG\center_2026_05_16_12_57_52_565.jpg,C:\Users\acer\Documents\GitHub\temporal-xai-driving\examples\IMG\left_2026_05_16_12_57_52_565.jpg,C:\Users\acer\Documents\GitHub\temporal-xai-driving\examples\IMG\right_2026_05_16_12_57_52_565.jpg,0,0.4,0,30.03736
C:\Users\acer\Documents\GitHub\temporal-xai-driving\examples\IMG\center_2026_05_16_12_57_52_648.jpg,C:\Users\acer\Documents\GitHub\temporal-xai-driving\examples\IMG\left_2026_05_16_12_57_52_648.jpg,C:\Users\acer\Documents\GitHub\temporal-xai-driving\examples\IMG\right_2026_05_16_12_57_52_648.jpg,0,0.4,0,30.03843
C:\Users\acer\Documents\GitHub\temporal-xai-driving\examples\IMG\center_2026_05_16_12_57_52_732.jpg,C:\Users\acer\Documents\GitHub\temporal-xai-driving\examples\IMG\left_2026_05_16_12_57_52_732.jpg,C:\Users\acer\Documents\GitHub\temporal-xai-driving\examples\IMG\right_2026_05_16_12_57_52_732.jpg,0.05,0.4,0,30.03693
C:\Users\acer\Documents\GitHub\temporal-xai-driving\examples\IMG\center_2026_05_16_12_57_52_815.jpg,C:\Users\acer\Documents\GitHub\temporal-xai-driving\examples\IMG\left_2026_05_16_12_57_52_815.jpg,C:\Users\acer\Documents\GitHub\temporal-xai-driving\examples\IMG\right_2026_05_16_12_57_52_815.jpg,0.25,0.4,0,30.0235
C:\Users\acer\Documents\GitHub\temporal-xai-driving\examples\IMG\center_2026_05_16_12_57_52_898.jpg,C:\Users\acer\Documents\GitHub\temporal-xai-driving\examples\IMG\left_2026_05_16_12_57_52_898.jpg,C:\Users\acer\Documents\GitHub\temporal-xai-driving\examples\IMG\right_2026_05_16_12_57_52_898.jpg,0.45,0.4,0,30.00055
C:\Users\acer\Documents\GitHub\temporal-xai-driving\examples\IMG\center_2026_05_16_12_57_52_981.jpg,C:\Users\acer\Documents\GitHub\temporal-xai-driving\examples\IMG\left_2026_05_16_12_57_52_981.jpg,C:\Users\acer\Documents\GitHub\temporal-xai-driving\examples\IMG\right_2026_05_16_12_57_52_981.jpg,0,0.4,0,30.03647
C:\Users\acer\Documents\GitHub\temporal-xai-driving\examples\IMG\center_2026_05_16_12_57_53_063.jpg,C:\Users\acer\Documents\GitHub\temporal-xai-driving\examples\IMG\left_2026_05_16_12_57_53_063.jpg,C:\Users\acer\Documents\GitHub\temporal-xai-driving\examples\IMG\right_2026_05_16_12_57_53_063.jpg,0,0.4,0,30.03748
C:\Users\acer\Documents\GitHub\temporal-xai-driving\examples\IMG\center_2026_05_16_12_57_53_144.jpg,C:\Users\acer\Documents\GitHub\temporal-xai-driving\examples\IMG\left_2026_05_16_12_57_53_144.jpg,C:\Users\acer\Documents\GitHub\temporal-xai-driving\examples\IMG\right_2026_05_16_12_57_53_144.jpg,0,0.4,0,30.03802
C:\Users\acer\Documents\GitHub\temporal-xai-driving\examples\IMG\center_2026_05_16_12_57_53_228.jpg,C:\Users\acer\Documents\GitHub\temporal-xai-driving\examples\IMG\left_2026_05_16_12_57_53_228.jpg,C:\Users\acer\Documents\GitHub\temporal-xai-driving\examples\IMG\right_2026_05_16_12_57_53_228.jpg,0.15,0.4,0,30.03304
C:\Users\acer\Documents\GitHub\temporal-xai-driving\examples\IMG\center_2026_05_16_12_57_53_311.jpg,C:\Users\acer\Documents\GitHub\temporal-xai-driving\examples\IMG\left_2026_05_16_12_57_53_311.jpg,C:\Users\acer\Documents\GitHub\temporal-xai-driving\examples\IMG\right_2026_05_16_12_57_53_311.jpg,0.35,0.4,0,30.0119
C:\Users\acer\Documents\GitHub\temporal-xai-driving\examples\IMG\center_2026_05_16_12_57_53_394.jpg,C:\Users\acer\Documents\GitHub\temporal-xai-driving\examples\IMG\left_2026_05_16_12_57_53_394.jpg,C:\Users\acer\Documents\GitHub\temporal-xai-driving\examples\IMG\right_2026_05_16_12_57_53_394.jpg,0,0.4,0,30.01833
C:\Users\acer\Documents\GitHub\temporal-xai-driving\examples\IMG\center_2026_05_16_12_57_53_480.jpg,C:\Users\acer\Documents\GitHub\temporal-xai-driving\examples\IMG\left_2026_05_16_12_57_53_480.jpg,C:\Users\acer\Documents\GitHub\temporal-xai-driving\examples\IMG\right_2026_05_16_12_57_53_480.jpg,0,0.4,0,30.03632
C:\Users\acer\Documents\GitHub\temporal-xai-driving\examples\IMG\center_2026_05_16_12_57_53_563.jpg,C:\Users\acer\Documents\GitHub\temporal-xai-driving\examples\IMG\left_2026_05_16_12_57_53_563.jpg,C:\Users\acer\Documents\GitHub\temporal-xai-driving\examples\IMG\right_2026_05_16_12_57_53_563.jpg,0,0.4,0,30.03815
C:\Users\acer\Documents\GitHub\temporal-xai-driving\examples\IMG\center_2026_05_16_12_57_53_647.jpg,C:\Users\acer\Documents\GitHub\temporal-xai-driving\examples\IMG\left_2026_05_16_12_57_53_647.jpg,C:\Users\acer\Documents\GitHub\temporal-xai-driving\examples\IMG\right_2026_05_16_12_57_53_647.jpg,0,0.4,0,30.03822
C:\Users\acer\Documents\GitHub\temporal-xai-driving\examples\IMG\center_2026_05_16_12_57_53_730.jpg,C:\Users\acer\Documents\GitHub\temporal-xai-driving\examples\IMG\left_2026_05_16_12_57_53_730.jpg,C:\Users\acer\Documents\GitHub\temporal-xai-driving\examples\IMG\right_2026_05_16_12_57_53_730.jpg,0.2,0.4,0,30.02946
C:\Users\acer\Documents\GitHub\temporal-xai-driving\examples\IMG\center_2026_05_16_12_57_53_815.jpg,C:\Users\acer\Documents\GitHub\temporal-xai-driving\examples\IMG\left_2026_05_16_12_57_53_815.jpg,C:\Users\acer\Documents\GitHub\temporal-xai-driving\examples\IMG\right_2026_05_16_12_57_53_815.jpg,0.4,0.4,0,30.00752
C:\Users\acer\Documents\GitHub\temporal-xai-driving\examples\IMG\center_2026_05_16_12_57_53_900.jpg,C:\Users\acer\Documents\GitHub\temporal-xai-driving\examples\IMG\left_2026_05_16_12_57_53_900.jpg,C:\Users\acer\Documents\GitHub\temporal-xai-driving\examples\IMG\right_2026_05_16_12_57_53_900.jpg,0,0.4,0,30.00679
C:\Users\acer\Documents\GitHub\temporal-xai-driving\examples\IMG\center_2026_05_16_12_57_53_984.jpg,C:\Users\acer\Documents\GitHub\temporal-xai-driving\examples\IMG\left_2026_05_16_12_57_53_984.jpg,C:\Users\acer\Documents\GitHub\temporal-xai-driving\examples\IMG\right_2026_05_16_12_57_53_984.jpg,0,0.4,0,30.03652
C:\Users\acer\Documents\GitHub\temporal-xai-driving\examples\IMG\center_2026_05_16_12_57_54_063.jpg,C:\Users\acer\Documents\GitHub\temporal-xai-driving\examples\IMG\left_2026_05_16_12_57_54_063.jpg,C:\Users\acer\Documents\GitHub\temporal-xai-driving\examples\IMG\right_2026_05_16_12_57_54_063.jpg,0,0.4,0,30.03814
C:\Users\acer\Documents\GitHub\temporal-xai-driving\examples\IMG\center_2026_05_16_12_57_54_154.jpg,C:\Users\acer\Documents\GitHub\temporal-xai-driving\examples\IMG\left_2026_05_16_12_57_54_154.jpg,C:\Users\acer\Documents\GitHub\temporal-xai-driving\examples\IMG\right_2026_05_16_12_57_54_154.jpg,0.1,0.4,0,30.03771
C:\Users\acer\Documents\GitHub\temporal-xai-driving\examples\IMG\center_2026_05_16_12_57_54_239.jpg,C:\Users\acer\Documents\GitHub\temporal-xai-driving\examples\IMG\left_2026_05_16_12_57_54_239.jpg,C:\Users\acer\Documents\GitHub\temporal-xai-driving\examples\IMG\right_2026_05_16_12_57_54_239.jpg,0.3,0.4,0,30.01956
C:\Users\acer\Documents\GitHub\temporal-xai-driving\examples\IMG\center_2026_05_16_12_57_54_346.jpg,C:\Users\acer\Documents\GitHub\temporal-xai-driving\examples\IMG\left_2026_05_16_12_57_54_346.jpg,C:\Users\acer\Documents\GitHub\temporal-xai-driving\examples\IMG\right_2026_05_16_12_57_54_346.jpg,0.6000001,0.4,0,29.96744
C:\Users\acer\Documents\GitHub\temporal-xai-driving\examples\IMG\center_2026_05_16_12_57_54_437.jpg,C:\Users\acer\Documents\GitHub\temporal-xai-driving\examples\IMG\left_2026_05_16_12_57_54_437.jpg,C:\Users\acer\Documents\GitHub\temporal-xai-driving\examples\IMG\right_2026_05_16_12_57_54_437.jpg,0.8000001,0.4,0,29.84437
C:\Users\acer\Documents\GitHub\temporal-xai-driving\examples\IMG\center_2026_05_16_12_57_54_521.jpg,C:\Users\acer\Documents\GitHub\temporal-xai-driving\examples\IMG\left_2026_05_16_12_57_54_521.jpg,C:\Users\acer\Documents\GitHub\temporal-xai-driving\examples\IMG\right_2026_05_16_12_57_54_521.jpg,1,0.4,0,29.63529
C:\Users\acer\Documents\GitHub\temporal-xai-driving\examples\IMG\center_2026_05_16_12_57_54_604.jpg,C:\Users\acer\Documents\GitHub\temporal-xai-driving\examples\IMG\left_2026_05_16_12_57_54_604.jpg,C:\Users\acer\Documents\GitHub\temporal-xai-driving\examples\IMG\right_2026_05_16_12_57_54_604.jpg,0,0.4,0,29.71315
C:\Users\acer\Documents\GitHub\temporal-xai-driving\examples\IMG\center_2026_05_16_12_57_54_683.jpg,C:\Users\acer\Documents\GitHub\temporal-xai-driving\examples\IMG\left_2026_05_16_12_57_54_683.jpg,C:\Users\acer\Documents\GitHub\temporal-xai-driving\examples\IMG\right_2026_05_16_12_57_54_683.jpg,0,0.4,0,29.84058
C:\Users\acer\Documents\GitHub\temporal-xai-driving\examples\IMG\center_2026_05_16_12_57_54_763.jpg,C:\Users\acer\Documents\GitHub\temporal-xai-driving\examples\IMG\left_2026_05_16_12_57_54_763.jpg,C:\Users\acer\Documents\GitHub\temporal-xai-driving\examples\IMG\right_2026_05_16_12_57_54_763.jpg,0,0.4,0,29.98615
C:\Users\acer\Documents\GitHub\temporal-xai-driving\examples\IMG\center_2026_05_16_12_57_54_842.jpg,C:\Users\acer\Documents\GitHub\temporal-xai-driving\examples\IMG\left_2026_05_16_12_57_54_842.jpg,C:\Users\acer\Documents\GitHub\temporal-xai-driving\examples\IMG\right_2026_05_16_12_57_54_842.jpg,0,0.4,0,30.03847
C:\Users\acer\Documents\GitHub\temporal-xai-driving\examples\IMG\center_2026_05_16_12_57_54_922.jpg,C:\Users\acer\Documents\GitHub\temporal-xai-driving\examples\IMG\left_2026_05_16_12_57_54_922.jpg,C:\Users\acer\Documents\GitHub\temporal-xai-driving\examples\IMG\right_2026_05_16_12_57_54_922.jpg,0,0.4,0,30.03901
C:\Users\acer\Documents\GitHub\temporal-xai-driving\examples\IMG\center_2026_05_16_12_57_54_999.jpg,C:\Users\acer\Documents\GitHub\temporal-xai-driving\examples\IMG\left_2026_05_16_12_57_54_999.jpg,C:\Users\acer\Documents\GitHub\temporal-xai-driving\examples\IMG\right_2026_05_16_12_57_54_999.jpg,0,0.4,0,30.03884
C:\Users\acer\Documents\GitHub\temporal-xai-driving\examples\IMG\center_2026_05_16_12_57_55_080.jpg,C:\Users\acer\Documents\GitHub\temporal-xai-driving\examples\IMG\left_2026_05_16_12_57_55_080.jpg,C:\Users\acer\Documents\GitHub\temporal-xai-driving\examples\IMG\right_2026_05_16_12_57_55_080.jpg,0,0.4,0,30.0388
C:\Users\acer\Documents\GitHub\temporal-xai-driving\examples\IMG\center_2026_05_16_12_57_55_159.jpg,C:\Users\acer\Documents\GitHub\temporal-xai-driving\examples\IMG\left_2026_05_16_12_57_55_159.jpg,C:\Users\acer\Documents\GitHub\temporal-xai-driving\examples\IMG\right_2026_05_16_12_57_55_159.jpg,0,0.4,0,30.03807
C:\Users\acer\Documents\GitHub\temporal-xai-driving\examples\IMG\center_2026_05_16_12_57_55_240.jpg,C:\Users\acer\Documents\GitHub\temporal-xai-driving\examples\IMG\left_2026_05_16_12_57_55_240.jpg,C:\Users\acer\Documents\GitHub\temporal-xai-driving\examples\IMG\right_2026_05_16_12_57_55_240.jpg,0.2,0.4,0,30.02773
C:\Users\acer\Documents\GitHub\temporal-xai-driving\examples\IMG\center_2026_05_16_12_57_55_318.jpg,C:\Users\acer\Documents\GitHub\temporal-xai-driving\examples\IMG\left_2026_05_16_12_57_55_318.jpg,C:\Users\acer\Documents\GitHub\temporal-xai-driving\examples\IMG\right_2026_05_16_12_57_55_318.jpg,0.4,0.4,0,30.00598
C:\Users\acer\Documents\GitHub\temporal-xai-driving\examples\IMG\center_2026_05_16_12_57_55_397.jpg,C:\Users\acer\Documents\GitHub\temporal-xai-driving\examples\IMG\left_2026_05_16_12_57_55_397.jpg,C:\Users\acer\Documents\GitHub\temporal-xai-driving\examples\IMG\right_2026_05_16_12_57_55_397.jpg,0.6000001,0.4,0,29.96131
C:\Users\acer\Documents\GitHub\temporal-xai-driving\examples\IMG\center_2026_05_16_12_57_55_477.jpg,C:\Users\acer\Documents\GitHub\temporal-xai-driving\examples\IMG\left_2026_05_16_12_57_55_477.jpg,C:\Users\acer\Documents\GitHub\temporal-xai-driving\examples\IMG\right_2026_05_16_12_57_55_477.jpg,0.8000001,0.4,0,29.83195
C:\Users\acer\Documents\GitHub\temporal-xai-driving\examples\IMG\center_2026_05_16_12_57_55_557.jpg,C:\Users\acer\Documents\GitHub\temporal-xai-driving\examples\IMG\left_2026_05_16_12_57_55_557.jpg,C:\Users\acer\Documents\GitHub\temporal-xai-driving\examples\IMG\right_2026_05_16_12_57_55_557.jpg,1,0.4,0,29.62411
C:\Users\acer\Documents\GitHub\temporal-xai-driving\examples\IMG\center_2026_05_16_12_57_55_634.jpg,C:\Users\acer\Documents\GitHub\temporal-xai-driving\examples\IMG\left_2026_05_16_12_57_55_634.jpg,C:\Users\acer\Documents\GitHub\temporal-xai-driving\examples\IMG\right_2026_05_16_12_57_55_634.jpg,1,0.4,0,29.43324
C:\Users\acer\Documents\GitHub\temporal-xai-driving\examples\IMG\center_2026_05_16_12_57_55_714.jpg,C:\Users\acer\Documents\GitHub\temporal-xai-driving\examples\IMG\left_2026_05_16_12_57_55_714.jpg,C:\Users\acer\Documents\GitHub\temporal-xai-driving\examples\IMG\right_2026_05_16_12_57_55_714.jpg,0,0.4,0,29.39323
C:\Users\acer\Documents\GitHub\temporal-xai-driving\examples\IMG\center_2026_05_16_12_57_55_790.jpg,C:\Users\acer\Documents\GitHub\temporal-xai-driving\examples\IMG\left_2026_05_16_12_57_55_790.jpg,C:\Users\acer\Documents\GitHub\temporal-xai-driving\examples\IMG\right_2026_05_16_12_57_55_790.jpg,0,0.4,0,29.41653
C:\Users\acer\Documents\GitHub\temporal-xai-driving\examples\IMG\center_2026_05_16_12_57_55_866.jpg,C:\Users\acer\Documents\GitHub\temporal-xai-driving\examples\IMG\left_2026_05_16_12_57_55_866.jpg,C:\Users\acer\Documents\GitHub\temporal-xai-driving\examples\IMG\right_2026_05_16_12_57_55_866.jpg,0,0.4,0,29.51142
C:\Users\acer\Documents\GitHub\temporal-xai-driving\examples\IMG\center_2026_05_16_12_57_55_940.jpg,C:\Users\acer\Documents\GitHub\temporal-xai-driving\examples\IMG\left_2026_05_16_12_57_55_940.jpg,C:\Users\acer\Documents\GitHub\temporal-xai-driving\examples\IMG\right_2026_05_16_12_57_55_940.jpg,0,0.4,0,29.61185
C:\Users\acer\Documents\GitHub\temporal-xai-driving\examples\IMG\center_2026_05_16_12_57_56_020.jpg,C:\Users\acer\Documents\GitHub\temporal-xai-driving\examples\IMG\left_2026_05_16_12_57_56_020.jpg,C:\Users\acer\Documents\GitHub\temporal-xai-driving\examples\IMG\right_2026_05_16_12_57_56_020.jpg,-0.2,0.4,0,29.71943
C:\Users\acer\Documents\GitHub\temporal-xai-driving\examples\IMG\center_2026_05_16_12_57_56_107.jpg,C:\Users\acer\Documents\GitHub\temporal-xai-driving\examples\IMG\left_2026_05_16_12_57_56_107.jpg,C:\Users\acer\Documents\GitHub\temporal-xai-driving\examples\IMG\right_2026_05_16_12_57_56_107.jpg,-0.45,0.4,0,29.74473
C:\Users\acer\Documents\GitHub\temporal-xai-driving\examples\IMG\center_2026_05_16_12_57_56_185.jpg,C:\Users\acer\Documents\GitHub\temporal-xai-driving\examples\IMG\left_2026_05_16_12_57_56_185.jpg,C:\Users\acer\Documents\GitHub\temporal-xai-driving\examples\IMG\right_2026_05_16_12_57_56_185.jpg,0,0.4,0,29.71747
C:\Users\acer\Documents\GitHub\temporal-xai-driving\examples\IMG\center_2026_05_16_12_57_56_253.jpg,C:\Users\acer\Documents\GitHub\temporal-xai-driving\examples\IMG\left_2026_05_16_12_57_56_253.jpg,C:\Users\acer\Documents\GitHub\temporal-xai-driving\examples\IMG\right_2026_05_16_12_57_56_253.jpg,0,0.4,0,29.80642
C:\Users\acer\Documents\GitHub\temporal-xai-driving\examples\IMG\center_2026_05_16_12_57_56_324.jpg,C:\Users\acer\Documents\GitHub\temporal-xai-driving\examples\IMG\left_2026_05_16_12_57_56_324.jpg,C:\Users\acer\Documents\GitHub\temporal-xai-driving\examples\IMG\right_2026_05_16_12_57_56_324.jpg,0,0.4,0,29.94342
C:\Users\acer\Documents\GitHub\temporal-xai-driving\examples\IMG\center_2026_05_16_12_57_56_404.jpg,C:\Users\acer\Documents\GitHub\temporal-xai-driving\examples\IMG\left_2026_05_16_12_57_56_404.jpg,C:\Users\acer\Documents\GitHub\temporal-xai-driving\examples\IMG\right_2026_05_16_12_57_56_404.jpg,0,0.4,0,30.03793
C:\Users\acer\Documents\GitHub\temporal-xai-driving\examples\IMG\center_2026_05_16_12_57_56_495.jpg,C:\Users\acer\Documents\GitHub\temporal-xai-driving\examples\IMG\left_2026_05_16_12_57_56_495.jpg,C:\Users\acer\Documents\GitHub\temporal-xai-driving\examples\IMG\right_2026_05_16_12_57_56_495.jpg,0,0.4,0,30.03791
C:\Users\acer\Documents\GitHub\temporal-xai-driving\examples\IMG\center_2026_05_16_12_57_56_568.jpg,C:\Users\acer\Documents\GitHub\temporal-xai-driving\examples\IMG\left_2026_05_16_12_57_56_568.jpg,C:\Users\acer\Documents\GitHub\temporal-xai-driving\examples\IMG\right_2026_05_16_12_57_56_568.jpg,0,0.4,0,30.03824
C:\Users\acer\Documents\GitHub\temporal-xai-driving\examples\IMG\center_2026_05_16_12_57_56_640.jpg,C:\Users\acer\Documents\GitHub\temporal-xai-driving\examples\IMG\left_2026_05_16_12_57_56_640.jpg,C:\Users\acer\Documents\GitHub\temporal-xai-driving\examples\IMG\right_2026_05_16_12_57_56_640.jpg,-0.05,0.4,0,30.03785
C:\Users\acer\Documents\GitHub\temporal-xai-driving\examples\IMG\center_2026_05_16_12_57_56_712.jpg,C:\Users\acer\Documents\GitHub\temporal-xai-driving\examples\IMG\left_2026_05_16_12_57_56_712.jpg,C:\Users\acer\Documents\GitHub\temporal-xai-driving\examples\IMG\right_2026_05_16_12_57_56_712.jpg,-0.25,0.4,0,30.02376
C:\Users\acer\Documents\GitHub\temporal-xai-driving\examples\IMG\center_2026_05_16_12_57_56_783.jpg,C:\Users\acer\Documents\GitHub\temporal-xai-driving\examples\IMG\left_2026_05_16_12_57_56_783.jpg,C:\Users\acer\Documents\GitHub\temporal-xai-driving\examples\IMG\right_2026_05_16_12_57_56_783.jpg,-0.45,0.4,0,30.00081
C:\Users\acer\Documents\GitHub\temporal-xai-driving\examples\IMG\center_2026_05_16_12_57_56_855.jpg,C:\Users\acer\Documents\GitHub\temporal-xai-driving\examples\IMG\left_2026_05_16_12_57_56_855.jpg,C:\Users\acer\Documents\GitHub\temporal-xai-driving\examples\IMG\right_2026_05_16_12_57_56_855.jpg,0,0.4,0,30.0085
C:\Users\acer\Documents\GitHub\temporal-xai-driving\examples\IMG\center_2026_05_16_12_57_56_926.jpg,C:\Users\acer\Documents\GitHub\temporal-xai-driving\examples\IMG\left_2026_05_16_12_57_56_926.jpg,C:\Users\acer\Documents\GitHub\temporal-xai-driving\examples\IMG\right_2026_05_16_12_57_56_926.jpg,0,0.4,0,30.03614
C:\Users\acer\Documents\GitHub\temporal-xai-driving\examples\IMG\center_2026_05_16_12_57_56_997.jpg,C:\Users\acer\Documents\GitHub\temporal-xai-driving\examples\IMG\left_2026_05_16_12_57_56_997.jpg,C:\Users\acer\Documents\GitHub\temporal-xai-driving\examples\IMG\right_2026_05_16_12_57_56_997.jpg,0,0.4,0,30.03772
C:\Users\acer\Documents\GitHub\temporal-xai-driving\examples\IMG\center_2026_05_16_12_57_57_070.jpg,C:\Users\acer\Documents\GitHub\temporal-xai-driving\examples\IMG\left_2026_05_16_12_57_57_070.jpg,C:\Users\acer\Documents\GitHub\temporal-xai-driving\examples\IMG\right_2026_05_16_12_57_57_070.jpg,0.2,0.4,0,30.02388
C:\Users\acer\Documents\GitHub\temporal-xai-driving\examples\IMG\center_2026_05_16_12_57_57_144.jpg,C:\Users\acer\Documents\GitHub\temporal-xai-driving\examples\IMG\left_2026_05_16_12_57_57_144.jpg,C:\Users\acer\Documents\GitHub\temporal-xai-driving\examples\IMG\right_2026_05_16_12_57_57_144.jpg,0.4,0.4,0,30.00213
C:\Users\acer\Documents\GitHub\temporal-xai-driving\examples\IMG\center_2026_05_16_12_57_57_216.jpg,C:\Users\acer\Documents\GitHub\temporal-xai-driving\examples\IMG\left_2026_05_16_12_57_57_216.jpg,C:\Users\acer\Documents\GitHub\temporal-xai-driving\examples\IMG\right_2026_05_16_12_57_57_216.jpg,0,0.4,0,30.03521
C:\Users\acer\Documents\GitHub\temporal-xai-driving\examples\IMG\center_2026_05_16_12_57_57_290.jpg,C:\Users\acer\Documents\GitHub\temporal-xai-driving\examples\IMG\left_2026_05_16_12_57_57_290.jpg,C:\Users\acer\Documents\GitHub\temporal-xai-driving\examples\IMG\right_2026_05_16_12_57_57_290.jpg,0,0.4,0,30.03816
C:\Users\acer\Documents\GitHub\temporal-xai-driving\examples\IMG\center_2026_05_16_12_57_57_363.jpg,C:\Users\acer\Documents\GitHub\temporal-xai-driving\examples\IMG\left_2026_05_16_12_57_57_363.jpg,C:\Users\acer\Documents\GitHub\temporal-xai-driving\examples\IMG\right_2026_05_16_12_57_57_363.jpg,0,0.4,0,30.03876
C:\Users\acer\Documents\GitHub\temporal-xai-driving\examples\IMG\center_2026_05_16_12_57_57_435.jpg,C:\Users\acer\Documents\GitHub\temporal-xai-driving\examples\IMG\left_2026_05_16_12_57_57_435.jpg,C:\Users\acer\Documents\GitHub\temporal-xai-driving\examples\IMG\right_2026_05_16_12_57_57_435.jpg,0,0.4,0,30.0388
C:\Users\acer\Documents\GitHub\temporal-xai-driving\examples\IMG\center_2026_05_16_12_57_57_506.jpg,C:\Users\acer\Documents\GitHub\temporal-xai-driving\examples\IMG\left_2026_05_16_12_57_57_506.jpg,C:\Users\acer\Documents\GitHub\temporal-xai-driving\examples\IMG\right_2026_05_16_12_57_57_506.jpg,0,0.4,0,30.03881
C:\Users\acer\Documents\GitHub\temporal-xai-driving\examples\IMG\center_2026_05_16_12_57_57_581.jpg,C:\Users\acer\Documents\GitHub\temporal-xai-driving\examples\IMG\left_2026_05_16_12_57_57_581.jpg,C:\Users\acer\Documents\GitHub\temporal-xai-driving\examples\IMG\right_2026_05_16_12_57_57_581.jpg,0.15,0.4,0,30.03329
C:\Users\acer\Documents\GitHub\temporal-xai-driving\examples\IMG\center_2026_05_16_12_57_57_655.jpg,C:\Users\acer\Documents\GitHub\temporal-xai-driving\examples\IMG\left_2026_05_16_12_57_57_655.jpg,C:\Users\acer\Documents\GitHub\temporal-xai-driving\examples\IMG\right_2026_05_16_12_57_57_655.jpg,0.35,0.4,0,30.0121
C:\Users\acer\Documents\GitHub\temporal-xai-driving\examples\IMG\center_2026_05_16_12_57_57_726.jpg,C:\Users\acer\Documents\GitHub\temporal-xai-driving\examples\IMG\left_2026_05_16_12_57_57_726.jpg,C:\Users\acer\Documents\GitHub\temporal-xai-driving\examples\IMG\right_2026_05_16_12_57_57_726.jpg,0,0.4,0,30.03838
C:\Users\acer\Documents\GitHub\temporal-xai-driving\examples\IMG\center_2026_05_16_12_57_57_798.jpg,C:\Users\acer\Documents\GitHub\temporal-xai-driving\examples\IMG\left_2026_05_16_12_57_57_798.jpg,C:\Users\acer\Documents\GitHub\temporal-xai-driving\examples\IMG\right_2026_05_16_12_57_57_798.jpg,0,0.4,0,30.03819
C:\Users\acer\Documents\GitHub\temporal-xai-driving\examples\IMG\center_2026_05_16_12_57_57_873.jpg,C:\Users\acer\Documents\GitHub\temporal-xai-driving\examples\IMG\left_2026_05_16_12_57_57_873.jpg,C:\Users\acer\Documents\GitHub\temporal-xai-driving\examples\IMG\right_2026_05_16_12_57_57_873.jpg,0,0.4,0,30.03841
C:\Users\acer\Documents\GitHub\temporal-xai-driving\examples\IMG\center_2026_05_16_12_57_57_945.jpg,C:\Users\acer\Documents\GitHub\temporal-xai-driving\examples\IMG\left_2026_05_16_12_57_57_945.jpg,C:\Users\acer\Documents\GitHub\temporal-xai-driving\examples\IMG\right_2026_05_16_12_57_57_945.jpg,0,0.4,0,30.03848
C:\Users\acer\Documents\GitHub\temporal-xai-driving\examples\IMG\center_2026_05_16_12_57_58_016.jpg,C:\Users\acer\Documents\GitHub\temporal-xai-driving\examples\IMG\left_2026_05_16_12_57_58_016.jpg,C:\Users\acer\Documents\GitHub\temporal-xai-driving\examples\IMG\right_2026_05_16_12_57_58_016.jpg,0.15,0.4,0,30.03284
C:\Users\acer\Documents\GitHub\temporal-xai-driving\examples\IMG\center_2026_05_16_12_57_58_088.jpg,C:\Users\acer\Documents\GitHub\temporal-xai-driving\examples\IMG\left_2026_05_16_12_57_58_088.jpg,C:\Users\acer\Documents\GitHub\temporal-xai-driving\examples\IMG\right_2026_05_16_12_57_58_088.jpg,0.35,0.4,0,30.01214
C:\Users\acer\Documents\GitHub\temporal-xai-driving\examples\IMG\center_2026_05_16_12_57_58_162.jpg,C:\Users\acer\Documents\GitHub\temporal-xai-driving\examples\IMG\left_2026_05_16_12_57_58_162.jpg,C:\Users\acer\Documents\GitHub\temporal-xai-driving\examples\IMG\right_2026_05_16_12_57_58_162.jpg,0,0.4,0,30.03535
C:\Users\acer\Documents\GitHub\temporal-xai-driving\examples\IMG\center_2026_05_16_12_57_58_232.jpg,C:\Users\acer\Documents\GitHub\temporal-xai-driving\examples\IMG\left_2026_05_16_12_57_58_232.jpg,C:\Users\acer\Documents\GitHub\temporal-xai-driving\examples\IMG\right_2026_05_16_12_57_58_232.jpg,0,0.4,0,30.03784
C:\Users\acer\Documents\GitHub\temporal-xai-driving\examples\IMG\center_2026_05_16_12_57_58_312.jpg,C:\Users\acer\Documents\GitHub\temporal-xai-driving\examples\IMG\left_2026_05_16_12_57_58_312.jpg,C:\Users\acer\Documents\GitHub\temporal-xai-driving\examples\IMG\right_2026_05_16_12_57_58_312.jpg,0,0.4,0,30.03825
C:\Users\acer\Documents\GitHub\temporal-xai-driving\examples\IMG\center_2026_05_16_12_57_58_405.jpg,C:\Users\acer\Documents\GitHub\temporal-xai-driving\examples\IMG\left_2026_05_16_12_57_58_405.jpg,C:\Users\acer\Documents\GitHub\temporal-xai-driving\examples\IMG\right_2026_05_16_12_57_58_405.jpg,0,0.4,0,30.03836
C:\Users\acer\Documents\GitHub\temporal-xai-driving\examples\IMG\center_2026_05_16_12_57_58_475.jpg,C:\Users\acer\Documents\GitHub\temporal-xai-driving\examples\IMG\left_2026_05_16_12_57_58_475.jpg,C:\Users\acer\Documents\GitHub\temporal-xai-driving\examples\IMG\right_2026_05_16_12_57_58_475.jpg,0,0.4,0,30.03838
C:\Users\acer\Documents\GitHub\temporal-xai-driving\examples\IMG\center_2026_05_16_12_57_58_547.jpg,C:\Users\acer\Documents\GitHub\temporal-xai-driving\examples\IMG\left_2026_05_16_12_57_58_547.jpg,C:\Users\acer\Documents\GitHub\temporal-xai-driving\examples\IMG\right_2026_05_16_12_57_58_547.jpg,0,0.4,0,30.03838
C:\Users\acer\Documents\GitHub\temporal-xai-driving\examples\IMG\center_2026_05_16_12_57_58_619.jpg,C:\Users\acer\Documents\GitHub\temporal-xai-driving\examples\IMG\left_2026_05_16_12_57_58_619.jpg,C:\Users\acer\Documents\GitHub\temporal-xai-driving\examples\IMG\right_2026_05_16_12_57_58_619.jpg,0.15,0.4,0,30.03257
C:\Users\acer\Documents\GitHub\temporal-xai-driving\examples\IMG\center_2026_05_16_12_57_58_690.jpg,C:\Users\acer\Documents\GitHub\temporal-xai-driving\examples\IMG\left_2026_05_16_12_57_58_690.jpg,C:\Users\acer\Documents\GitHub\temporal-xai-driving\examples\IMG\right_2026_05_16_12_57_58_690.jpg,0.35,0.4,0,30.01184
C:\Users\acer\Documents\GitHub\temporal-xai-driving\examples\IMG\center_2026_05_16_12_57_58_762.jpg,C:\Users\acer\Documents\GitHub\temporal-xai-driving\examples\IMG\left_2026_05_16_12_57_58_762.jpg,C:\Users\acer\Documents\GitHub\temporal-xai-driving\examples\IMG\right_2026_05_16_12_57_58_762.jpg,0,0.4,0,30.03797
C:\Users\acer\Documents\GitHub\temporal-xai-driving\examples\IMG\center_2026_05_16_12_57_58_832.jpg,C:\Users\acer\Documents\GitHub\temporal-xai-driving\examples\IMG\left_2026_05_16_12_57_58_832.jpg,C:\Users\acer\Documents\GitHub\temporal-xai-driving\examples\IMG\right_2026_05_16_12_57_58_832.jpg,0,0.4,0,30.03804
C:\Users\acer\Documents\GitHub\temporal-xai-driving\examples\IMG\center_2026_05_16_12_57_59_014.jpg,C:\Users\acer\Documents\GitHub\temporal-xai-driving\examples\IMG\left_2026_05_16_12_57_59_014.jpg,C:\Users\acer\Documents\GitHub\temporal-xai-driving\examples\IMG\right_2026_05_16_12_57_59_014.jpg,0,0.4,0,29.97565
C:\Users\acer\Documents\GitHub\temporal-xai-driving\examples\IMG\center_2026_05_16_12_58_51_206.jpg,C:\Users\acer\Documents\GitHub\temporal-xai-driving\examples\IMG\left_2026_05_16_12_58_51_206.jpg,C:\Users\acer\Documents\GitHub\temporal-xai-driving\examples\IMG\right_2026_05_16_12_58_51_206.jpg,0.3,0.4,0,30.01385
C:\Users\acer\Documents\GitHub\temporal-xai-driving\examples\IMG\center_2026_05_16_12_58_51_277.jpg,C:\Users\acer\Documents\GitHub\temporal-xai-driving\examples\IMG\left_2026_05_16_12_58_51_277.jpg,C:\Users\acer\Documents\GitHub\temporal-xai-driving\examples\IMG\right_2026_05_16_12_58_51_277.jpg,0.45,0.4,0,30.00157
C:\Users\acer\Documents\GitHub\temporal-xai-driving\examples\IMG\center_2026_05_16_12_58_51_347.jpg,C:\Users\acer\Documents\GitHub\temporal-xai-driving\examples\IMG\left_2026_05_16_12_58_51_347.jpg,C:\Users\acer\Documents\GitHub\temporal-xai-driving\examples\IMG\right_2026_05_16_12_58_51_347.jpg,0.6500001,0.4,0,29.94218
C:\Users\acer\Documents\GitHub\temporal-xai-driving\examples\IMG\center_2026_05_16_12_58_51_420.jpg,C:\Users\acer\Documents\GitHub\temporal-xai-driving\examples\IMG\left_2026_05_16_12_58_51_420.jpg,C:\Users\acer\Documents\GitHub\temporal-xai-driving\examples\IMG\right_2026_05_16_12_58_51_420.jpg,0,0.4,0,30.01739
C:\Users\acer\Documents\GitHub\temporal-xai-driving\examples\IMG\center_2026_05_16_12_58_51_489.jpg,C:\Users\acer\Documents\GitHub\temporal-xai-driving\examples\IMG\left_2026_05_16_12_58_51_489.jpg,C:\Users\acer\Documents\GitHub\temporal-xai-driving\examples\IMG\right_2026_05_16_12_58_51_489.jpg,0,0.4,0,30.03674
C:\Users\acer\Documents\GitHub\temporal-xai-driving\examples\IMG\center_2026_05_16_12_58_51_562.jpg,C:\Users\acer\Documents\GitHub\temporal-xai-driving\examples\IMG\left_2026_05_16_12_58_51_562.jpg,C:\Users\acer\Documents\GitHub\temporal-xai-driving\examples\IMG\right_2026_05_16_12_58_51_562.jpg,0,0.4,0,30.03798
C:\Users\acer\Documents\GitHub\temporal-xai-driving\examples\IMG\center_2026_05_16_12_58_51_634.jpg,C:\Users\acer\Documents\GitHub\temporal-xai-driving\examples\IMG\left_2026_05_16_12_58_51_634.jpg,C:\Users\acer\Documents\GitHub\temporal-xai-driving\examples\IMG\right_2026_05_16_12_58_51_634.jpg,0,0.4,0,30.03818
C:\Users\acer\Documents\GitHub\temporal-xai-driving\examples\IMG\center_2026_05_16_12_58_51_705.jpg,C:\Users\acer\Documents\GitHub\temporal-xai-driving\examples\IMG\left_2026_05_16_12_58_51_705.jpg,C:\Users\acer\Documents\GitHub\temporal-xai-driving\examples\IMG\right_2026_05_16_12_58_51_705.jpg,0.1,0.4,0,30.03641
C:\Users\acer\Documents\GitHub\temporal-xai-driving\examples\IMG\center_2026_05_16_12_58_51_775.jpg,C:\Users\acer\Documents\GitHub\temporal-xai-driving\examples\IMG\left_2026_05_16_12_58_51_775.jpg,C:\Users\acer\Documents\GitHub\temporal-xai-driving\examples\IMG\right_2026_05_16_12_58_51_775.jpg,0.25,0.4,0,30.02485
C:\Users\acer\Documents\GitHub\temporal-xai-driving\examples\IMG\center_2026_05_16_12_58_51_848.jpg,C:\Users\acer\Documents\GitHub\temporal-xai-driving\examples\IMG\left_2026_05_16_12_58_51_848.jpg,C:\Users\acer\Documents\GitHub\temporal-xai-driving\examples\IMG\right_2026_05_16_12_58_51_848.jpg,0.45,0.4,0,29.99999
C:\Users\acer\Documents\GitHub\temporal-xai-driving\examples\IMG\center_2026_05_16_12_58_51_921.jpg,C:\Users\acer\Documents\GitHub\temporal-xai-driving\examples\IMG\left_2026_05_16_12_58_51_921.jpg,C:\Users\acer\Documents\GitHub\temporal-xai-driving\examples\IMG\right_2026_05_16_12_58_51_921.jpg,0.6000001,0.4,0,29.96276
C:\Users\acer\Documents\GitHub\temporal-xai-driving\examples\IMG\center_2026_05_16_12_58_51_995.jpg,C:\Users\acer\Documents\GitHub\temporal-xai-driving\examples\IMG\left_2026_05_16_12_58_51_995.jpg,C:\Users\acer\Documents\GitHub\temporal-xai-driving\examples\IMG\right_2026_05_16_12_58_51_995.jpg,0,0.4,0,30.03466
C:\Users\acer\Documents\GitHub\temporal-xai-driving\examples\IMG\center_2026_05_16_12_58_52_062.jpg,C:\Users\acer\Documents\GitHub\temporal-xai-driving\examples\IMG\left_2026_05_16_12_58_52_062.jpg,C:\Users\acer\Documents\GitHub\temporal-xai-driving\examples\IMG\right_2026_05_16_12_58_52_062.jpg,0,0.4,0,30.03742
C:\Users\acer\Documents\GitHub\temporal-xai-driving\examples\IMG\center_2026_05_16_12_58_52_132.jpg,C:\Users\acer\Documents\GitHub\temporal-xai-driving\examples\IMG\left_2026_05_16_12_58_52_132.jpg,C:\Users\acer\Documents\GitHub\temporal-xai-driving\examples\IMG\right_2026_05_16_12_58_52_132.jpg,0,0.4,0,30.03799
C:\Users\acer\Documents\GitHub\temporal-xai-driving\examples\IMG\center_2026_05_16_12_58_52_203.jpg,C:\Users\acer\Documents\GitHub\temporal-xai-driving\examples\IMG\left_2026_05_16_12_58_52_203.jpg,C:\Users\acer\Documents\GitHub\temporal-xai-driving\examples\IMG\right_2026_05_16_12_58_52_203.jpg,0,0.4,0,30.03814
C:\Users\acer\Documents\GitHub\temporal-xai-driving\examples\IMG\center_2026_05_16_12_58_52_283.jpg,C:\Users\acer\Documents\GitHub\temporal-xai-driving\examples\IMG\left_2026_05_16_12_58_52_283.jpg,C:\Users\acer\Documents\GitHub\temporal-xai-driving\examples\IMG\right_2026_05_16_12_58_52_283.jpg,0,0.4,0,30.03814
C:\Users\acer\Documents\GitHub\temporal-xai-driving\examples\IMG\center_2026_05_16_12_58_52_359.jpg,C:\Users\acer\Documents\GitHub\temporal-xai-driving\examples\IMG\left_2026_05_16_12_58_52_359.jpg,C:\Users\acer\Documents\GitHub\temporal-xai-driving\examples\IMG\right_2026_05_16_12_58_52_359.jpg,0,0.4,0,30.03813
C:\Users\acer\Documents\GitHub\temporal-xai-driving\examples\IMG\center_2026_05_16_12_58_52_456.jpg,C:\Users\acer\Documents\GitHub\temporal-xai-driving\examples\IMG\left_2026_05_16_12_58_52_456.jpg,C:\Users\acer\Documents\GitHub\temporal-xai-driving\examples\IMG\right_2026_05_16_12_58_52_456.jpg,0,0.4,0,30.03802
C:\Users\acer\Documents\GitHub\temporal-xai-driving\examples\IMG\center_2026_05_16_12_58_52_528.jpg,C:\Users\acer\Documents\GitHub\temporal-xai-driving\examples\IMG\left_2026_05_16_12_58_52_528.jpg,C:\Users\acer\Documents\GitHub\temporal-xai-driving\examples\IMG\right_2026_05_16_12_58_52_528.jpg,0,0.4,0,30.03847
C:\Users\acer\Documents\GitHub\temporal-xai-driving\examples\IMG\center_2026_05_16_12_58_52_621.jpg,C:\Users\acer\Documents\GitHub\temporal-xai-driving\examples\IMG\left_2026_05_16_12_58_52_621.jpg,C:\Users\acer\Documents\GitHub\temporal-xai-driving\examples\IMG\right_2026_05_16_12_58_52_621.jpg,0,0.4,0,30.03841
C:\Users\acer\Documents\GitHub\temporal-xai-driving\examples\IMG\center_2026_05_16_12_58_52_707.jpg,C:\Users\acer\Documents\GitHub\temporal-xai-driving\examples\IMG\left_2026_05_16_12_58_52_707.jpg,C:\Users\acer\Documents\GitHub\temporal-xai-driving\examples\IMG\right_2026_05_16_12_58_52_707.jpg,0,0.4,0,30.03876
C:\Users\acer\Documents\GitHub\temporal-xai-driving\examples\IMG\center_2026_05_16_12_58_52_799.jpg,C:\Users\acer\Documents\GitHub\temporal-xai-driving\examples\IMG\left_2026_05_16_12_58_52_799.jpg,C:\Users\acer\Documents\GitHub\temporal-xai-driving\examples\IMG\right_2026_05_16_12_58_52_799.jpg,0.15,0.4,0,30.03229
C:\Users\acer\Documents\GitHub\temporal-xai-driving\examples\IMG\center_2026_05_16_12_58_52_869.jpg,C:\Users\acer\Documents\GitHub\temporal-xai-driving\examples\IMG\left_2026_05_16_12_58_52_869.jpg,C:\Users\acer\Documents\GitHub\temporal-xai-driving\examples\IMG\right_2026_05_16_12_58_52_869.jpg,0.35,0.4,0,30.01121
C:\Users\acer\Documents\GitHub\temporal-xai-driving\examples\IMG\center_2026_05_16_12_58_52_940.jpg,C:\Users\acer\Documents\GitHub\temporal-xai-driving\examples\IMG\left_2026_05_16_12_58_52_940.jpg,C:\Users\acer\Documents\GitHub\temporal-xai-driving\examples\IMG\right_2026_05_16_12_58_52_940.jpg,0.5000001,0.4,0,29.99203
C:\Users\acer\Documents\GitHub\temporal-xai-driving\examples\IMG\center_2026_05_16_12_58_53_011.jpg,C:\Users\acer\Documents\GitHub\temporal-xai-driving\examples\IMG\left_2026_05_16_12_58_53_011.jpg,C:\Users\acer\Documents\GitHub\temporal-xai-driving\examples\IMG\right_2026_05_16_12_58_53_011.jpg,0,0.4,0,30.03604
C:\Users\acer\Documents\GitHub\temporal-xai-driving\examples\IMG\center_2026_05_16_12_58_53_079.jpg,C:\Users\acer\Documents\GitHub\temporal-xai-driving\examples\IMG\left_2026_05_16_12_58_53_079.jpg,C:\Users\acer\Documents\GitHub\temporal-xai-driving\examples\IMG\right_2026_05_16_12_58_53_079.jpg,0,0.4,0,30.03746
C:\Users\acer\Documents\GitHub\temporal-xai-driving\examples\IMG\center_2026_05_16_12_58_53_150.jpg,C:\Users\acer\Documents\GitHub\temporal-xai-driving\examples\IMG\left_2026_05_16_12_58_53_150.jpg,C:\Users\acer\Documents\GitHub\temporal-xai-driving\examples\IMG\right_2026_05_16_12_58_53_150.jpg,0,0.4,0,30.03809
C:\Users\acer\Documents\GitHub\temporal-xai-driving\examples\IMG\center_2026_05_16_12_58_53_219.jpg,C:\Users\acer\Documents\GitHub\temporal-xai-driving\examples\IMG\left_2026_05_16_12_58_53_219.jpg,C:\Users\acer\Documents\GitHub\temporal-xai-driving\examples\IMG\right_2026_05_16_12_58_53_219.jpg,0,0.4,0,30.03843
C:\Users\acer\Documents\GitHub\temporal-xai-driving\examples\IMG\center_2026_05_16_12_58_53_288.jpg,C:\Users\acer\Documents\GitHub\temporal-xai-driving\examples\IMG\left_2026_05_16_12_58_53_288.jpg,C:\Users\acer\Documents\GitHub\temporal-xai-driving\examples\IMG\right_2026_05_16_12_58_53_288.jpg,0,0.4,0,30.03856
C:\Users\acer\Documents\GitHub\temporal-xai-driving\examples\IMG\center_2026_05_16_12_58_53_357.jpg,C:\Users\acer\Documents\GitHub\temporal-xai-driving\examples\IMG\left_2026_05_16_12_58_53_357.jpg,C:\Users\acer\Documents\GitHub\temporal-xai-driving\examples\IMG\right_2026_05_16_12_58_53_357.jpg,0,0.4,0,30.03847
C:\Users\acer\Documents\GitHub\temporal-xai-driving\examples\IMG\center_2026_05_16_12_58_53_428.jpg,C:\Users\acer\Documents\GitHub\temporal-xai-driving\examples\IMG\left_2026_05_16_12_58_53_428.jpg,C:\Users\acer\Documents\GitHub\temporal-xai-driving\examples\IMG\right_2026_05_16_12_58_53_428.jpg,0,0.4,0,30.03884
C:\Users\acer\Documents\GitHub\temporal-xai-driving\examples\IMG\center_2026_05_16_12_58_53_496.jpg,C:\Users\acer\Documents\GitHub\temporal-xai-driving\examples\IMG\left_2026_05_16_12_58_53_496.jpg,C:\Users\acer\Documents\GitHub\temporal-xai-driving\examples\IMG\right_2026_05_16_12_58_53_496.jpg,0,0.4,0,30.03874
C:\Users\acer\Documents\GitHub\temporal-xai-driving\examples\IMG\center_2026_05_16_12_58_53_597.jpg,C:\Users\acer\Documents\GitHub\temporal-xai-driving\examples\IMG\left_2026_05_16_12_58_53_597.jpg,C:\Users\acer\Documents\GitHub\temporal-xai-driving\examples\IMG\right_2026_05_16_12_58_53_597.jpg,0.1,0.4,0,30.0359
C:\Users\acer\Documents\GitHub\temporal-xai-driving\examples\IMG\center_2026_05_16_12_58_53_667.jpg,C:\Users\acer\Documents\GitHub\temporal-xai-driving\examples\IMG\left_2026_05_16_12_58_53_667.jpg,C:\Users\acer\Documents\GitHub\temporal-xai-driving\examples\IMG\right_2026_05_16_12_58_53_667.jpg,0.3,0.4,0,30.01718
C:\Users\acer\Documents\GitHub\temporal-xai-driving\examples\IMG\center_2026_05_16_12_58_53_735.jpg,C:\Users\acer\Documents\GitHub\temporal-xai-driving\examples\IMG\left_2026_05_16_12_58_53_735.jpg,C:\Users\acer\Documents\GitHub\temporal-xai-driving\examples\IMG\right_2026_05_16_12_58_53_735.jpg,0.45,0.4,0,29.99915
C:\Users\acer\Documents\GitHub\temporal-xai-driving\examples\IMG\center_2026_05_16_12_58_53_806.jpg,C:\Users\acer\Documents\GitHub\temporal-xai-driving\examples\IMG\left_2026_05_16_12_58_53_806.jpg,C:\Users\acer\Documents\GitHub\temporal-xai-driving\examples\IMG\right_2026_05_16_12_58_53_806.jpg,0,0.4,0,30.03167
C:\Users\acer\Documents\GitHub\temporal-xai-driving\examples\IMG\center_2026_05_16_12_58_53_876.jpg,C:\Users\acer\Documents\GitHub\temporal-xai-driving\examples\IMG\left_2026_05_16_12_58_53_876.jpg,C:\Users\acer\Documents\GitHub\temporal-xai-driving\examples\IMG\right_2026_05_16_12_58_53_876.jpg,0,0.4,0,30.03593
C:\Users\acer\Documents\GitHub\temporal-xai-driving\examples\IMG\center_2026_05_16_12_58_53_973.jpg,C:\Users\acer\Documents\GitHub\temporal-xai-driving\examples\IMG\left_2026_05_16_12_58_53_973.jpg,C:\Users\acer\Documents\GitHub\temporal-xai-driving\examples\IMG\right_2026_05_16_12_58_53_973.jpg,0,0.4,0,30.03876
C:\Users\acer\Documents\GitHub\temporal-xai-driving\examples\IMG\center_2026_05_16_12_58_54_073.jpg,C:\Users\acer\Documents\GitHub\temporal-xai-driving\examples\IMG\left_2026_05_16_12_58_54_073.jpg,C:\Users\acer\Documents\GitHub\temporal-xai-driving\examples\IMG\right_2026_05_16_12_58_54_073.jpg,0,0.4,0,30.03849
C:\Users\acer\Documents\GitHub\temporal-xai-driving\examples\IMG\center_2026_05_16_12_58_54_171.jpg,C:\Users\acer\Documents\GitHub\temporal-xai-driving\examples\IMG\left_2026_05_16_12_58_54_171.jpg,C:\Users\acer\Documents\GitHub\temporal-xai-driving\examples\IMG\right_2026_05_16_12_58_54_171.jpg,0,0.4,0,30.03798
C:\Users\acer\Documents\GitHub\temporal-xai-driving\examples\IMG\center_2026_05_16_12_58_54_267.jpg,C:\Users\acer\Documents\GitHub\temporal-xai-driving\examples\IMG\left_2026_05_16_12_58_54_267.jpg,C:\Users\acer\Documents\GitHub\temporal-xai-driving\examples\IMG\right_2026_05_16_12_58_54_267.jpg,0,0.4,0,30.03869
C:\Users\acer\Documents\GitHub\temporal-xai-driving\examples\IMG\center_2026_05_16_12_58_54_336.jpg,C:\Users\acer\Documents\GitHub\temporal-xai-driving\examples\IMG\left_2026_05_16_12_58_54_336.jpg,C:\Users\acer\Documents\GitHub\temporal-xai-driving\examples\IMG\right_2026_05_16_12_58_54_336.jpg,0,0.4,0,30.03865
C:\Users\acer\Documents\GitHub\temporal-xai-driving\examples\IMG\center_2026_05_16_12_58_54_455.jpg,C:\Users\acer\Documents\GitHub\temporal-xai-driving\examples\IMG\left_2026_05_16_12_58_54_455.jpg,C:\Users\acer\Documents\GitHub\temporal-xai-driving\examples\IMG\right_2026_05_16_12_58_54_455.jpg,0.15,0.4,0,30.03218
C:\Users\acer\Documents\GitHub\temporal-xai-driving\examples\IMG\center_2026_05_16_12_58_54_529.jpg,C:\Users\acer\Documents\GitHub\temporal-xai-driving\examples\IMG\left_2026_05_16_12_58_54_529.jpg,C:\Users\acer\Documents\GitHub\temporal-xai-driving\examples\IMG\right_2026_05_16_12_58_54_529.jpg,0.35,0.4,0,30.01133
C:\Users\acer\Documents\GitHub\temporal-xai-driving\examples\IMG\center_2026_05_16_12_58_54_646.jpg,C:\Users\acer\Documents\GitHub\temporal-xai-driving\examples\IMG\left_2026_05_16_12_58_54_646.jpg,C:\Users\acer\Documents\GitHub\temporal-xai-driving\examples\IMG\right_2026_05_16_12_58_54_646.jpg,0.6500001,0.4,0,29.93006
C:\Users\acer\Documents\GitHub\temporal-xai-driving\examples\IMG\center_2026_05_16_12_58_54_727.jpg,C:\Users\acer\Documents\GitHub\temporal-xai-driving\examples\IMG\left_2026_05_16_12_58_54_727.jpg,C:\Users\acer\Documents\GitHub\temporal-xai-driving\examples\IMG\right_2026_05_16_12_58_54_727.jpg,0.8500001,0.4,0,29.76544
C:\Users\acer\Documents\GitHub\temporal-xai-driving\examples\IMG\center_2026_05_16_12_58_54_823.jpg,C:\Users\acer\Documents\GitHub\temporal-xai-driving\examples\IMG\left_2026_05_16_12_58_54_823.jpg,C:\Users\acer\Documents\GitHub\temporal-xai-driving\examples\IMG\right_2026_05_16_12_58_54_823.jpg,0,0.4,0,29.87356
C:\Users\acer\Documents\GitHub\temporal-xai-driving\examples\IMG\center_2026_05_16_12_58_54_917.jpg,C:\Users\acer\Documents\GitHub\temporal-xai-driving\examples\IMG\left_2026_05_16_12_58_54_917.jpg,C:\Users\acer\Documents\GitHub\temporal-xai-driving\examples\IMG\right_2026_05_16_12_58_54_917.jpg,0,0.4,0,30.00826
C:\Users\acer\Documents\GitHub\temporal-xai-driving\examples\IMG\center_2026_05_16_12_58_55_007.jpg,C:\Users\acer\Documents\GitHub\temporal-xai-driving\examples\IMG\left_2026_05_16_12_58_55_007.jpg,C:\Users\acer\Documents\GitHub\temporal-xai-driving\examples\IMG\right_2026_05_16_12_58_55_007.jpg,0,0.4,0,30.03784
C:\Users\acer\Documents\GitHub\temporal-xai-driving\examples\IMG\center_2026_05_16_12_58_55_098.jpg,C:\Users\acer\Documents\GitHub\temporal-xai-driving\examples\IMG\left_2026_05_16_12_58_55_098.jpg,C:\Users\acer\Documents\GitHub\temporal-xai-driving\examples\IMG\right_2026_05_16_12_58_55_098.jpg,0,0.4,0,30.0381
C:\Users\acer\Documents\GitHub\temporal-xai-driving\examples\IMG\center_2026_05_16_12_58_55_185.jpg,C:\Users\acer\Documents\GitHub\temporal-xai-driving\examples\IMG\left_2026_05_16_12_58_55_185.jpg,C:\Users\acer\Documents\GitHub\temporal-xai-driving\examples\IMG\right_2026_05_16_12_58_55_185.jpg,0,0.4,0,30.03796
C:\Users\acer\Documents\GitHub\temporal-xai-driving\examples\IMG\center_2026_05_16_12_58_55_273.jpg,C:\Users\acer\Documents\GitHub\temporal-xai-driving\examples\IMG\left_2026_05_16_12_58_55_273.jpg,C:\Users\acer\Documents\GitHub\temporal-xai-driving\examples\IMG\right_2026_05_16_12_58_55_273.jpg,0,0.4,0,30.03794
C:\Users\acer\Documents\GitHub\temporal-xai-driving\examples\IMG\center_2026_05_16_12_58_55_363.jpg,C:\Users\acer\Documents\GitHub\temporal-xai-driving\examples\IMG\left_2026_05_16_12_58_55_363.jpg,C:\Users\acer\Documents\GitHub\temporal-xai-driving\examples\IMG\right_2026_05_16_12_58_55_363.jpg,0,0.4,0,30.03791
C:\Users\acer\Documents\GitHub\temporal-xai-driving\examples\IMG\center_2026_05_16_12_58_55_450.jpg,C:\Users\acer\Documents\GitHub\temporal-xai-driving\examples\IMG\left_2026_05_16_12_58_55_450.jpg,C:\Users\acer\Documents\GitHub\temporal-xai-driving\examples\IMG\right_2026_05_16_12_58_55_450.jpg,0,0.4,0,30.03793
C:\Users\acer\Documents\GitHub\temporal-xai-driving\examples\IMG\center_2026_05_16_12_58_55_538.jpg,C:\Users\acer\Documents\GitHub\temporal-xai-driving\examples\IMG\left_2026_05_16_12_58_55_538.jpg,C:\Users\acer\Documents\GitHub\temporal-xai-driving\examples\IMG\right_2026_05_16_12_58_55_538.jpg,0,0.4,0,30.03794
C:\Users\acer\Documents\GitHub\temporal-xai-driving\examples\IMG\center_2026_05_16_12_58_55_629.jpg,C:\Users\acer\Documents\GitHub\temporal-xai-driving\examples\IMG\left_2026_05_16_12_58_55_629.jpg,C:\Users\acer\Documents\GitHub\temporal-xai-driving\examples\IMG\right_2026_05_16_12_58_55_629.jpg,-0.15,0.4,0,30.03226
C:\Users\acer\Documents\GitHub\temporal-xai-driving\examples\IMG\center_2026_05_16_12_58_55_716.jpg,C:\Users\acer\Documents\GitHub\temporal-xai-driving\examples\IMG\left_2026_05_16_12_58_55_716.jpg,C:\Users\acer\Documents\GitHub\temporal-xai-driving\examples\IMG\right_2026_05_16_12_58_55_716.jpg,-0.35,0.4,0,30.01142
C:\Users\acer\Documents\GitHub\temporal-xai-driving\examples\IMG\center_2026_05_16_12_58_55_805.jpg,C:\Users\acer\Documents\GitHub\temporal-xai-driving\examples\IMG\left_2026_05_16_12_58_55_805.jpg,C:\Users\acer\Documents\GitHub\temporal-xai-driving\examples\IMG\right_2026_05_16_12_58_55_805.jpg,-0.6000001,0.4,0,29.96635
C:\Users\acer\Documents\GitHub\temporal-xai-driving\examples\IMG\center_2026_05_16_12_58_55_892.jpg,C:\Users\acer\Documents\GitHub\temporal-xai-driving\examples\IMG\left_2026_05_16_12_58_55_892.jpg,C:\Users\acer\Documents\GitHub\temporal-xai-driving\examples\IMG\right_2026_05_16_12_58_55_892.jpg,0,0.4,0,30.03339
C:\Users\acer\Documents\GitHub\temporal-xai-driving\examples\IMG\center_2026_05_16_12_58_55_986.jpg,C:\Users\acer\Documents\GitHub\temporal-xai-driving\examples\IMG\left_2026_05_16_12_58_55_986.jpg,C:\Users\acer\Documents\GitHub\temporal-xai-driving\examples\IMG\right_2026_05_16_12_58_55_986.jpg,0,0.4,0,30.03811
C:\Users\acer\Documents\GitHub\temporal-xai-driving\examples\IMG\center_2026_05_16_12_58_56_075.jpg,C:\Users\acer\Documents\GitHub\temporal-xai-driving\examples\IMG\left_2026_05_16_12_58_56_075.jpg,C:\Users\acer\Documents\GitHub\temporal-xai-driving\examples\IMG\right_2026_05_16_12_58_56_075.jpg,0,0.4,0,30.03867
C:\Users\acer\Documents\GitHub\temporal-xai-driving\examples\IMG\center_2026_05_16_12_58_56_168.jpg,C:\Users\acer\Documents\GitHub\temporal-xai-driving\examples\IMG\left_2026_05_16_12_58_56_168.jpg,C:\Users\acer\Documents\GitHub\temporal-xai-driving\examples\IMG\right_2026_05_16_12_58_56_168.jpg,0,0.4,0,30.03883
C:\Users\acer\Documents\GitHub\temporal-xai-driving\examples\IMG\center_2026_05_16_12_58_56_259.jpg,C:\Users\acer\Documents\GitHub\temporal-xai-driving\examples\IMG\left_2026_05_16_12_58_56_259.jpg,C:\Users\acer\Documents\GitHub\temporal-xai-driving\examples\IMG\right_2026_05_16_12_58_56_259.jpg,0,0.4,0,30.03886
C:\Users\acer\Documents\GitHub\temporal-xai-driving\examples\IMG\center_2026_05_16_12_58_56_329.jpg,C:\Users\acer\Documents\GitHub\temporal-xai-driving\examples\IMG\left_2026_05_16_12_58_56_329.jpg,C:\Users\acer\Documents\GitHub\temporal-xai-driving\examples\IMG\right_2026_05_16_12_58_56_329.jpg,0.2,0.4,0,30.02771
C:\Users\acer\Documents\GitHub\temporal-xai-driving\examples\IMG\center_2026_05_16_12_58_56_434.jpg,C:\Users\acer\Documents\GitHub\temporal-xai-driving\examples\IMG\left_2026_05_16_12_58_56_434.jpg,C:\Users\acer\Documents\GitHub\temporal-xai-driving\examples\IMG\right_2026_05_16_12_58_56_434.jpg,0.45,0.4,0,29.99922
C:\Users\acer\Documents\GitHub\temporal-xai-driving\examples\IMG\center_2026_05_16_12_58_56_520.jpg,C:\Users\acer\Documents\GitHub\temporal-xai-driving\examples\IMG\left_2026_05_16_12_58_56_520.jpg,C:\Users\acer\Documents\GitHub\temporal-xai-driving\examples\IMG\right_2026_05_16_12_58_56_520.jpg,0,0.4,0,30.03713
C:\Users\acer\Documents\GitHub\temporal-xai-driving\examples\IMG\center_2026_05_16_12_58_56_607.jpg,C:\Users\acer\Documents\GitHub\temporal-xai-driving\examples\IMG\left_2026_05_16_12_58_56_607.jpg,C:\Users\acer\Documents\GitHub\temporal-xai-driving\examples\IMG\right_2026_05_16_12_58_56_607.jpg,0,0.4,0,30.03826
C:\Users\acer\Documents\GitHub\temporal-xai-driving\examples\IMG\center_2026_05_16_12_58_56_695.jpg,C:\Users\acer\Documents\GitHub\temporal-xai-driving\examples\IMG\left_2026_05_16_12_58_56_695.jpg,C:\Users\acer\Documents\GitHub\temporal-xai-driving\examples\IMG\right_2026_05_16_12_58_56_695.jpg,0,0.4,0,30.03877
C:\Users\acer\Documents\GitHub\temporal-xai-driving\examples\IMG\center_2026_05_16_12_58_56_786.jpg,C:\Users\acer\Documents\GitHub\temporal-xai-driving\examples\IMG\left_2026_05_16_12_58_56_786.jpg,C:\Users\acer\Documents\GitHub\temporal-xai-driving\examples\IMG\right_2026_05_16_12_58_56_786.jpg,0.25,0.4,0,30.02448
C:\Users\acer\Documents\GitHub\temporal-xai-driving\examples\IMG\center_2026_05_16_12_58_56_875.jpg,C:\Users\acer\Documents\GitHub\temporal-xai-driving\examples\IMG\left_2026_05_16_12_58_56_875.jpg,C:\Users\acer\Documents\GitHub\temporal-xai-driving\examples\IMG\right_2026_05_16_12_58_56_875.jpg,0,0.4,0,30.02995
C:\Users\acer\Documents\GitHub\temporal-xai-driving\examples\IMG\center_2026_05_16_12_58_56_960.jpg,C:\Users\acer\Documents\GitHub\temporal-xai-driving\examples\IMG\left_2026_05_16_12_58_56_960.jpg,C:\Users\acer\Documents\GitHub\temporal-xai-driving\examples\IMG\right_2026_05_16_12_58_56_960.jpg,0,0.4,0,30.03773
C:\Users\acer\Documents\GitHub\temporal-xai-driving\examples\IMG\center_2026_05_16_12_58_57_049.jpg,C:\Users\acer\Documents\GitHub\temporal-xai-driving\examples\IMG\left_2026_05_16_12_58_57_049.jpg,C:\Users\acer\Documents\GitHub\temporal-xai-driving\examples\IMG\right_2026_05_16_12_58_57_049.jpg,0,0.4,0,30.03834
C:\Users\acer\Documents\GitHub\temporal-xai-driving\examples\IMG\center_2026_05_16_12_58_57_134.jpg,C:\Users\acer\Documents\GitHub\temporal-xai-driving\examples\IMG\left_2026_05_16_12_58_57_134.jpg,C:\Users\acer\Documents\GitHub\temporal-xai-driving\examples\IMG\right_2026_05_16_12_58_57_134.jpg,0.15,0.4,0,30.03383
C:\Users\acer\Documents\GitHub\temporal-xai-driving\examples\IMG\center_2026_05_16_12_58_57_221.jpg,C:\Users\acer\Documents\GitHub\temporal-xai-driving\examples\IMG\left_2026_05_16_12_58_57_221.jpg,C:\Users\acer\Documents\GitHub\temporal-xai-driving\examples\IMG\right_2026_05_16_12_58_57_221.jpg,0.35,0.4,0,30.01301
C:\Users\acer\Documents\GitHub\temporal-xai-driving\examples\IMG\center_2026_05_16_12_58_57_306.jpg,C:\Users\acer\Documents\GitHub\temporal-xai-driving\examples\IMG\left_2026_05_16_12_58_57_306.jpg,C:\Users\acer\Documents\GitHub\temporal-xai-driving\examples\IMG\right_2026_05_16_12_58_57_306.jpg,0,0.4,0,30.03756
C:\Users\acer\Documents\GitHub\temporal-xai-driving\examples\IMG\center_2026_05_16_12_58_57_392.jpg,C:\Users\acer\Documents\GitHub\temporal-xai-driving\examples\IMG\left_2026_05_16_12_58_57_392.jpg,C:\Users\acer\Documents\GitHub\temporal-xai-driving\examples\IMG\right_2026_05_16_12_58_57_392.jpg,0,0.4,0,30.03825
C:\Users\acer\Documents\GitHub\temporal-xai-driving\examples\IMG\center_2026_05_16_12_58_57_479.jpg,C:\Users\acer\Documents\GitHub\temporal-xai-driving\examples\IMG\left_2026_05_16_12_58_57_479.jpg,C:\Users\acer\Documents\GitHub\temporal-xai-driving\examples\IMG\right_2026_05_16_12_58_57_479.jpg,0,0.4,0,30.03836
C:\Users\acer\Documents\GitHub\temporal-xai-driving\examples\IMG\center_2026_05_16_12_58_57_565.jpg,C:\Users\acer\Documents\GitHub\temporal-xai-driving\examples\IMG\left_2026_05_16_12_58_57_565.jpg,C:\Users\acer\Documents\GitHub\temporal-xai-driving\examples\IMG\right_2026_05_16_12_58_57_565.jpg,0,0.4,0,30.03836
C:\Users\acer\Documents\GitHub\temporal-xai-driving\examples\IMG\center_2026_05_16_12_58_57_652.jpg,C:\Users\acer\Documents\GitHub\temporal-xai-driving\examples\IMG\left_2026_05_16_12_58_57_652.jpg,C:\Users\acer\Documents\GitHub\temporal-xai-driving\examples\IMG\right_2026_05_16_12_58_57_652.jpg,0,0.4,0,30.03837
C:\Users\acer\Documents\GitHub\temporal-xai-driving\examples\IMG\center_2026_05_16_12_58_57_735.jpg,C:\Users\acer\Documents\GitHub\temporal-xai-driving\examples\IMG\left_2026_05_16_12_58_57_735.jpg,C:\Users\acer\Documents\GitHub\temporal-xai-driving\examples\IMG\right_2026_05_16_12_58_57_735.jpg,0,0.4,0,30.03826
C:\Users\acer\Documents\GitHub\temporal-xai-driving\examples\IMG\center_2026_05_16_12_58_57_821.jpg,C:\Users\acer\Documents\GitHub\temporal-xai-driving\examples\IMG\left_2026_05_16_12_58_57_821.jpg,C:\Users\acer\Documents\GitHub\temporal-xai-driving\examples\IMG\right_2026_05_16_12_58_57_821.jpg,0,0.4,0,30.03838
C:\Users\acer\Documents\GitHub\temporal-xai-driving\examples\IMG\center_2026_05_16_12_58_57_907.jpg,C:\Users\acer\Documents\GitHub\temporal-xai-driving\examples\IMG\left_2026_05_16_12_58_57_907.jpg,C:\Users\acer\Documents\GitHub\temporal-xai-driving\examples\IMG\right_2026_05_16_12_58_57_907.jpg,0,0.4,0,30.03835
C:\Users\acer\Documents\GitHub\temporal-xai-driving\examples\IMG\center_2026_05_16_12_58_57_992.jpg,C:\Users\acer\Documents\GitHub\temporal-xai-driving\examples\IMG\left_2026_05_16_12_58_57_992.jpg,C:\Users\acer\Documents\GitHub\temporal-xai-driving\examples\IMG\right_2026_05_16_12_58_57_992.jpg,0,0.4,0,30.03837
C:\Users\acer\Documents\GitHub\temporal-xai-driving\examples\IMG\center_2026_05_16_12_58_58_077.jpg,C:\Users\acer\Documents\GitHub\temporal-xai-driving\examples\IMG\left_2026_05_16_12_58_58_077.jpg,C:\Users\acer\Documents\GitHub\temporal-xai-driving\examples\IMG\right_2026_05_16_12_58_58_077.jpg,0.2,0.4,0,30.02796
C:\Users\acer\Documents\GitHub\temporal-xai-driving\examples\IMG\center_2026_05_16_12_58_58_164.jpg,C:\Users\acer\Documents\GitHub\temporal-xai-driving\examples\IMG\left_2026_05_16_12_58_58_164.jpg,C:\Users\acer\Documents\GitHub\temporal-xai-driving\examples\IMG\right_2026_05_16_12_58_58_164.jpg,0,0.4,0,30.03879
C:\Users\acer\Documents\GitHub\temporal-xai-driving\examples\IMG\center_2026_05_16_12_58_58_255.jpg,C:\Users\acer\Documents\GitHub\temporal-xai-driving\examples\IMG\left_2026_05_16_12_58_58_255.jpg,C:\Users\acer\Documents\GitHub\temporal-xai-driving\examples\IMG\right_2026_05_16_12_58_58_255.jpg,0,0.4,0,30.03801
C:\Users\acer\Documents\GitHub\temporal-xai-driving\examples\IMG\center_2026_05_16_12_58_58_327.jpg,C:\Users\acer\Documents\GitHub\temporal-xai-driving\examples\IMG\left_2026_05_16_12_58_58_327.jpg,C:\Users\acer\Documents\GitHub\temporal-xai-driving\examples\IMG\right_2026_05_16_12_58_58_327.jpg,0,0.4,0,30.03826
C:\Users\acer\Documents\GitHub\temporal-xai-driving\examples\IMG\center_2026_05_16_12_58_58_407.jpg,C:\Users\acer\Documents\GitHub\temporal-xai-driving\examples\IMG\left_2026_05_16_12_58_58_407.jpg,C:\Users\acer\Documents\GitHub\temporal-xai-driving\examples\IMG\right_2026_05_16_12_58_58_407.jpg,0,0.4,0,30.03836
C:\Users\acer\Documents\GitHub\temporal-xai-driving\examples\IMG\center_2026_05_16_12_58_58_494.jpg,C:\Users\acer\Documents\GitHub\temporal-xai-driving\examples\IMG\left_2026_05_16_12_58_58_494.jpg,C:\Users\acer\Documents\GitHub\temporal-xai-driving\examples\IMG\right_2026_05_16_12_58_58_494.jpg,0,0.4,0,30.03835
C:\Users\acer\Documents\GitHub\temporal-xai-driving\examples\IMG\center_2026_05_16_12_58_58_580.jpg,C:\Users\acer\Documents\GitHub\temporal-xai-driving\examples\IMG\left_2026_05_16_12_58_58_580.jpg,C:\Users\acer\Documents\GitHub\temporal-xai-driving\examples\IMG\right_2026_05_16_12_58_58_580.jpg,0.2,0.4,0,30.02847
C:\Users\acer\Documents\GitHub\temporal-xai-driving\examples\IMG\center_2026_05_16_12_58_58_665.jpg,C:\Users\acer\Documents\GitHub\temporal-xai-driving\examples\IMG\left_2026_05_16_12_58_58_665.jpg,C:\Users\acer\Documents\GitHub\temporal-xai-driving\examples\IMG\right_2026_05_16_12_58_58_665.jpg,0,0.4,0,30.03666
C:\Users\acer\Documents\GitHub\temporal-xai-driving\examples\IMG\center_2026_05_16_12_58_58_750.jpg,C:\Users\acer\Documents\GitHub\temporal-xai-driving\examples\IMG\left_2026_05_16_12_58_58_750.jpg,C:\Users\acer\Documents\GitHub\temporal-xai-driving\examples\IMG\right_2026_05_16_12_58_58_750.jpg,0,0.4,0,30.03814
C:\Users\acer\Documents\GitHub\temporal-xai-driving\examples\IMG\center_2026_05_16_12_58_58_816.jpg,C:\Users\acer\Documents\GitHub\temporal-xai-driving\examples\IMG\left_2026_05_16_12_58_58_816.jpg,C:\Users\acer\Documents\GitHub\temporal-xai-driving\examples\IMG\right_2026_05_16_12_58_58_816.jpg,0,0.4,0,30.03833
C:\Users\acer\Documents\GitHub\temporal-xai-driving\examples\IMG\center_2026_05_16_12_58_58_889.jpg,C:\Users\acer\Documents\GitHub\temporal-xai-driving\examples\IMG\left_2026_05_16_12_58_58_889.jpg,C:\Users\acer\Documents\GitHub\temporal-xai-driving\examples\IMG\right_2026_05_16_12_58_58_889.jpg,0,0.4,0,30.03837
C:\Users\acer\Documents\GitHub\temporal-xai-driving\examples\IMG\center_2026_05_16_12_58_58_969.jpg,C:\Users\acer\Documents\GitHub\temporal-xai-driving\examples\IMG\left_2026_05_16_12_58_58_969.jpg,C:\Users\acer\Documents\GitHub\temporal-xai-driving\examples\IMG\right_2026_05_16_12_58_58_969.jpg,0,0.4,0,30.03837
C:\Users\acer\Documents\GitHub\temporal-xai-driving\examples\IMG\center_2026_05_16_12_58_59_051.jpg,C:\Users\acer\Documents\GitHub\temporal-xai-driving\examples\IMG\left_2026_05_16_12_58_59_051.jpg,C:\Users\acer\Documents\GitHub\temporal-xai-driving\examples\IMG\right_2026_05_16_12_58_59_051.jpg,0,0.4,0,30.03824
C:\Users\acer\Documents\GitHub\temporal-xai-driving\examples\IMG\center_2026_05_16_12_58_59_130.jpg,C:\Users\acer\Documents\GitHub\temporal-xai-driving\examples\IMG\left_2026_05_16_12_58_59_130.jpg,C:\Users\acer\Documents\GitHub\temporal-xai-driving\examples\IMG\right_2026_05_16_12_58_59_130.jpg,0,0.4,0,30.03839
C:\Users\acer\Documents\GitHub\temporal-xai-driving\examples\IMG\center_2026_05_16_12_58_59_212.jpg,C:\Users\acer\Documents\GitHub\temporal-xai-driving\examples\IMG\left_2026_05_16_12_58_59_212.jpg,C:\Users\acer\Documents\GitHub\temporal-xai-driving\examples\IMG\right_2026_05_16_12_58_59_212.jpg,0,0.4,0,30.03837
C:\Users\acer\Documents\GitHub\temporal-xai-driving\examples\IMG\center_2026_05_16_12_58_59_291.jpg,C:\Users\acer\Documents\GitHub\temporal-xai-driving\examples\IMG\left_2026_05_16_12_58_59_291.jpg,C:\Users\acer\Documents\GitHub\temporal-xai-driving\examples\IMG\right_2026_05_16_12_58_59_291.jpg,0,0.4,0,30.03838
C:\Users\acer\Documents\GitHub\temporal-xai-driving\examples\IMG\center_2026_05_16_12_58_59_371.jpg,C:\Users\acer\Documents\GitHub\temporal-xai-driving\examples\IMG\left_2026_05_16_12_58_59_371.jpg,C:\Users\acer\Documents\GitHub\temporal-xai-driving\examples\IMG\right_2026_05_16_12_58_59_371.jpg,0.2,0.4,0,30.02799
C:\Users\acer\Documents\GitHub\temporal-xai-driving\examples\IMG\center_2026_05_16_12_58_59_453.jpg,C:\Users\acer\Documents\GitHub\temporal-xai-driving\examples\IMG\left_2026_05_16_12_58_59_453.jpg,C:\Users\acer\Documents\GitHub\temporal-xai-driving\examples\IMG\right_2026_05_16_12_58_59_453.jpg,0,0.4,0,30.03099
C:\Users\acer\Documents\GitHub\temporal-xai-driving\examples\IMG\center_2026_05_16_12_58_59_532.jpg,C:\Users\acer\Documents\GitHub\temporal-xai-driving\examples\IMG\left_2026_05_16_12_58_59_532.jpg,C:\Users\acer\Documents\GitHub\temporal-xai-driving\examples\IMG\right_2026_05_16_12_58_59_532.jpg,0,0.4,0,30.03748
C:\Users\acer\Documents\GitHub\temporal-xai-driving\examples\IMG\center_2026_05_16_12_58_59_611.jpg,C:\Users\acer\Documents\GitHub\temporal-xai-driving\examples\IMG\left_2026_05_16_12_58_59_611.jpg,C:\Users\acer\Documents\GitHub\temporal-xai-driving\examples\IMG\right_2026_05_16_12_58_59_611.jpg,0,0.4,0,30.03822
C:\Users\acer\Documents\GitHub\temporal-xai-driving\examples\IMG\center_2026_05_16_12_58_59_688.jpg,C:\Users\acer\Documents\GitHub\temporal-xai-driving\examples\IMG\left_2026_05_16_12_58_59_688.jpg,C:\Users\acer\Documents\GitHub\temporal-xai-driving\examples\IMG\right_2026_05_16_12_58_59_688.jpg,0,0.4,0,30.03834
C:\Users\acer\Documents\GitHub\temporal-xai-driving\examples\IMG\center_2026_05_16_12_58_59_764.jpg,C:\Users\acer\Documents\GitHub\temporal-xai-driving\examples\IMG\left_2026_05_16_12_58_59_764.jpg,C:\Users\acer\Documents\GitHub\temporal-xai-driving\examples\IMG\right_2026_05_16_12_58_59_764.jpg,0,0.4,0,30.03836
C:\Users\acer\Documents\GitHub\temporal-xai-driving\examples\IMG\center_2026_05_16_12_58_59_839.jpg,C:\Users\acer\Documents\GitHub\temporal-xai-driving\examples\IMG\left_2026_05_16_12_58_59_839.jpg,C:\Users\acer\Documents\GitHub\temporal-xai-driving\examples\IMG\right_2026_05_16_12_58_59_839.jpg,0,0.4,0,30.03839
C:\Users\acer\Documents\GitHub\temporal-xai-driving\examples\IMG\center_2026_05_16_12_58_59_915.jpg,C:\Users\acer\Documents\GitHub\temporal-xai-driving\examples\IMG\left_2026_05_16_12_58_59_915.jpg,C:\Users\acer\Documents\GitHub\temporal-xai-driving\examples\IMG\right_2026_05_16_12_58_59_915.jpg,0,0.4,0,30.03837
C:\Users\acer\Documents\GitHub\temporal-xai-driving\examples\IMG\center_2026_05_16_12_58_59_991.jpg,C:\Users\acer\Documents\GitHub\temporal-xai-driving\examples\IMG\left_2026_05_16_12_58_59_991.jpg,C:\Users\acer\Documents\GitHub\temporal-xai-driving\examples\IMG\right_2026_05_16_12_58_59_991.jpg,0,0.4,0,30.03845
C:\Users\acer\Documents\GitHub\temporal-xai-driving\examples\IMG\center_2026_05_16_12_59_00_067.jpg,C:\Users\acer\Documents\GitHub\temporal-xai-driving\examples\IMG\left_2026_05_16_12_59_00_067.jpg,C:\Users\acer\Documents\GitHub\temporal-xai-driving\examples\IMG\right_2026_05_16_12_59_00_067.jpg,0,0.4,0,30.03838
C:\Users\acer\Documents\GitHub\temporal-xai-driving\examples\IMG\center_2026_05_16_12_59_00_141.jpg,C:\Users\acer\Documents\GitHub\temporal-xai-driving\examples\IMG\left_2026_05_16_12_59_00_141.jpg,C:\Users\acer\Documents\GitHub\temporal-xai-driving\examples\IMG\right_2026_05_16_12_59_00_141.jpg,0,0.4,0,30.03839
C:\Users\acer\Documents\GitHub\temporal-xai-driving\examples\IMG\center_2026_05_16_12_59_00_216.jpg,C:\Users\acer\Documents\GitHub\temporal-xai-driving\examples\IMG\left_2026_05_16_12_59_00_216.jpg,C:\Users\acer\Documents\GitHub\temporal-xai-driving\examples\IMG\right_2026_05_16_12_59_00_216.jpg,0,0.4,0,30.03839
C:\Users\acer\Documents\GitHub\temporal-xai-driving\examples\IMG\center_2026_05_16_12_59_00_291.jpg,C:\Users\acer\Documents\GitHub\temporal-xai-driving\examples\IMG\left_2026_05_16_12_59_00_291.jpg,C:\Users\acer\Documents\GitHub\temporal-xai-driving\examples\IMG\right_2026_05_16_12_59_00_291.jpg,0,0.4,0,30.03839
C:\Users\acer\Documents\GitHub\temporal-xai-driving\examples\IMG\center_2026_05_16_12_59_00_374.jpg,C:\Users\acer\Documents\GitHub\temporal-xai-driving\examples\IMG\left_2026_05_16_12_59_00_374.jpg,C:\Users\acer\Documents\GitHub\temporal-xai-driving\examples\IMG\right_2026_05_16_12_59_00_374.jpg,0,0.4,0,30.03836
C:\Users\acer\Documents\GitHub\temporal-xai-driving\examples\IMG\center_2026_05_16_12_59_00_444.jpg,C:\Users\acer\Documents\GitHub\temporal-xai-driving\examples\IMG\left_2026_05_16_12_59_00_444.jpg,C:\Users\acer\Documents\GitHub\temporal-xai-driving\examples\IMG\right_2026_05_16_12_59_00_444.jpg,0.15,0.4,0,30.03234
C:\Users\acer\Documents\GitHub\temporal-xai-driving\examples\IMG\center_2026_05_16_12_59_00_523.jpg,C:\Users\acer\Documents\GitHub\temporal-xai-driving\examples\IMG\left_2026_05_16_12_59_00_523.jpg,C:\Users\acer\Documents\GitHub\temporal-xai-driving\examples\IMG\right_2026_05_16_12_59_00_523.jpg,0.35,0.4,0,30.01164
C:\Users\acer\Documents\GitHub\temporal-xai-driving\examples\IMG\center_2026_05_16_12_59_00_595.jpg,C:\Users\acer\Documents\GitHub\temporal-xai-driving\examples\IMG\left_2026_05_16_12_59_00_595.jpg,C:\Users\acer\Documents\GitHub\temporal-xai-driving\examples\IMG\right_2026_05_16_12_59_00_595.jpg,0,0.4,0,30.03592
C:\Users\acer\Documents\GitHub\temporal-xai-driving\examples\IMG\center_2026_05_16_12_59_00_686.jpg,C:\Users\acer\Documents\GitHub\temporal-xai-driving\examples\IMG\left_2026_05_16_12_59_00_686.jpg,C:\Users\acer\Documents\GitHub\temporal-xai-driving\examples\IMG\right_2026_05_16_12_59_00_686.jpg,0,0.4,0,30.03818
C:\Users\acer\Documents\GitHub\temporal-xai-driving\examples\IMG\center_2026_05_16_12_59_00_757.jpg,C:\Users\acer\Documents\GitHub\temporal-xai-driving\examples\IMG\left_2026_05_16_12_59_00_757.jpg,C:\Users\acer\Documents\GitHub\temporal-xai-driving\examples\IMG\right_2026_05_16_12_59_00_757.jpg,0,0.4,0,30.03829
C:\Users\acer\Documents\GitHub\temporal-xai-driving\examples\IMG\center_2026_05_16_12_59_00_832.jpg,C:\Users\acer\Documents\GitHub\temporal-xai-driving\examples\IMG\left_2026_05_16_12_59_00_832.jpg,C:\Users\acer\Documents\GitHub\temporal-xai-driving\examples\IMG\right_2026_05_16_12_59_00_832.jpg,0,0.4,0,30.03835
C:\Users\acer\Documents\GitHub\temporal-xai-driving\examples\IMG\center_2026_05_16_12_59_00_905.jpg,C:\Users\acer\Documents\GitHub\temporal-xai-driving\examples\IMG\left_2026_05_16_12_59_00_905.jpg,C:\Users\acer\Documents\GitHub\temporal-xai-driving\examples\IMG\right_2026_05_16_12_59_00_905.jpg,0,0.4,0,30.03836
C:\Users\acer\Documents\GitHub\temporal-xai-driving\examples\IMG\center_2026_05_16_12_59_00_977.jpg,C:\Users\acer\Documents\GitHub\temporal-xai-driving\examples\IMG\left_2026_05_16_12_59_00_977.jpg,C:\Users\acer\Documents\GitHub\temporal-xai-driving\examples\IMG\right_2026_05_16_12_59_00_977.jpg,0,0.4,0,30.03838
C:\Users\acer\Documents\GitHub\temporal-xai-driving\examples\IMG\center_2026_05_16_12_59_01_049.jpg,C:\Users\acer\Documents\GitHub\temporal-xai-driving\examples\IMG\left_2026_05_16_12_59_01_049.jpg,C:\Users\acer\Documents\GitHub\temporal-xai-driving\examples\IMG\right_2026_05_16_12_59_01_049.jpg,0,0.4,0,30.03838
C:\Users\acer\Documents\GitHub\temporal-xai-driving\examples\IMG\center_2026_05_16_12_59_01_122.jpg,C:\Users\acer\Documents\GitHub\temporal-xai-driving\examples\IMG\left_2026_05_16_12_59_01_122.jpg,C:\Users\acer\Documents\GitHub\temporal-xai-driving\examples\IMG\right_2026_05_16_12_59_01_122.jpg,0,0.4,0,30.03838
C:\Users\acer\Documents\GitHub\temporal-xai-driving\examples\IMG\center_2026_05_16_12_59_01_196.jpg,C:\Users\acer\Documents\GitHub\temporal-xai-driving\examples\IMG\left_2026_05_16_12_59_01_196.jpg,C:\Users\acer\Documents\GitHub\temporal-xai-driving\examples\IMG\right_2026_05_16_12_59_01_196.jpg,0,0.4,0,30.03841
C:\Users\acer\Documents\GitHub\temporal-xai-driving\examples\IMG\center_2026_05_16_12_59_01_384.jpg,C:\Users\acer\Documents\GitHub\temporal-xai-driving\examples\IMG\left_2026_05_16_12_59_01_384.jpg,C:\Users\acer\Documents\GitHub\temporal-xai-driving\examples\IMG\right_2026_05_16_12_59_01_384.jpg,0,0.4,0,29.9945
C:\Users\acer\Documents\GitHub\temporal-xai-driving\examples\IMG\center_2026_05_16_12_59_42_650.jpg,C:\Users\acer\Documents\GitHub\temporal-xai-driving\examples\IMG\left_2026_05_16_12_59_42_650.jpg,C:\Users\acer\Documents\GitHub\temporal-xai-driving\examples\IMG\right_2026_05_16_12_59_42_650.jpg,0,1,0,30.18791
C:\Users\acer\Documents\GitHub\temporal-xai-driving\examples\IMG\center_2026_05_16_12_59_42_760.jpg,C:\Users\acer\Documents\GitHub\temporal-xai-driving\examples\IMG\left_2026_05_16_12_59_42_760.jpg,C:\Users\acer\Documents\GitHub\temporal-xai-driving\examples\IMG\right_2026_05_16_12_59_42_760.jpg,0,1,0,30.19044
C:\Users\acer\Documents\GitHub\temporal-xai-driving\examples\IMG\center_2026_05_16_12_59_42_844.jpg,C:\Users\acer\Documents\GitHub\temporal-xai-driving\examples\IMG\left_2026_05_16_12_59_42_844.jpg,C:\Users\acer\Documents\GitHub\temporal-xai-driving\examples\IMG\right_2026_05_16_12_59_42_844.jpg,0,1,0,30.19015
C:\Users\acer\Documents\GitHub\temporal-xai-driving\examples\IMG\center_2026_05_16_12_59_42_918.jpg,C:\Users\acer\Documents\GitHub\temporal-xai-driving\examples\IMG\left_2026_05_16_12_59_42_918.jpg,C:\Users\acer\Documents\GitHub\temporal-xai-driving\examples\IMG\right_2026_05_16_12_59_42_918.jpg,0,1,0,30.19011
C:\Users\acer\Documents\GitHub\temporal-xai-driving\examples\IMG\center_2026_05_16_12_59_42_993.jpg,C:\Users\acer\Documents\GitHub\temporal-xai-driving\examples\IMG\left_2026_05_16_12_59_42_993.jpg,C:\Users\acer\Documents\GitHub\temporal-xai-driving\examples\IMG\right_2026_05_16_12_59_42_993.jpg,0,1,0,30.19015
C:\Users\acer\Documents\GitHub\temporal-xai-driving\examples\IMG\center_2026_05_16_12_59_43_067.jpg,C:\Users\acer\Documents\GitHub\temporal-xai-driving\examples\IMG\left_2026_05_16_12_59_43_067.jpg,C:\Users\acer\Documents\GitHub\temporal-xai-driving\examples\IMG\right_2026_05_16_12_59_43_067.jpg,0,1,0,30.19011
C:\Users\acer\Documents\GitHub\temporal-xai-driving\examples\IMG\center_2026_05_16_12_59_43_143.jpg,C:\Users\acer\Documents\GitHub\temporal-xai-driving\examples\IMG\left_2026_05_16_12_59_43_143.jpg,C:\Users\acer\Documents\GitHub\temporal-xai-driving\examples\IMG\right_2026_05_16_12_59_43_143.jpg,0,1,0,30.19012
C:\Users\acer\Documents\GitHub\temporal-xai-driving\examples\IMG\center_2026_05_16_12_59_43_219.jpg,C:\Users\acer\Documents\GitHub\temporal-xai-driving\examples\IMG\left_2026_05_16_12_59_43_219.jpg,C:\Users\acer\Documents\GitHub\temporal-xai-driving\examples\IMG\right_2026_05_16_12_59_43_219.jpg,0,1,0,30.19015
C:\Users\acer\Documents\GitHub\temporal-xai-driving\examples\IMG\center_2026_05_16_12_59_43_295.jpg,C:\Users\acer\Documents\GitHub\temporal-xai-driving\examples\IMG\left_2026_05_16_12_59_43_295.jpg,C:\Users\acer\Documents\GitHub\temporal-xai-driving\examples\IMG\right_2026_05_16_12_59_43_295.jpg,0,1,0,30.1897
C:\Users\acer\Documents\GitHub\temporal-xai-driving\examples\IMG\center_2026_05_16_12_59_43_370.jpg,C:\Users\acer\Documents\GitHub\temporal-xai-driving\examples\IMG\left_2026_05_16_12_59_43_370.jpg,C:\Users\acer\Documents\GitHub\temporal-xai-driving\examples\IMG\right_2026_05_16_12_59_43_370.jpg,0,1,0,30.19071
C:\Users\acer\Documents\GitHub\temporal-xai-driving\examples\IMG\center_2026_05_16_12_59_43_448.jpg,C:\Users\acer\Documents\GitHub\temporal-xai-driving\examples\IMG\left_2026_05_16_12_59_43_448.jpg,C:\Users\acer\Documents\GitHub\temporal-xai-driving\examples\IMG\right_2026_05_16_12_59_43_448.jpg,0,1,0,30.19047
C:\Users\acer\Documents\GitHub\temporal-xai-driving\examples\IMG\center_2026_05_16_12_59_43_521.jpg,C:\Users\acer\Documents\GitHub\temporal-xai-driving\examples\IMG\left_2026_05_16_12_59_43_521.jpg,C:\Users\acer\Documents\GitHub\temporal-xai-driving\examples\IMG\right_2026_05_16_12_59_43_521.jpg,0,1,0,30.18907
C:\Users\acer\Documents\GitHub\temporal-xai-driving\examples\IMG\center_2026_05_16_12_59_43_597.jpg,C:\Users\acer\Documents\GitHub\temporal-xai-driving\examples\IMG\left_2026_05_16_12_59_43_597.jpg,C:\Users\acer\Documents\GitHub\temporal-xai-driving\examples\IMG\right_2026_05_16_12_59_43_597.jpg,0,1,0,30.19102
C:\Users\acer\Documents\GitHub\temporal-xai-driving\examples\IMG\center_2026_05_16_12_59_43_672.jpg,C:\Users\acer\Documents\GitHub\temporal-xai-driving\examples\IMG\left_2026_05_16_12_59_43_672.jpg,C:\Users\acer\Documents\GitHub\temporal-xai-driving\examples\IMG\right_2026_05_16_12_59_43_672.jpg,0.15,1,0,30.18436
C:\Users\acer\Documents\GitHub\temporal-xai-driving\examples\IMG\center_2026_05_16_12_59_43_746.jpg,C:\Users\acer\Documents\GitHub\temporal-xai-driving\examples\IMG\left_2026_05_16_12_59_43_746.jpg,C:\Users\acer\Documents\GitHub\temporal-xai-driving\examples\IMG\right_2026_05_16_12_59_43_746.jpg,0.35,1,0,30.16321
C:\Users\acer\Documents\GitHub\temporal-xai-driving\examples\IMG\center_2026_05_16_12_59_43_823.jpg,C:\Users\acer\Documents\GitHub\temporal-xai-driving\examples\IMG\left_2026_05_16_12_59_43_823.jpg,C:\Users\acer\Documents\GitHub\temporal-xai-driving\examples\IMG\right_2026_05_16_12_59_43_823.jpg,0.5500001,1,0,30.13865
C:\Users\acer\Documents\GitHub\temporal-xai-driving\examples\IMG\center_2026_05_16_12_59_43_899.jpg,C:\Users\acer\Documents\GitHub\temporal-xai-driving\examples\IMG\left_2026_05_16_12_59_43_899.jpg,C:\Users\acer\Documents\GitHub\temporal-xai-driving\examples\IMG\right_2026_05_16_12_59_43_899.jpg,0,1,0,30.18428
C:\Users\acer\Documents\GitHub\temporal-xai-driving\examples\IMG\center_2026_05_16_12_59_43_975.jpg,C:\Users\acer\Documents\GitHub\temporal-xai-driving\examples\IMG\left_2026_05_16_12_59_43_975.jpg,C:\Users\acer\Documents\GitHub\temporal-xai-driving\examples\IMG\right_2026_05_16_12_59_43_975.jpg,0,1,0,30.18914
C:\Users\acer\Documents\GitHub\temporal-xai-driving\examples\IMG\center_2026_05_16_12_59_44_050.jpg,C:\Users\acer\Documents\GitHub\temporal-xai-driving\examples\IMG\left_2026_05_16_12_59_44_050.jpg,C:\Users\acer\Documents\GitHub\temporal-xai-driving\examples\IMG\right_2026_05_16_12_59_44_050.jpg,0,1,0,30.19
C:\Users\acer\Documents\GitHub\temporal-xai-driving\examples\IMG\center_2026_05_16_12_59_44_128.jpg,C:\Users\acer\Documents\GitHub\temporal-xai-driving\examples\IMG\left_2026_05_16_12_59_44_128.jpg,C:\Users\acer\Documents\GitHub\temporal-xai-driving\examples\IMG\right_2026_05_16_12_59_44_128.jpg,0,1,0,30.19097
C:\Users\acer\Documents\GitHub\temporal-xai-driving\examples\IMG\center_2026_05_16_12_59_44_206.jpg,C:\Users\acer\Documents\GitHub\temporal-xai-driving\examples\IMG\left_2026_05_16_12_59_44_206.jpg,C:\Users\acer\Documents\GitHub\temporal-xai-driving\examples\IMG\right_2026_05_16_12_59_44_206.jpg,0.2,1,0,30.18117
C:\Users\acer\Documents\GitHub\temporal-xai-driving\examples\IMG\center_2026_05_16_12_59_44_282.jpg,C:\Users\acer\Documents\GitHub\temporal-xai-driving\examples\IMG\left_2026_05_16_12_59_44_282.jpg,C:\Users\acer\Documents\GitHub\temporal-xai-driving\examples\IMG\right_2026_05_16_12_59_44_282.jpg,0.35,1,0,30.16418
C:\Users\acer\Documents\GitHub\temporal-xai-driving\examples\IMG\center_2026_05_16_12_59_44_358.jpg,C:\Users\acer\Documents\GitHub\temporal-xai-driving\examples\IMG\left_2026_05_16_12_59_44_358.jpg,C:\Users\acer\Documents\GitHub\temporal-xai-driving\examples\IMG\right_2026_05_16_12_59_44_358.jpg,0,1,0,30.17851
C:\Users\acer\Documents\GitHub\temporal-xai-driving\examples\IMG\center_2026_05_16_12_59_44_444.jpg,C:\Users\acer\Documents\GitHub\temporal-xai-driving\examples\IMG\left_2026_05_16_12_59_44_444.jpg,C:\Users\acer\Documents\GitHub\temporal-xai-driving\examples\IMG\right_2026_05_16_12_59_44_444.jpg,0,1,0,30.18923
C:\Users\acer\Documents\GitHub\temporal-xai-driving\examples\IMG\center_2026_05_16_12_59_44_517.jpg,C:\Users\acer\Documents\GitHub\temporal-xai-driving\examples\IMG\left_2026_05_16_12_59_44_517.jpg,C:\Users\acer\Documents\GitHub\temporal-xai-driving\examples\IMG\right_2026_05_16_12_59_44_517.jpg,0,1,0,30.18993
C:\Users\acer\Documents\GitHub\temporal-xai-driving\examples\IMG\center_2026_05_16_12_59_44_596.jpg,C:\Users\acer\Documents\GitHub\temporal-xai-driving\examples\IMG\left_2026_05_16_12_59_44_596.jpg,C:\Users\acer\Documents\GitHub\temporal-xai-driving\examples\IMG\right_2026_05_16_12_59_44_596.jpg,0,1,0,30.19015
C:\Users\acer\Documents\GitHub\temporal-xai-driving\examples\IMG\center_2026_05_16_12_59_44_687.jpg,C:\Users\acer\Documents\GitHub\temporal-xai-driving\examples\IMG\left_2026_05_16_12_59_44_687.jpg,C:\Users\acer\Documents\GitHub\temporal-xai-driving\examples\IMG\right_2026_05_16_12_59_44_687.jpg,0,1,0,30.19021
C:\Users\acer\Documents\GitHub\temporal-xai-driving\examples\IMG\center_2026_05_16_12_59_44_787.jpg,C:\Users\acer\Documents\GitHub\temporal-xai-driving\examples\IMG\left_2026_05_16_12_59_44_787.jpg,C:\Users\acer\Documents\GitHub\temporal-xai-driving\examples\IMG\right_2026_05_16_12_59_44_787.jpg,0,1,0,30.19017
C:\Users\acer\Documents\GitHub\temporal-xai-driving\examples\IMG\center_2026_05_16_12_59_44_862.jpg,C:\Users\acer\Documents\GitHub\temporal-xai-driving\examples\IMG\left_2026_05_16_12_59_44_862.jpg,C:\Users\acer\Documents\GitHub\temporal-xai-driving\examples\IMG\right_2026_05_16_12_59_44_862.jpg,0,1,0,30.1891
C:\Users\acer\Documents\GitHub\temporal-xai-driving\examples\IMG\center_2026_05_16_12_59_44_941.jpg,C:\Users\acer\Documents\GitHub\temporal-xai-driving\examples\IMG\left_2026_05_16_12_59_44_941.jpg,C:\Users\acer\Documents\GitHub\temporal-xai-driving\examples\IMG\right_2026_05_16_12_59_44_941.jpg,0,1,0,30.19075
C:\Users\acer\Documents\GitHub\temporal-xai-driving\examples\IMG\center_2026_05_16_12_59_45_023.jpg,C:\Users\acer\Documents\GitHub\temporal-xai-driving\examples\IMG\left_2026_05_16_12_59_45_023.jpg,C:\Users\acer\Documents\GitHub\temporal-xai-driving\examples\IMG\right_2026_05_16_12_59_45_023.jpg,0,1,0,30.19055
C:\Users\acer\Documents\GitHub\temporal-xai-driving\examples\IMG\center_2026_05_16_12_59_45_101.jpg,C:\Users\acer\Documents\GitHub\temporal-xai-driving\examples\IMG\left_2026_05_16_12_59_45_101.jpg,C:\Users\acer\Documents\GitHub\temporal-xai-driving\examples\IMG\right_2026_05_16_12_59_45_101.jpg,0,1,0,30.19098
C:\Users\acer\Documents\GitHub\temporal-xai-driving\examples\IMG\center_2026_05_16_12_59_45_184.jpg,C:\Users\acer\Documents\GitHub\temporal-xai-driving\examples\IMG\left_2026_05_16_12_59_45_184.jpg,C:\Users\acer\Documents\GitHub\temporal-xai-driving\examples\IMG\right_2026_05_16_12_59_45_184.jpg,0,1,0,30.19085
C:\Users\acer\Documents\GitHub\temporal-xai-driving\examples\IMG\center_2026_05_16_12_59_45_264.jpg,C:\Users\acer\Documents\GitHub\temporal-xai-driving\examples\IMG\left_2026_05_16_12_59_45_264.jpg,C:\Users\acer\Documents\GitHub\temporal-xai-driving\examples\IMG\right_2026_05_16_12_59_45_264.jpg,0.1,1,0,30.18756
C:\Users\acer\Documents\GitHub\temporal-xai-driving\examples\IMG\center_2026_05_16_12_59_45_345.jpg,C:\Users\acer\Documents\GitHub\temporal-xai-driving\examples\IMG\left_2026_05_16_12_59_45_345.jpg,C:\Users\acer\Documents\GitHub\temporal-xai-driving\examples\IMG\right_2026_05_16_12_59_45_345.jpg,0.3,1,0,30.1701
C:\Users\acer\Documents\GitHub\temporal-xai-driving\examples\IMG\center_2026_05_16_12_59_45_424.jpg,C:\Users\acer\Documents\GitHub\temporal-xai-driving\examples\IMG\left_2026_05_16_12_59_45_424.jpg,C:\Users\acer\Documents\GitHub\temporal-xai-driving\examples\IMG\right_2026_05_16_12_59_45_424.jpg,0.5000001,1,0,30.14483
C:\Users\acer\Documents\GitHub\temporal-xai-driving\examples\IMG\center_2026_05_16_12_59_45_502.jpg,C:\Users\acer\Documents\GitHub\temporal-xai-driving\examples\IMG\left_2026_05_16_12_59_45_502.jpg,C:\Users\acer\Documents\GitHub\temporal-xai-driving\examples\IMG\right_2026_05_16_12_59_45_502.jpg,0,1,0,30.1835
C:\Users\acer\Documents\GitHub\temporal-xai-driving\examples\IMG\center_2026_05_16_12_59_45_579.jpg,C:\Users\acer\Documents\GitHub\temporal-xai-driving\examples\IMG\left_2026_05_16_12_59_45_579.jpg,C:\Users\acer\Documents\GitHub\temporal-xai-driving\examples\IMG\right_2026_05_16_12_59_45_579.jpg,0,1,0,30.1893
C:\Users\acer\Documents\GitHub\temporal-xai-driving\examples\IMG\center_2026_05_16_12_59_45_656.jpg,C:\Users\acer\Documents\GitHub\temporal-xai-driving\examples\IMG\left_2026_05_16_12_59_45_656.jpg,C:\Users\acer\Documents\GitHub\temporal-xai-driving\examples\IMG\right_2026_05_16_12_59_45_656.jpg,0,1,0,30.18996
C:\Users\acer\Documents\GitHub\temporal-xai-driving\examples\IMG\center_2026_05_16_12_59_45_733.jpg,C:\Users\acer\Documents\GitHub\temporal-xai-driving\examples\IMG\left_2026_05_16_12_59_45_733.jpg,C:\Users\acer\Documents\GitHub\temporal-xai-driving\examples\IMG\right_2026_05_16_12_59_45_733.jpg,0,1,0,30.19022
C:\Users\acer\Documents\GitHub\temporal-xai-driving\examples\IMG\center_2026_05_16_12_59_45_809.jpg,C:\Users\acer\Documents\GitHub\temporal-xai-driving\examples\IMG\left_2026_05_16_12_59_45_809.jpg,C:\Users\acer\Documents\GitHub\temporal-xai-driving\examples\IMG\right_2026_05_16_12_59_45_809.jpg,0,1,0,30.19011
C:\Users\acer\Documents\GitHub\temporal-xai-driving\examples\IMG\center_2026_05_16_12_59_45_884.jpg,C:\Users\acer\Documents\GitHub\temporal-xai-driving\examples\IMG\left_2026_05_16_12_59_45_884.jpg,C:\Users\acer\Documents\GitHub\temporal-xai-driving\examples\IMG\right_2026_05_16_12_59_45_884.jpg,0.2,1,0,30.18057
C:\Users\acer\Documents\GitHub\temporal-xai-driving\examples\IMG\center_2026_05_16_12_59_45_959.jpg,C:\Users\acer\Documents\GitHub\temporal-xai-driving\examples\IMG\left_2026_05_16_12_59_45_959.jpg,C:\Users\acer\Documents\GitHub\temporal-xai-driving\examples\IMG\right_2026_05_16_12_59_45_959.jpg,0.35,1,0,30.16411
C:\Users\acer\Documents\GitHub\temporal-xai-driving\examples\IMG\center_2026_05_16_12_59_46_036.jpg,C:\Users\acer\Documents\GitHub\temporal-xai-driving\examples\IMG\left_2026_05_16_12_59_46_036.jpg,C:\Users\acer\Documents\GitHub\temporal-xai-driving\examples\IMG\right_2026_05_16_12_59_46_036.jpg,0.5500001,1,0,30.13965
C:\Users\acer\Documents\GitHub\temporal-xai-driving\examples\IMG\center_2026_05_16_12_59_46_114.jpg,C:\Users\acer\Documents\GitHub\temporal-xai-driving\examples\IMG\left_2026_05_16_12_59_46_114.jpg,C:\Users\acer\Documents\GitHub\temporal-xai-driving\examples\IMG\right_2026_05_16_12_59_46_114.jpg,0,1,0,30.16872
C:\Users\acer\Documents\GitHub\temporal-xai-driving\examples\IMG\center_2026_05_16_12_59_46_190.jpg,C:\Users\acer\Documents\GitHub\temporal-xai-driving\examples\IMG\left_2026_05_16_12_59_46_190.jpg,C:\Users\acer\Documents\GitHub\temporal-xai-driving\examples\IMG\right_2026_05_16_12_59_46_190.jpg,0,1,0,30.18522
C:\Users\acer\Documents\GitHub\temporal-xai-driving\examples\IMG\center_2026_05_16_12_59_46_264.jpg,C:\Users\acer\Documents\GitHub\temporal-xai-driving\examples\IMG\left_2026_05_16_12_59_46_264.jpg,C:\Users\acer\Documents\GitHub\temporal-xai-driving\examples\IMG\right_2026_05_16_12_59_46_264.jpg,0,1,0,30.18932
C:\Users\acer\Documents\GitHub\temporal-xai-driving\examples\IMG\center_2026_05_16_12_59_46_340.jpg,C:\Users\acer\Documents\GitHub\temporal-xai-driving\examples\IMG\left_2026_05_16_12_59_46_340.jpg,C:\Users\acer\Documents\GitHub\temporal-xai-driving\examples\IMG\right_2026_05_16_12_59_46_340.jpg,0,1,0,30.19009
C:\Users\acer\Documents\GitHub\temporal-xai-driving\examples\IMG\center_2026_05_16_12_59_46_416.jpg,C:\Users\acer\Documents\GitHub\temporal-xai-driving\examples\IMG\left_2026_05_16_12_59_46_416.jpg,C:\Users\acer\Documents\GitHub\temporal-xai-driving\examples\IMG\right_2026_05_16_12_59_46_416.jpg,0,1,0,30.1907
C:\Users\acer\Documents\GitHub\temporal-xai-driving\examples\IMG\center_2026_05_16_12_59_46_489.jpg,C:\Users\acer\Documents\GitHub\temporal-xai-driving\examples\IMG\left_2026_05_16_12_59_46_489.jpg,C:\Users\acer\Documents\GitHub\temporal-xai-driving\examples\IMG\right_2026_05_16_12_59_46_489.jpg,0,1,0,30.19031
C:\Users\acer\Documents\GitHub\temporal-xai-driving\examples\IMG\center_2026_05_16_12_59_46_577.jpg,C:\Users\acer\Documents\GitHub\temporal-xai-driving\examples\IMG\left_2026_05_16_12_59_46_577.jpg,C:\Users\acer\Documents\GitHub\temporal-xai-driving\examples\IMG\right_2026_05_16_12_59_46_577.jpg,0,1,0,30.19028
C:\Users\acer\Documents\GitHub\temporal-xai-driving\examples\IMG\center_2026_05_16_12_59_46_655.jpg,C:\Users\acer\Documents\GitHub\temporal-xai-driving\examples\IMG\left_2026_05_16_12_59_46_655.jpg,C:\Users\acer\Documents\GitHub\temporal-xai-driving\examples\IMG\right_2026_05_16_12_59_46_655.jpg,0.1,1,0,30.18773
C:\Users\acer\Documents\GitHub\temporal-xai-driving\examples\IMG\center_2026_05_16_12_59_46_737.jpg,C:\Users\acer\Documents\GitHub\temporal-xai-driving\examples\IMG\left_2026_05_16_12_59_46_737.jpg,C:\Users\acer\Documents\GitHub\temporal-xai-driving\examples\IMG\right_2026_05_16_12_59_46_737.jpg,0.3,1,0,30.16915
C:\Users\acer\Documents\GitHub\temporal-xai-driving\examples\IMG\center_2026_05_16_12_59_46_812.jpg,C:\Users\acer\Documents\GitHub\temporal-xai-driving\examples\IMG\left_2026_05_16_12_59_46_812.jpg,C:\Users\acer\Documents\GitHub\temporal-xai-driving\examples\IMG\right_2026_05_16_12_59_46_812.jpg,0.5000001,1,0,30.14523
C:\Users\acer\Documents\GitHub\temporal-xai-driving\examples\IMG\center_2026_05_16_12_59_46_895.jpg,C:\Users\acer\Documents\GitHub\temporal-xai-driving\examples\IMG\left_2026_05_16_12_59_46_895.jpg,C:\Users\acer\Documents\GitHub\temporal-xai-driving\examples\IMG\right_2026_05_16_12_59_46_895.jpg,0.7,1,0,30.12085
C:\Users\acer\Documents\GitHub\temporal-xai-driving\examples\IMG\center_2026_05_16_12_59_46_983.jpg,C:\Users\acer\Documents\GitHub\temporal-xai-driving\examples\IMG\left_2026_05_16_12_59_46_983.jpg,C:\Users\acer\Documents\GitHub\temporal-xai-driving\examples\IMG\right_2026_05_16_12_59_46_983.jpg,0.9500002,1,0,30.09769
C:\Users\acer\Documents\GitHub\temporal-xai-driving\examples\IMG\center_2026_05_16_12_59_47_068.jpg,C:\Users\acer\Documents\GitHub\temporal-xai-driving\examples\IMG\left_2026_05_16_12_59_47_068.jpg,C:\Users\acer\Documents\GitHub\temporal-xai-driving\examples\IMG\right_2026_05_16_12_59_47_068.jpg,0,1,0,30.17516
C:\Users\acer\Documents\GitHub\temporal-xai-driving\examples\IMG\center_2026_05_16_12_59_47_140.jpg,C:\Users\acer\Documents\GitHub\temporal-xai-driving\examples\IMG\left_2026_05_16_12_59_47_140.jpg,C:\Users\acer\Documents\GitHub\temporal-xai-driving\examples\IMG\right_2026_05_16_12_59_47_140.jpg,0,1,0,30.18404
C:\Users\acer\Documents\GitHub\temporal-xai-driving\examples\IMG\center_2026_05_16_12_59_47_214.jpg,C:\Users\acer\Documents\GitHub\temporal-xai-driving\examples\IMG\left_2026_05_16_12_59_47_214.jpg,C:\Users\acer\Documents\GitHub\temporal-xai-driving\examples\IMG\right_2026_05_16_12_59_47_214.jpg,0,1,0,30.18939
C:\Users\acer\Documents\GitHub\temporal-xai-driving\examples\IMG\center_2026_05_16_12_59_47_290.jpg,C:\Users\acer\Documents\GitHub\temporal-xai-driving\examples\IMG\left_2026_05_16_12_59_47_290.jpg,C:\Users\acer\Documents\GitHub\temporal-xai-driving\examples\IMG\right_2026_05_16_12_59_47_290.jpg,0,1,0,30.19045
C:\Users\acer\Documents\GitHub\temporal-xai-driving\examples\IMG\center_2026_05_16_12_59_47_366.jpg,C:\Users\acer\Documents\GitHub\temporal-xai-driving\examples\IMG\left_2026_05_16_12_59_47_366.jpg,C:\Users\acer\Documents\GitHub\temporal-xai-driving\examples\IMG\right_2026_05_16_12_59_47_366.jpg,0,1,0,30.19027
C:\Users\acer\Documents\GitHub\temporal-xai-driving\examples\IMG\center_2026_05_16_12_59_47_443.jpg,C:\Users\acer\Documents\GitHub\temporal-xai-driving\examples\IMG\left_2026_05_16_12_59_47_443.jpg,C:\Users\acer\Documents\GitHub\temporal-xai-driving\examples\IMG\right_2026_05_16_12_59_47_443.jpg,0,1,0,30.1903
C:\Users\acer\Documents\GitHub\temporal-xai-driving\examples\IMG\center_2026_05_16_12_59_47_518.jpg,C:\Users\acer\Documents\GitHub\temporal-xai-driving\examples\IMG\left_2026_05_16_12_59_47_518.jpg,C:\Users\acer\Documents\GitHub\temporal-xai-driving\examples\IMG\right_2026_05_16_12_59_47_518.jpg,0,1,0,30.19064
C:\Users\acer\Documents\GitHub\temporal-xai-driving\examples\IMG\center_2026_05_16_12_59_47_594.jpg,C:\Users\acer\Documents\GitHub\temporal-xai-driving\examples\IMG\left_2026_05_16_12_59_47_594.jpg,C:\Users\acer\Documents\GitHub\temporal-xai-driving\examples\IMG\right_2026_05_16_12_59_47_594.jpg,0,1,0,30.18982
C:\Users\acer\Documents\GitHub\temporal-xai-driving\examples\IMG\center_2026_05_16_12_59_47_669.jpg,C:\Users\acer\Documents\GitHub\temporal-xai-driving\examples\IMG\left_2026_05_16_12_59_47_669.jpg,C:\Users\acer\Documents\GitHub\temporal-xai-driving\examples\IMG\right_2026_05_16_12_59_47_669.jpg,0,1,0,30.18996
C:\Users\acer\Documents\GitHub\temporal-xai-driving\examples\IMG\center_2026_05_16_12_59_47_746.jpg,C:\Users\acer\Documents\GitHub\temporal-xai-driving\examples\IMG\left_2026_05_16_12_59_47_746.jpg,C:\Users\acer\Documents\GitHub\temporal-xai-driving\examples\IMG\right_2026_05_16_12_59_47_746.jpg,0.2,1,0,30.18044
C:\Users\acer\Documents\GitHub\temporal-xai-driving\examples\IMG\center_2026_05_16_12_59_47_822.jpg,C:\Users\acer\Documents\GitHub\temporal-xai-driving\examples\IMG\left_2026_05_16_12_59_47_822.jpg,C:\Users\acer\Documents\GitHub\temporal-xai-driving\examples\IMG\right_2026_05_16_12_59_47_822.jpg,0.35,1,0,30.16155
C:\Users\acer\Documents\GitHub\temporal-xai-driving\examples\IMG\center_2026_05_16_12_59_47_904.jpg,C:\Users\acer\Documents\GitHub\temporal-xai-driving\examples\IMG\left_2026_05_16_12_59_47_904.jpg,C:\Users\acer\Documents\GitHub\temporal-xai-driving\examples\IMG\right_2026_05_16_12_59_47_904.jpg,0.6000001,1,0,30.13298
C:\Users\acer\Documents\GitHub\temporal-xai-driving\examples\IMG\center_2026_05_16_12_59_47_980.jpg,C:\Users\acer\Documents\GitHub\temporal-xai-driving\examples\IMG\left_2026_05_16_12_59_47_980.jpg,C:\Users\acer\Documents\GitHub\temporal-xai-driving\examples\IMG\right_2026_05_16_12_59_47_980.jpg,0,1,0,30.1677
C:\Users\acer\Documents\GitHub\temporal-xai-driving\examples\IMG\center_2026_05_16_12_59_48_054.jpg,C:\Users\acer\Documents\GitHub\temporal-xai-driving\examples\IMG\left_2026_05_16_12_59_48_054.jpg,C:\Users\acer\Documents\GitHub\temporal-xai-driving\examples\IMG\right_2026_05_16_12_59_48_054.jpg,0,1,0,30.18369
C:\Users\acer\Documents\GitHub\temporal-xai-driving\examples\IMG\center_2026_05_16_12_59_48_132.jpg,C:\Users\acer\Documents\GitHub\temporal-xai-driving\examples\IMG\left_2026_05_16_12_59_48_132.jpg,C:\Users\acer\Documents\GitHub\temporal-xai-driving\examples\IMG\right_2026_05_16_12_59_48_132.jpg,0,1,0,30.18875
C:\Users\acer\Documents\GitHub\temporal-xai-driving\examples\IMG\center_2026_05_16_12_59_48_208.jpg,C:\Users\acer\Documents\GitHub\temporal-xai-driving\examples\IMG\left_2026_05_16_12_59_48_208.jpg,C:\Users\acer\Documents\GitHub\temporal-xai-driving\examples\IMG\right_2026_05_16_12_59_48_208.jpg,0,1,0,30.18976
C:\Users\acer\Documents\GitHub\temporal-xai-driving\examples\IMG\center_2026_05_16_12_59_48_286.jpg,C:\Users\acer\Documents\GitHub\temporal-xai-driving\examples\IMG\left_2026_05_16_12_59_48_286.jpg,C:\Users\acer\Documents\GitHub\temporal-xai-driving\examples\IMG\right_2026_05_16_12_59_48_286.jpg,0,1,0,30.19004
C:\Users\acer\Documents\GitHub\temporal-xai-driving\examples\IMG\center_2026_05_16_12_59_48_365.jpg,C:\Users\acer\Documents\GitHub\temporal-xai-driving\examples\IMG\left_2026_05_16_12_59_48_365.jpg,C:\Users\acer\Documents\GitHub\temporal-xai-driving\examples\IMG\right_2026_05_16_12_59_48_365.jpg,0,1,0,30.18909
C:\Users\acer\Documents\GitHub\temporal-xai-driving\examples\IMG\center_2026_05_16_12_59_48_438.jpg,C:\Users\acer\Documents\GitHub\temporal-xai-driving\examples\IMG\left_2026_05_16_12_59_48_438.jpg,C:\Users\acer\Documents\GitHub\temporal-xai-driving\examples\IMG\right_2026_05_16_12_59_48_438.jpg,0.05,1,0,30.18439
C:\Users\acer\Documents\GitHub\temporal-xai-driving\examples\IMG\center_2026_05_16_12_59_48_508.jpg,C:\Users\acer\Documents\GitHub\temporal-xai-driving\examples\IMG\left_2026_05_16_12_59_48_508.jpg,C:\Users\acer\Documents\GitHub\temporal-xai-driving\examples\IMG\right_2026_05_16_12_59_48_508.jpg,0.25,1,0,30.17248
C:\Users\acer\Documents\GitHub\temporal-xai-driving\examples\IMG\center_2026_05_16_12_59_48_578.jpg,C:\Users\acer\Documents\GitHub\temporal-xai-driving\examples\IMG\left_2026_05_16_12_59_48_578.jpg,C:\Users\acer\Documents\GitHub\temporal-xai-driving\examples\IMG\right_2026_05_16_12_59_48_578.jpg,0.4,1,0,30.15624
C:\Users\acer\Documents\GitHub\temporal-xai-driving\examples\IMG\center_2026_05_16_12_59_48_670.jpg,C:\Users\acer\Documents\GitHub\temporal-xai-driving\examples\IMG\left_2026_05_16_12_59_48_670.jpg,C:\Users\acer\Documents\GitHub\temporal-xai-driving\examples\IMG\right_2026_05_16_12_59_48_670.jpg,0.6500001,1,0,30.12654
C:\Users\acer\Documents\GitHub\temporal-xai-driving\examples\IMG\center_2026_05_16_12_59_48_740.jpg,C:\Users\acer\Documents\GitHub\temporal-xai-driving\examples\IMG\left_2026_05_16_12_59_48_740.jpg,C:\Users\acer\Documents\GitHub\temporal-xai-driving\examples\IMG\right_2026_05_16_12_59_48_740.jpg,0.8000001,1,0,30.11292
C:\Users\acer\Documents\GitHub\temporal-xai-driving\examples\IMG\center_2026_05_16_12_59_48_832.jpg,C:\Users\acer\Documents\GitHub\temporal-xai-driving\examples\IMG\left_2026_05_16_12_59_48_832.jpg,C:\Users\acer\Documents\GitHub\temporal-xai-driving\examples\IMG\right_2026_05_16_12_59_48_832.jpg,1,1,0,30.09981
C:\Users\acer\Documents\GitHub\temporal-xai-driving\examples\IMG\center_2026_05_16_12_59_48_899.jpg,C:\Users\acer\Documents\GitHub\temporal-xai-driving\examples\IMG\left_2026_05_16_12_59_48_899.jpg,C:\Users\acer\Documents\GitHub\temporal-xai-driving\examples\IMG\right_2026_05_16_12_59_48_899.jpg,1,1,0,30.11101
C:\Users\acer\Documents\GitHub\temporal-xai-driving\examples\IMG\center_2026_05_16_12_59_48_988.jpg,C:\Users\acer\Documents\GitHub\temporal-xai-driving\examples\IMG\left_2026_05_16_12_59_48_988.jpg,C:\Users\acer\Documents\GitHub\temporal-xai-driving\examples\IMG\right_2026_05_16_12_59_48_988.jpg,0,1,0,30.17375
C:\Users\acer\Documents\GitHub\temporal-xai-driving\examples\IMG\center_2026_05_16_12_59_49_080.jpg,C:\Users\acer\Documents\GitHub\temporal-xai-driving\examples\IMG\left_2026_05_16_12_59_49_080.jpg,C:\Users\acer\Documents\GitHub\temporal-xai-driving\examples\IMG\right_2026_05_16_12_59_49_080.jpg,0,1,0,30.18198
C:\Users\acer\Documents\GitHub\temporal-xai-driving\examples\IMG\center_2026_05_16_12_59_49_170.jpg,C:\Users\acer\Documents\GitHub\temporal-xai-driving\examples\IMG\left_2026_05_16_12_59_49_170.jpg,C:\Users\acer\Documents\GitHub\temporal-xai-driving\examples\IMG\right_2026_05_16_12_59_49_170.jpg,0,1,0,30.19026
C:\Users\acer\Documents\GitHub\temporal-xai-driving\examples\IMG\center_2026_05_16_12_59_49_261.jpg,C:\Users\acer\Documents\GitHub\temporal-xai-driving\examples\IMG\left_2026_05_16_12_59_49_261.jpg,C:\Users\acer\Documents\GitHub\temporal-xai-driving\examples\IMG\right_2026_05_16_12_59_49_261.jpg,0,1,0,30.1888
C:\Users\acer\Documents\GitHub\temporal-xai-driving\examples\IMG\center_2026_05_16_12_59_49_346.jpg,C:\Users\acer\Documents\GitHub\temporal-xai-driving\examples\IMG\left_2026_05_16_12_59_49_346.jpg,C:\Users\acer\Documents\GitHub\temporal-xai-driving\examples\IMG\right_2026_05_16_12_59_49_346.jpg,0,1,0,30.19098
C:\Users\acer\Documents\GitHub\temporal-xai-driving\examples\IMG\center_2026_05_16_12_59_49_430.jpg,C:\Users\acer\Documents\GitHub\temporal-xai-driving\examples\IMG\left_2026_05_16_12_59_49_430.jpg,C:\Users\acer\Documents\GitHub\temporal-xai-driving\examples\IMG\right_2026_05_16_12_59_49_430.jpg,0,1,0,30.19171
C:\Users\acer\Documents\GitHub\temporal-xai-driving\examples\IMG\center_2026_05_16_12_59_49_513.jpg,C:\Users\acer\Documents\GitHub\temporal-xai-driving\examples\IMG\left_2026_05_16_12_59_49_513.jpg,C:\Users\acer\Documents\GitHub\temporal-xai-driving\examples\IMG\right_2026_05_16_12_59_49_513.jpg,0,1,0,30.19056
C:\Users\acer\Documents\GitHub\temporal-xai-driving\examples\IMG\center_2026_05_16_12_59_49_598.jpg,C:\Users\acer\Documents\GitHub\temporal-xai-driving\examples\IMG\left_2026_05_16_12_59_49_598.jpg,C:\Users\acer\Documents\GitHub\temporal-xai-driving\examples\IMG\right_2026_05_16_12_59_49_598.jpg,0,1,0,30.19089
C:\Users\acer\Documents\GitHub\temporal-xai-driving\examples\IMG\center_2026_05_16_12_59_49_683.jpg,C:\Users\acer\Documents\GitHub\temporal-xai-driving\examples\IMG\left_2026_05_16_12_59_49_683.jpg,C:\Users\acer\Documents\GitHub\temporal-xai-driving\examples\IMG\right_2026_05_16_12_59_49_683.jpg,0,1,0,30.19004
C:\Users\acer\Documents\GitHub\temporal-xai-driving\examples\IMG\center_2026_05_16_12_59_49_768.jpg,C:\Users\acer\Documents\GitHub\temporal-xai-driving\examples\IMG\left_2026_05_16_12_59_49_768.jpg,C:\Users\acer\Documents\GitHub\temporal-xai-driving\examples\IMG\right_2026_05_16_12_59_49_768.jpg,0,1,0,30.19028
C:\Users\acer\Documents\GitHub\temporal-xai-driving\examples\IMG\center_2026_05_16_12_59_49_863.jpg,C:\Users\acer\Documents\GitHub\temporal-xai-driving\examples\IMG\left_2026_05_16_12_59_49_863.jpg,C:\Users\acer\Documents\GitHub\temporal-xai-driving\examples\IMG\right_2026_05_16_12_59_49_863.jpg,0.2,1,0,30.18164
C:\Users\acer\Documents\GitHub\temporal-xai-driving\examples\IMG\center_2026_05_16_12_59_49_957.jpg,C:\Users\acer\Documents\GitHub\temporal-xai-driving\examples\IMG\left_2026_05_16_12_59_49_957.jpg,C:\Users\acer\Documents\GitHub\temporal-xai-driving\examples\IMG\right_2026_05_16_12_59_49_957.jpg,0,1,0,30.18103
C:\Users\acer\Documents\GitHub\temporal-xai-driving\examples\IMG\center_2026_05_16_12_59_50_044.jpg,C:\Users\acer\Documents\GitHub\temporal-xai-driving\examples\IMG\left_2026_05_16_12_59_50_044.jpg,C:\Users\acer\Documents\GitHub\temporal-xai-driving\examples\IMG\right_2026_05_16_12_59_50_044.jpg,0,1,0,30.18987
C:\Users\acer\Documents\GitHub\temporal-xai-driving\examples\IMG\center_2026_05_16_12_59_50_128.jpg,C:\Users\acer\Documents\GitHub\temporal-xai-driving\examples\IMG\left_2026_05_16_12_59_50_128.jpg,C:\Users\acer\Documents\GitHub\temporal-xai-driving\examples\IMG\right_2026_05_16_12_59_50_128.jpg,0,1,0,30.19021
C:\Users\acer\Documents\GitHub\temporal-xai-driving\examples\IMG\center_2026_05_16_12_59_50_210.jpg,C:\Users\acer\Documents\GitHub\temporal-xai-driving\examples\IMG\left_2026_05_16_12_59_50_210.jpg,C:\Users\acer\Documents\GitHub\temporal-xai-driving\examples\IMG\right_2026_05_16_12_59_50_210.jpg,0,1,0,30.1903
C:\Users\acer\Documents\GitHub\temporal-xai-driving\examples\IMG\center_2026_05_16_12_59_50_292.jpg,C:\Users\acer\Documents\GitHub\temporal-xai-driving\examples\IMG\left_2026_05_16_12_59_50_292.jpg,C:\Users\acer\Documents\GitHub\temporal-xai-driving\examples\IMG\right_2026_05_16_12_59_50_292.jpg,0,1,0,30.19016
C:\Users\acer\Documents\GitHub\temporal-xai-driving\examples\IMG\center_2026_05_16_12_59_50_359.jpg,C:\Users\acer\Documents\GitHub\temporal-xai-driving\examples\IMG\left_2026_05_16_12_59_50_359.jpg,C:\Users\acer\Documents\GitHub\temporal-xai-driving\examples\IMG\right_2026_05_16_12_59_50_359.jpg,0,1,0,30.19033
C:\Users\acer\Documents\GitHub\temporal-xai-driving\examples\IMG\center_2026_05_16_12_59_50_431.jpg,C:\Users\acer\Documents\GitHub\temporal-xai-driving\examples\IMG\left_2026_05_16_12_59_50_431.jpg,C:\Users\acer\Documents\GitHub\temporal-xai-driving\examples\IMG\right_2026_05_16_12_59_50_431.jpg,0,1,0,30.19033
C:\Users\acer\Documents\GitHub\temporal-xai-driving\examples\IMG\center_2026_05_16_12_59_50_506.jpg,C:\Users\acer\Documents\GitHub\temporal-xai-driving\examples\IMG\left_2026_05_16_12_59_50_506.jpg,C:\Users\acer\Documents\GitHub\temporal-xai-driving\examples\IMG\right_2026_05_16_12_59_50_506.jpg,0,1,0,30.1911
C:\Users\acer\Documents\GitHub\temporal-xai-driving\examples\IMG\center_2026_05_16_12_59_50_582.jpg,C:\Users\acer\Documents\GitHub\temporal-xai-driving\examples\IMG\left_2026_05_16_12_59_50_582.jpg,C:\Users\acer\Documents\GitHub\temporal-xai-driving\examples\IMG\right_2026_05_16_12_59_50_582.jpg,0,1,0,30.18983
C:\Users\acer\Documents\GitHub\temporal-xai-driving\examples\IMG\center_2026_05_16_12_59_50_660.jpg,C:\Users\acer\Documents\GitHub\temporal-xai-driving\examples\IMG\left_2026_05_16_12_59_50_660.jpg,C:\Users\acer\Documents\GitHub\temporal-xai-driving\examples\IMG\right_2026_05_16_12_59_50_660.jpg,0,1,0,30.18988
C:\Users\acer\Documents\GitHub\temporal-xai-driving\examples\IMG\center_2026_05_16_12_59_50_736.jpg,C:\Users\acer\Documents\GitHub\temporal-xai-driving\examples\IMG\left_2026_05_16_12_59_50_736.jpg,C:\Users\acer\Documents\GitHub\temporal-xai-driving\examples\IMG\right_2026_05_16_12_59_50_736.jpg,0,1,0,30.19222
C:\Users\acer\Documents\GitHub\temporal-xai-driving\examples\IMG\center_2026_05_16_12_59_50_808.jpg,C:\Users\acer\Documents\GitHub\temporal-xai-driving\examples\IMG\left_2026_05_16_12_59_50_808.jpg,C:\Users\acer\Documents\GitHub\temporal-xai-driving\examples\IMG\right_2026_05_16_12_59_50_808.jpg,0,1,0,30.18953
C:\Users\acer\Documents\GitHub\temporal-xai-driving\examples\IMG\center_2026_05_16_12_59_50_893.jpg,C:\Users\acer\Documents\GitHub\temporal-xai-driving\examples\IMG\left_2026_05_16_12_59_50_893.jpg,C:\Users\acer\Documents\GitHub\temporal-xai-driving\examples\IMG\right_2026_05_16_12_59_50_893.jpg,0,1,0,30.18961
C:\Users\acer\Documents\GitHub\temporal-xai-driving\examples\IMG\center_2026_05_16_12_59_50_976.jpg,C:\Users\acer\Documents\GitHub\temporal-xai-driving\examples\IMG\left_2026_05_16_12_59_50_976.jpg,C:\Users\acer\Documents\GitHub\temporal-xai-driving\examples\IMG\right_2026_05_16_12_59_50_976.jpg,-0.05,1,0,30.18964
C:\Users\acer\Documents\GitHub\temporal-xai-driving\examples\IMG\center_2026_05_16_12_59_51_057.jpg,C:\Users\acer\Documents\GitHub\temporal-xai-driving\examples\IMG\left_2026_05_16_12_59_51_057.jpg,C:\Users\acer\Documents\GitHub\temporal-xai-driving\examples\IMG\right_2026_05_16_12_59_51_057.jpg,-0.25,1,0,30.17489
C:\Users\acer\Documents\GitHub\temporal-xai-driving\examples\IMG\center_2026_05_16_12_59_51_140.jpg,C:\Users\acer\Documents\GitHub\temporal-xai-driving\examples\IMG\left_2026_05_16_12_59_51_140.jpg,C:\Users\acer\Documents\GitHub\temporal-xai-driving\examples\IMG\right_2026_05_16_12_59_51_140.jpg,0,1,0,30.1808
C:\Users\acer\Documents\GitHub\temporal-xai-driving\examples\IMG\center_2026_05_16_12_59_51_222.jpg,C:\Users\acer\Documents\GitHub\temporal-xai-driving\examples\IMG\left_2026_05_16_12_59_51_222.jpg,C:\Users\acer\Documents\GitHub\temporal-xai-driving\examples\IMG\right_2026_05_16_12_59_51_222.jpg,0,1,0,30.18892
C:\Users\acer\Documents\GitHub\temporal-xai-driving\examples\IMG\center_2026_05_16_12_59_51_308.jpg,C:\Users\acer\Documents\GitHub\temporal-xai-driving\examples\IMG\left_2026_05_16_12_59_51_308.jpg,C:\Users\acer\Documents\GitHub\temporal-xai-driving\examples\IMG\right_2026_05_16_12_59_51_308.jpg,0,1,0,30.18992
C:\Users\acer\Documents\GitHub\temporal-xai-driving\examples\IMG\center_2026_05_16_12_59_51_393.jpg,C:\Users\acer\Documents\GitHub\temporal-xai-driving\examples\IMG\left_2026_05_16_12_59_51_393.jpg,C:\Users\acer\Documents\GitHub\temporal-xai-driving\examples\IMG\right_2026_05_16_12_59_51_393.jpg,0,1,0,30.19032
C:\Users\acer\Documents\GitHub\temporal-xai-driving\examples\IMG\center_2026_05_16_12_59_51_477.jpg,C:\Users\acer\Documents\GitHub\temporal-xai-driving\examples\IMG\left_2026_05_16_12_59_51_477.jpg,C:\Users\acer\Documents\GitHub\temporal-xai-driving\examples\IMG\right_2026_05_16_12_59_51_477.jpg,0,1,0,30.1903
C:\Users\acer\Documents\GitHub\temporal-xai-driving\examples\IMG\center_2026_05_16_12_59_51_567.jpg,C:\Users\acer\Documents\GitHub\temporal-xai-driving\examples\IMG\left_2026_05_16_12_59_51_567.jpg,C:\Users\acer\Documents\GitHub\temporal-xai-driving\examples\IMG\right_2026_05_16_12_59_51_567.jpg,-0.15,1,0,30.18515
C:\Users\acer\Documents\GitHub\temporal-xai-driving\examples\IMG\center_2026_05_16_12_59_51_654.jpg,C:\Users\acer\Documents\GitHub\temporal-xai-driving\examples\IMG\left_2026_05_16_12_59_51_654.jpg,C:\Users\acer\Documents\GitHub\temporal-xai-driving\examples\IMG\right_2026_05_16_12_59_51_654.jpg,-0.35,1,0,30.16444
C:\Users\acer\Documents\GitHub\temporal-xai-driving\examples\IMG\center_2026_05_16_12_59_51_734.jpg,C:\Users\acer\Documents\GitHub\temporal-xai-driving\examples\IMG\left_2026_05_16_12_59_51_734.jpg,C:\Users\acer\Documents\GitHub\temporal-xai-driving\examples\IMG\right_2026_05_16_12_59_51_734.jpg,0,1,0,30.18769
C:\Users\acer\Documents\GitHub\temporal-xai-driving\examples\IMG\center_2026_05_16_12_59_51_821.jpg,C:\Users\acer\Documents\GitHub\temporal-xai-driving\examples\IMG\left_2026_05_16_12_59_51_821.jpg,C:\Users\acer\Documents\GitHub\temporal-xai-driving\examples\IMG\right_2026_05_16_12_59_51_821.jpg,0,1,0,30.19012
C:\Users\acer\Documents\GitHub\temporal-xai-driving\examples\IMG\center_2026_05_16_12_59_51_910.jpg,C:\Users\acer\Documents\GitHub\temporal-xai-driving\examples\IMG\left_2026_05_16_12_59_51_910.jpg,C:\Users\acer\Documents\GitHub\temporal-xai-driving\examples\IMG\right_2026_05_16_12_59_51_910.jpg,0,1,0,30.19057
C:\Users\acer\Documents\GitHub\temporal-xai-driving\examples\IMG\center_2026_05_16_12_59_51_992.jpg,C:\Users\acer\Documents\GitHub\temporal-xai-driving\examples\IMG\left_2026_05_16_12_59_51_992.jpg,C:\Users\acer\Documents\GitHub\temporal-xai-driving\examples\IMG\right_2026_05_16_12_59_51_992.jpg,0.2,1,0,30.17871
C:\Users\acer\Documents\GitHub\temporal-xai-driving\examples\IMG\center_2026_05_16_12_59_52_069.jpg,C:\Users\acer\Documents\GitHub\temporal-xai-driving\examples\IMG\left_2026_05_16_12_59_52_069.jpg,C:\Users\acer\Documents\GitHub\temporal-xai-driving\examples\IMG\right_2026_05_16_12_59_52_069.jpg,0.4,1,0,30.15619
C:\Users\acer\Documents\GitHub\temporal-xai-driving\examples\IMG\center_2026_05_16_12_59_52_145.jpg,C:\Users\acer\Documents\GitHub\temporal-xai-driving\examples\IMG\left_2026_05_16_12_59_52_145.jpg,C:\Users\acer\Documents\GitHub\temporal-xai-driving\examples\IMG\right_2026_05_16_12_59_52_145.jpg,0,1,0,30.18931
C:\Users\acer\Documents\GitHub\temporal-xai-driving\examples\IMG\center_2026_05_16_12_59_52_226.jpg,C:\Users\acer\Documents\GitHub\temporal-xai-driving\examples\IMG\left_2026_05_16_12_59_52_226.jpg,C:\Users\acer\Documents\GitHub\temporal-xai-driving\examples\IMG\right_2026_05_16_12_59_52_226.jpg,0,1,0,30.19025
C:\Users\acer\Documents\GitHub\temporal-xai-driving\examples\IMG\center_2026_05_16_12_59_52_307.jpg,C:\Users\acer\Documents\GitHub\temporal-xai-driving\examples\IMG\left_2026_05_16_12_59_52_307.jpg,C:\Users\acer\Documents\GitHub\temporal-xai-driving\examples\IMG\right_2026_05_16_12_59_52_307.jpg,0,1,0,30.19043
C:\Users\acer\Documents\GitHub\temporal-xai-driving\examples\IMG\center_2026_05_16_12_59_52_387.jpg,C:\Users\acer\Documents\GitHub\temporal-xai-driving\examples\IMG\left_2026_05_16_12_59_52_387.jpg,C:\Users\acer\Documents\GitHub\temporal-xai-driving\examples\IMG\right_2026_05_16_12_59_52_387.jpg,0,1,0,30.19046
C:\Users\acer\Documents\GitHub\temporal-xai-driving\examples\IMG\center_2026_05_16_12_59_52_462.jpg,C:\Users\acer\Documents\GitHub\temporal-xai-driving\examples\IMG\left_2026_05_16_12_59_52_462.jpg,C:\Users\acer\Documents\GitHub\temporal-xai-driving\examples\IMG\right_2026_05_16_12_59_52_462.jpg,0,1,0,30.19044
C:\Users\acer\Documents\GitHub\temporal-xai-driving\examples\IMG\center_2026_05_16_12_59_52_532.jpg,C:\Users\acer\Documents\GitHub\temporal-xai-driving\examples\IMG\left_2026_05_16_12_59_52_532.jpg,C:\Users\acer\Documents\GitHub\temporal-xai-driving\examples\IMG\right_2026_05_16_12_59_52_532.jpg,0,1,0,30.19044
C:\Users\acer\Documents\GitHub\temporal-xai-driving\examples\IMG\center_2026_05_16_12_59_52_606.jpg,C:\Users\acer\Documents\GitHub\temporal-xai-driving\examples\IMG\left_2026_05_16_12_59_52_606.jpg,C:\Users\acer\Documents\GitHub\temporal-xai-driving\examples\IMG\right_2026_05_16_12_59_52_606.jpg,0,1,0,30.19023
C:\Users\acer\Documents\GitHub\temporal-xai-driving\examples\IMG\center_2026_05_16_12_59_52_676.jpg,C:\Users\acer\Documents\GitHub\temporal-xai-driving\examples\IMG\left_2026_05_16_12_59_52_676.jpg,C:\Users\acer\Documents\GitHub\temporal-xai-driving\examples\IMG\right_2026_05_16_12_59_52_676.jpg,0,1,0,30.19047
C:\Users\acer\Documents\GitHub\temporal-xai-driving\examples\IMG\center_2026_05_16_12_59_52_745.jpg,C:\Users\acer\Documents\GitHub\temporal-xai-driving\examples\IMG\left_2026_05_16_12_59_52_745.jpg,C:\Users\acer\Documents\GitHub\temporal-xai-driving\examples\IMG\right_2026_05_16_12_59_52_745.jpg,0,1,0,30.19032
C:\Users\acer\Documents\GitHub\temporal-xai-driving\examples\IMG\center_2026_05_16_12_59_52_816.jpg,C:\Users\acer\Documents\GitHub\temporal-xai-driving\examples\IMG\left_2026_05_16_12_59_52_816.jpg,C:\Users\acer\Documents\GitHub\temporal-xai-driving\examples\IMG\right_2026_05_16_12_59_52_816.jpg,0,1,0,30.19018
C:\Users\acer\Documents\GitHub\temporal-xai-driving\examples\IMG\center_2026_05_16_12_59_52_911.jpg,C:\Users\acer\Documents\GitHub\temporal-xai-driving\examples\IMG\left_2026_05_16_12_59_52_911.jpg,C:\Users\acer\Documents\GitHub\temporal-xai-driving\examples\IMG\right_2026_05_16_12_59_52_911.jpg,0,1,0,30.19021
C:\Users\acer\Documents\GitHub\temporal-xai-driving\examples\IMG\center_2026_05_16_12_59_53_003.jpg,C:\Users\acer\Documents\GitHub\temporal-xai-driving\examples\IMG\left_2026_05_16_12_59_53_003.jpg,C:\Users\acer\Documents\GitHub\temporal-xai-driving\examples\IMG\right_2026_05_16_12_59_53_003.jpg,0,1,0,30.19028
C:\Users\acer\Documents\GitHub\temporal-xai-driving\examples\IMG\center_2026_05_16_12_59_53_097.jpg,C:\Users\acer\Documents\GitHub\temporal-xai-driving\examples\IMG\left_2026_05_16_12_59_53_097.jpg,C:\Users\acer\Documents\GitHub\temporal-xai-driving\examples\IMG\right_2026_05_16_12_59_53_097.jpg,0,1,0,30.19031
C:\Users\acer\Documents\GitHub\temporal-xai-driving\examples\IMG\center_2026_05_16_12_59_53_180.jpg,C:\Users\acer\Documents\GitHub\temporal-xai-driving\examples\IMG\left_2026_05_16_12_59_53_180.jpg,C:\Users\acer\Documents\GitHub\temporal-xai-driving\examples\IMG\right_2026_05_16_12_59_53_180.jpg,0,1,0,30.19029
C:\Users\acer\Documents\GitHub\temporal-xai-driving\examples\IMG\center_2026_05_16_12_59_53_266.jpg,C:\Users\acer\Documents\GitHub\temporal-xai-driving\examples\IMG\left_2026_05_16_12_59_53_266.jpg,C:\Users\acer\Documents\GitHub\temporal-xai-driving\examples\IMG\right_2026_05_16_12_59_53_266.jpg,0,1,0,30.19031
C:\Users\acer\Documents\GitHub\temporal-xai-driving\examples\IMG\center_2026_05_16_12_59_53_347.jpg,C:\Users\acer\Documents\GitHub\temporal-xai-driving\examples\IMG\left_2026_05_16_12_59_53_347.jpg,C:\Users\acer\Documents\GitHub\temporal-xai-driving\examples\IMG\right_2026_05_16_12_59_53_347.jpg,0,1,0,30.1903
C:\Users\acer\Documents\GitHub\temporal-xai-driving\examples\IMG\center_2026_05_16_12_59_53_432.jpg,C:\Users\acer\Documents\GitHub\temporal-xai-driving\examples\IMG\left_2026_05_16_12_59_53_432.jpg,C:\Users\acer\Documents\GitHub\temporal-xai-driving\examples\IMG\right_2026_05_16_12_59_53_432.jpg,0,1,0,30.19032
C:\Users\acer\Documents\GitHub\temporal-xai-driving\examples\IMG\center_2026_05_16_12_59_53_514.jpg,C:\Users\acer\Documents\GitHub\temporal-xai-driving\examples\IMG\left_2026_05_16_12_59_53_514.jpg,C:\Users\acer\Documents\GitHub\temporal-xai-driving\examples\IMG\right_2026_05_16_12_59_53_514.jpg,0,1,0,30.19027
C:\Users\acer\Documents\GitHub\temporal-xai-driving\examples\IMG\center_2026_05_16_12_59_53_586.jpg,C:\Users\acer\Documents\GitHub\temporal-xai-driving\examples\IMG\left_2026_05_16_12_59_53_586.jpg,C:\Users\acer\Documents\GitHub\temporal-xai-driving\examples\IMG\right_2026_05_16_12_59_53_586.jpg,0,1,0,30.19029
C:\Users\acer\Documents\GitHub\temporal-xai-driving\examples\IMG\center_2026_05_16_12_59_53_665.jpg,C:\Users\acer\Documents\GitHub\temporal-xai-driving\examples\IMG\left_2026_05_16_12_59_53_665.jpg,C:\Users\acer\Documents\GitHub\temporal-xai-driving\examples\IMG\right_2026_05_16_12_59_53_665.jpg,0,1,0,30.1903
C:\Users\acer\Documents\GitHub\temporal-xai-driving\examples\IMG\center_2026_05_16_12_59_53_745.jpg,C:\Users\acer\Documents\GitHub\temporal-xai-driving\examples\IMG\left_2026_05_16_12_59_53_745.jpg,C:\Users\acer\Documents\GitHub\temporal-xai-driving\examples\IMG\right_2026_05_16_12_59_53_745.jpg,0,1,0,30.19031
C:\Users\acer\Documents\GitHub\temporal-xai-driving\examples\IMG\center_2026_05_16_12_59_53_839.jpg,C:\Users\acer\Documents\GitHub\temporal-xai-driving\examples\IMG\left_2026_05_16_12_59_53_839.jpg,C:\Users\acer\Documents\GitHub\temporal-xai-driving\examples\IMG\right_2026_05_16_12_59_53_839.jpg,-0.05,1,0,30.18974
C:\Users\acer\Documents\GitHub\temporal-xai-driving\examples\IMG\center_2026_05_16_12_59_53_929.jpg,C:\Users\acer\Documents\GitHub\temporal-xai-driving\examples\IMG\left_2026_05_16_12_59_53_929.jpg,C:\Users\acer\Documents\GitHub\temporal-xai-driving\examples\IMG\right_2026_05_16_12_59_53_929.jpg,-0.3,1,0,30.16922
C:\Users\acer\Documents\GitHub\temporal-xai-driving\examples\IMG\center_2026_05_16_12_59_54_010.jpg,C:\Users\acer\Documents\GitHub\temporal-xai-driving\examples\IMG\left_2026_05_16_12_59_54_010.jpg,C:\Users\acer\Documents\GitHub\temporal-xai-driving\examples\IMG\right_2026_05_16_12_59_54_010.jpg,0,1,0,30.18904
C:\Users\acer\Documents\GitHub\temporal-xai-driving\examples\IMG\center_2026_05_16_12_59_54_094.jpg,C:\Users\acer\Documents\GitHub\temporal-xai-driving\examples\IMG\left_2026_05_16_12_59_54_094.jpg,C:\Users\acer\Documents\GitHub\temporal-xai-driving\examples\IMG\right_2026_05_16_12_59_54_094.jpg,0,1,0,30.18964
C:\Users\acer\Documents\GitHub\temporal-xai-driving\examples\IMG\center_2026_05_16_12_59_54_180.jpg,C:\Users\acer\Documents\GitHub\temporal-xai-driving\examples\IMG\left_2026_05_16_12_59_54_180.jpg,C:\Users\acer\Documents\GitHub\temporal-xai-driving\examples\IMG\right_2026_05_16_12_59_54_180.jpg,0,1,0,30.19014
C:\Users\acer\Documents\GitHub\temporal-xai-driving\examples\IMG\center_2026_05_16_12_59_54_255.jpg,C:\Users\acer\Documents\GitHub\temporal-xai-driving\examples\IMG\left_2026_05_16_12_59_54_255.jpg,C:\Users\acer\Documents\GitHub\temporal-xai-driving\examples\IMG\right_2026_05_16_12_59_54_255.jpg,0,1,0,30.19028
C:\Users\acer\Documents\GitHub\temporal-xai-driving\examples\IMG\center_2026_05_16_12_59_54_334.jpg,C:\Users\acer\Documents\GitHub\temporal-xai-driving\examples\IMG\left_2026_05_16_12_59_54_334.jpg,C:\Users\acer\Documents\GitHub\temporal-xai-driving\examples\IMG\right_2026_05_16_12_59_54_334.jpg,0,1,0,30.19029
C:\Users\acer\Documents\GitHub\temporal-xai-driving\examples\IMG\center_2026_05_16_12_59_54_410.jpg,C:\Users\acer\Documents\GitHub\temporal-xai-driving\examples\IMG\left_2026_05_16_12_59_54_410.jpg,C:\Users\acer\Documents\GitHub\temporal-xai-driving\examples\IMG\right_2026_05_16_12_59_54_410.jpg,0,1,0,30.19031
C:\Users\acer\Documents\GitHub\temporal-xai-driving\examples\IMG\center_2026_05_16_12_59_54_479.jpg,C:\Users\acer\Documents\GitHub\temporal-xai-driving\examples\IMG\left_2026_05_16_12_59_54_479.jpg,C:\Users\acer\Documents\GitHub\temporal-xai-driving\examples\IMG\right_2026_05_16_12_59_54_479.jpg,0,1,0,30.19032
C:\Users\acer\Documents\GitHub\temporal-xai-driving\examples\IMG\center_2026_05_16_12_59_54_564.jpg,C:\Users\acer\Documents\GitHub\temporal-xai-driving\examples\IMG\left_2026_05_16_12_59_54_564.jpg,C:\Users\acer\Documents\GitHub\temporal-xai-driving\examples\IMG\right_2026_05_16_12_59_54_564.jpg,0,1,0,30.19032
C:\Users\acer\Documents\GitHub\temporal-xai-driving\examples\IMG\center_2026_05_16_12_59_54_640.jpg,C:\Users\acer\Documents\GitHub\temporal-xai-driving\examples\IMG\left_2026_05_16_12_59_54_640.jpg,C:\Users\acer\Documents\GitHub\temporal-xai-driving\examples\IMG\right_2026_05_16_12_59_54_640.jpg,0,1,0,30.1903
C:\Users\acer\Documents\GitHub\temporal-xai-driving\examples\IMG\center_2026_05_16_12_59_54_715.jpg,C:\Users\acer\Documents\GitHub\temporal-xai-driving\examples\IMG\left_2026_05_16_12_59_54_715.jpg,C:\Users\acer\Documents\GitHub\temporal-xai-driving\examples\IMG\right_2026_05_16_12_59_54_715.jpg,0,1,0,30.19026
C:\Users\acer\Documents\GitHub\temporal-xai-driving\examples\IMG\center_2026_05_16_12_59_54_790.jpg,C:\Users\acer\Documents\GitHub\temporal-xai-driving\examples\IMG\left_2026_05_16_12_59_54_790.jpg,C:\Users\acer\Documents\GitHub\temporal-xai-driving\examples\IMG\right_2026_05_16_12_59_54_790.jpg,0,1,0,30.19029
C:\Users\acer\Documents\GitHub\temporal-xai-driving\examples\IMG\center_2026_05_16_12_59_54_877.jpg,C:\Users\acer\Documents\GitHub\temporal-xai-driving\examples\IMG\left_2026_05_16_12_59_54_877.jpg,C:\Users\acer\Documents\GitHub\temporal-xai-driving\examples\IMG\right_2026_05_16_12_59_54_877.jpg,0,1,0,30.19028
C:\Users\acer\Documents\GitHub\temporal-xai-driving\examples\IMG\center_2026_05_16_12_59_54_945.jpg,C:\Users\acer\Documents\GitHub\temporal-xai-driving\examples\IMG\left_2026_05_16_12_59_54_945.jpg,C:\Users\acer\Documents\GitHub\temporal-xai-driving\examples\IMG\right_2026_05_16_12_59_54_945.jpg,0,1,0,30.19028
C:\Users\acer\Documents\GitHub\temporal-xai-driving\examples\IMG\center_2026_05_16_12_59_55_016.jpg,C:\Users\acer\Documents\GitHub\temporal-xai-driving\examples\IMG\left_2026_05_16_12_59_55_016.jpg,C:\Users\acer\Documents\GitHub\temporal-xai-driving\examples\IMG\right_2026_05_16_12_59_55_016.jpg,0,1,0,30.19021
C:\Users\acer\Documents\GitHub\temporal-xai-driving\examples\IMG\center_2026_05_16_12_59_55_088.jpg,C:\Users\acer\Documents\GitHub\temporal-xai-driving\examples\IMG\left_2026_05_16_12_59_55_088.jpg,C:\Users\acer\Documents\GitHub\temporal-xai-driving\examples\IMG\right_2026_05_16_12_59_55_088.jpg,0,1,0,30.19006
C:\Users\acer\Documents\GitHub\temporal-xai-driving\examples\IMG\center_2026_05_16_12_59_55_162.jpg,C:\Users\acer\Documents\GitHub\temporal-xai-driving\examples\IMG\left_2026_05_16_12_59_55_162.jpg,C:\Users\acer\Documents\GitHub\temporal-xai-driving\examples\IMG\right_2026_05_16_12_59_55_162.jpg,0,1,0,30.19036
C:\Users\acer\Documents\GitHub\temporal-xai-driving\examples\IMG\center_2026_05_16_12_59_55_236.jpg,C:\Users\acer\Documents\GitHub\temporal-xai-driving\examples\IMG\left_2026_05_16_12_59_55_236.jpg,C:\Users\acer\Documents\GitHub\temporal-xai-driving\examples\IMG\right_2026_05_16_12_59_55_236.jpg,0,1,0,30.19011
C:\Users\acer\Documents\GitHub\temporal-xai-driving\examples\IMG\center_2026_05_16_12_59_55_309.jpg,C:\Users\acer\Documents\GitHub\temporal-xai-driving\examples\IMG\left_2026_05_16_12_59_55_309.jpg,C:\Users\acer\Documents\GitHub\temporal-xai-driving\examples\IMG\right_2026_05_16_12_59_55_309.jpg,0,1,0,30.19036
C:\Users\acer\Documents\GitHub\temporal-xai-driving\examples\IMG\center_2026_05_16_12_59_55_383.jpg,C:\Users\acer\Documents\GitHub\temporal-xai-driving\examples\IMG\left_2026_05_16_12_59_55_383.jpg,C:\Users\acer\Documents\GitHub\temporal-xai-driving\examples\IMG\right_2026_05_16_12_59_55_383.jpg,0,1,0,30.19032
C:\Users\acer\Documents\GitHub\temporal-xai-driving\examples\IMG\center_2026_05_16_12_59_55_462.jpg,C:\Users\acer\Documents\GitHub\temporal-xai-driving\examples\IMG\left_2026_05_16_12_59_55_462.jpg,C:\Users\acer\Documents\GitHub\temporal-xai-driving\examples\IMG\right_2026_05_16_12_59_55_462.jpg,-0.15,1,0,30.18397
C:\Users\acer\Documents\GitHub\temporal-xai-driving\examples\IMG\center_2026_05_16_12_59_55_534.jpg,C:\Users\acer\Documents\GitHub\temporal-xai-driving\examples\IMG\left_2026_05_16_12_59_55_534.jpg,C:\Users\acer\Documents\GitHub\temporal-xai-driving\examples\IMG\right_2026_05_16_12_59_55_534.jpg,-0.35,1,0,30.16287
C:\Users\acer\Documents\GitHub\temporal-xai-driving\examples\IMG\center_2026_05_16_12_59_55_609.jpg,C:\Users\acer\Documents\GitHub\temporal-xai-driving\examples\IMG\left_2026_05_16_12_59_55_609.jpg,C:\Users\acer\Documents\GitHub\temporal-xai-driving\examples\IMG\right_2026_05_16_12_59_55_609.jpg,0,1,0,30.18678
C:\Users\acer\Documents\GitHub\temporal-xai-driving\examples\IMG\center_2026_05_16_12_59_55_682.jpg,C:\Users\acer\Documents\GitHub\temporal-xai-driving\examples\IMG\left_2026_05_16_12_59_55_682.jpg,C:\Users\acer\Documents\GitHub\temporal-xai-driving\examples\IMG\right_2026_05_16_12_59_55_682.jpg,0,1,0,30.18893
C:\Users\acer\Documents\GitHub\temporal-xai-driving\examples\IMG\center_2026_05_16_12_59_55_757.jpg,C:\Users\acer\Documents\GitHub\temporal-xai-driving\examples\IMG\left_2026_05_16_12_59_55_757.jpg,C:\Users\acer\Documents\GitHub\temporal-xai-driving\examples\IMG\right_2026_05_16_12_59_55_757.jpg,0,1,0,30.18992
C:\Users\acer\Documents\GitHub\temporal-xai-driving\examples\IMG\center_2026_05_16_12_59_55_828.jpg,C:\Users\acer\Documents\GitHub\temporal-xai-driving\examples\IMG\left_2026_05_16_12_59_55_828.jpg,C:\Users\acer\Documents\GitHub\temporal-xai-driving\examples\IMG\right_2026_05_16_12_59_55_828.jpg,0,1,0,30.18905
C:\Users\acer\Documents\GitHub\temporal-xai-driving\examples\IMG\center_2026_05_16_12_59_55_903.jpg,C:\Users\acer\Documents\GitHub\temporal-xai-driving\examples\IMG\left_2026_05_16_12_59_55_903.jpg,C:\Users\acer\Documents\GitHub\temporal-xai-driving\examples\IMG\right_2026_05_16_12_59_55_903.jpg,0,1,0,30.19044
C:\Users\acer\Documents\GitHub\temporal-xai-driving\examples\IMG\center_2026_05_16_12_59_55_973.jpg,C:\Users\acer\Documents\GitHub\temporal-xai-driving\examples\IMG\left_2026_05_16_12_59_55_973.jpg,C:\Users\acer\Documents\GitHub\temporal-xai-driving\examples\IMG\right_2026_05_16_12_59_55_973.jpg,-0.05,1,0,30.18969
C:\Users\acer\Documents\GitHub\temporal-xai-driving\examples\IMG\center_2026_05_16_12_59_56_047.jpg,C:\Users\acer\Documents\GitHub\temporal-xai-driving\examples\IMG\left_2026_05_16_12_59_56_047.jpg,C:\Users\acer\Documents\GitHub\temporal-xai-driving\examples\IMG\right_2026_05_16_12_59_56_047.jpg,-0.25,1,0,30.17468
C:\Users\acer\Documents\GitHub\temporal-xai-driving\examples\IMG\center_2026_05_16_12_59_56_116.jpg,C:\Users\acer\Documents\GitHub\temporal-xai-driving\examples\IMG\left_2026_05_16_12_59_56_116.jpg,C:\Users\acer\Documents\GitHub\temporal-xai-driving\examples\IMG\right_2026_05_16_12_59_56_116.jpg,-0.4,1,0,30.1575
C:\Users\acer\Documents\GitHub\temporal-xai-driving\examples\IMG\center_2026_05_16_12_59_56_190.jpg,C:\Users\acer\Documents\GitHub\temporal-xai-driving\examples\IMG\left_2026_05_16_12_59_56_190.jpg,C:\Users\acer\Documents\GitHub\temporal-xai-driving\examples\IMG\right_2026_05_16_12_59_56_190.jpg,-0.6000001,1,0,30.13266
C:\Users\acer\Documents\GitHub\temporal-xai-driving\examples\IMG\center_2026_05_16_12_59_56_274.jpg,C:\Users\acer\Documents\GitHub\temporal-xai-driving\examples\IMG\left_2026_05_16_12_59_56_274.jpg,C:\Users\acer\Documents\GitHub\temporal-xai-driving\examples\IMG\right_2026_05_16_12_59_56_274.jpg,0,1,0,30.18528
C:\Users\acer\Documents\GitHub\temporal-xai-driving\examples\IMG\center_2026_05_16_12_59_56_342.jpg,C:\Users\acer\Documents\GitHub\temporal-xai-driving\examples\IMG\left_2026_05_16_12_59_56_342.jpg,C:\Users\acer\Documents\GitHub\temporal-xai-driving\examples\IMG\right_2026_05_16_12_59_56_342.jpg,0,1,0,30.18809
C:\Users\acer\Documents\GitHub\temporal-xai-driving\examples\IMG\center_2026_05_16_12_59_56_429.jpg,C:\Users\acer\Documents\GitHub\temporal-xai-driving\examples\IMG\left_2026_05_16_12_59_56_429.jpg,C:\Users\acer\Documents\GitHub\temporal-xai-driving\examples\IMG\right_2026_05_16_12_59_56_429.jpg,0,1,0,30.19
C:\Users\acer\Documents\GitHub\temporal-xai-driving\examples\IMG\center_2026_05_16_12_59_56_499.jpg,C:\Users\acer\Documents\GitHub\temporal-xai-driving\examples\IMG\left_2026_05_16_12_59_56_499.jpg,C:\Users\acer\Documents\GitHub\temporal-xai-driving\examples\IMG\right_2026_05_16_12_59_56_499.jpg,0,1,0,30.19003
C:\Users\acer\Documents\GitHub\temporal-xai-driving\examples\IMG\center_2026_05_16_12_59_56_572.jpg,C:\Users\acer\Documents\GitHub\temporal-xai-driving\examples\IMG\left_2026_05_16_12_59_56_572.jpg,C:\Users\acer\Documents\GitHub\temporal-xai-driving\examples\IMG\right_2026_05_16_12_59_56_572.jpg,-0.05,1,0,30.19003
C:\Users\acer\Documents\GitHub\temporal-xai-driving\examples\IMG\center_2026_05_16_12_59_56_643.jpg,C:\Users\acer\Documents\GitHub\temporal-xai-driving\examples\IMG\left_2026_05_16_12_59_56_643.jpg,C:\Users\acer\Documents\GitHub\temporal-xai-driving\examples\IMG\right_2026_05_16_12_59_56_643.jpg,-0.2,1,0,30.18068
C:\Users\acer\Documents\GitHub\temporal-xai-driving\examples\IMG\center_2026_05_16_12_59_56_713.jpg,C:\Users\acer\Documents\GitHub\temporal-xai-driving\examples\IMG\left_2026_05_16_12_59_56_713.jpg,C:\Users\acer\Documents\GitHub\temporal-xai-driving\examples\IMG\right_2026_05_16_12_59_56_713.jpg,-0.4,1,0,30.15749
C:\Users\acer\Documents\GitHub\temporal-xai-driving\examples\IMG\center_2026_05_16_12_59_56_782.jpg,C:\Users\acer\Documents\GitHub\temporal-xai-driving\examples\IMG\left_2026_05_16_12_59_56_782.jpg,C:\Users\acer\Documents\GitHub\temporal-xai-driving\examples\IMG\right_2026_05_16_12_59_56_782.jpg,0,1,0,30.17756
C:\Users\acer\Documents\GitHub\temporal-xai-driving\examples\IMG\center_2026_05_16_12_59_56_854.jpg,C:\Users\acer\Documents\GitHub\temporal-xai-driving\examples\IMG\left_2026_05_16_12_59_56_854.jpg,C:\Users\acer\Documents\GitHub\temporal-xai-driving\examples\IMG\right_2026_05_16_12_59_56_854.jpg,0,1,0,30.18881
C:\Users\acer\Documents\GitHub\temporal-xai-driving\examples\IMG\center_2026_05_16_12_59_56_925.jpg,C:\Users\acer\Documents\GitHub\temporal-xai-driving\examples\IMG\left_2026_05_16_12_59_56_925.jpg,C:\Users\acer\Documents\GitHub\temporal-xai-driving\examples\IMG\right_2026_05_16_12_59_56_925.jpg,0,1,0,30.18921
C:\Users\acer\Documents\GitHub\temporal-xai-driving\examples\IMG\center_2026_05_16_12_59_56_994.jpg,C:\Users\acer\Documents\GitHub\temporal-xai-driving\examples\IMG\left_2026_05_16_12_59_56_994.jpg,C:\Users\acer\Documents\GitHub\temporal-xai-driving\examples\IMG\right_2026_05_16_12_59_56_994.jpg,0,1,0,30.19044
C:\Users\acer\Documents\GitHub\temporal-xai-driving\examples\IMG\center_2026_05_16_12_59_57_062.jpg,C:\Users\acer\Documents\GitHub\temporal-xai-driving\examples\IMG\left_2026_05_16_12_59_57_062.jpg,C:\Users\acer\Documents\GitHub\temporal-xai-driving\examples\IMG\right_2026_05_16_12_59_57_062.jpg,-0.1,1,0,30.18928
C:\Users\acer\Documents\GitHub\temporal-xai-driving\examples\IMG\center_2026_05_16_12_59_57_131.jpg,C:\Users\acer\Documents\GitHub\temporal-xai-driving\examples\IMG\left_2026_05_16_12_59_57_131.jpg,C:\Users\acer\Documents\GitHub\temporal-xai-driving\examples\IMG\right_2026_05_16_12_59_57_131.jpg,-0.3,1,0,30.17066
C:\Users\acer\Documents\GitHub\temporal-xai-driving\examples\IMG\center_2026_05_16_12_59_57_198.jpg,C:\Users\acer\Documents\GitHub\temporal-xai-driving\examples\IMG\left_2026_05_16_12_59_57_198.jpg,C:\Users\acer\Documents\GitHub\temporal-xai-driving\examples\IMG\right_2026_05_16_12_59_57_198.jpg,-0.45,1,0,30.15274
C:\Users\acer\Documents\GitHub\temporal-xai-driving\examples\IMG\center_2026_05_16_12_59_57_268.jpg,C:\Users\acer\Documents\GitHub\temporal-xai-driving\examples\IMG\left_2026_05_16_12_59_57_268.jpg,C:\Users\acer\Documents\GitHub\temporal-xai-driving\examples\IMG\right_2026_05_16_12_59_57_268.jpg,-0.6500001,1,0,30.12755
C:\Users\acer\Documents\GitHub\temporal-xai-driving\examples\IMG\center_2026_05_16_12_59_57_356.jpg,C:\Users\acer\Documents\GitHub\temporal-xai-driving\examples\IMG\left_2026_05_16_12_59_57_356.jpg,C:\Users\acer\Documents\GitHub\temporal-xai-driving\examples\IMG\right_2026_05_16_12_59_57_356.jpg,-0.8500001,1,0,30.10781
C:\Users\acer\Documents\GitHub\temporal-xai-driving\examples\IMG\center_2026_05_16_12_59_57_424.jpg,C:\Users\acer\Documents\GitHub\temporal-xai-driving\examples\IMG\left_2026_05_16_12_59_57_424.jpg,C:\Users\acer\Documents\GitHub\temporal-xai-driving\examples\IMG\right_2026_05_16_12_59_57_424.jpg,0,1,0,30.1766
C:\Users\acer\Documents\GitHub\temporal-xai-driving\examples\IMG\center_2026_05_16_12_59_57_493.jpg,C:\Users\acer\Documents\GitHub\temporal-xai-driving\examples\IMG\left_2026_05_16_12_59_57_493.jpg,C:\Users\acer\Documents\GitHub\temporal-xai-driving\examples\IMG\right_2026_05_16_12_59_57_493.jpg,0,1,0,30.18632
C:\Users\acer\Documents\GitHub\temporal-xai-driving\examples\IMG\center_2026_05_16_12_59_57_563.jpg,C:\Users\acer\Documents\GitHub\temporal-xai-driving\examples\IMG\left_2026_05_16_12_59_57_563.jpg,C:\Users\acer\Documents\GitHub\temporal-xai-driving\examples\IMG\right_2026_05_16_12_59_57_563.jpg,0,1,0,30.18763
C:\Users\acer\Documents\GitHub\temporal-xai-driving\examples\IMG\center_2026_05_16_12_59_57_634.jpg,C:\Users\acer\Documents\GitHub\temporal-xai-driving\examples\IMG\left_2026_05_16_12_59_57_634.jpg,C:\Users\acer\Documents\GitHub\temporal-xai-driving\examples\IMG\right_2026_05_16_12_59_57_634.jpg,0,1,0,30.19093
C:\Users\acer\Documents\GitHub\temporal-xai-driving\examples\IMG\center_2026_05_16_12_59_57_706.jpg,C:\Users\acer\Documents\GitHub\temporal-xai-driving\examples\IMG\left_2026_05_16_12_59_57_706.jpg,C:\Users\acer\Documents\GitHub\temporal-xai-driving\examples\IMG\right_2026_05_16_12_59_57_706.jpg,-0.1,1,0,30.19065
C:\Users\acer\Documents\GitHub\temporal-xai-driving\examples\IMG\center_2026_05_16_12_59_57_775.jpg,C:\Users\acer\Documents\GitHub\temporal-xai-driving\examples\IMG\left_2026_05_16_12_59_57_775.jpg,C:\Users\acer\Documents\GitHub\temporal-xai-driving\examples\IMG\right_2026_05_16_12_59_57_775.jpg,-0.25,1,0,30.17783
C:\Users\acer\Documents\GitHub\temporal-xai-driving\examples\IMG\center_2026_05_16_12_59_57_845.jpg,C:\Users\acer\Documents\GitHub\temporal-xai-driving\examples\IMG\left_2026_05_16_12_59_57_845.jpg,C:\Users\acer\Documents\GitHub\temporal-xai-driving\examples\IMG\right_2026_05_16_12_59_57_845.jpg,-0.45,1,0,30.15236
C:\Users\acer\Documents\GitHub\temporal-xai-driving\examples\IMG\center_2026_05_16_12_59_57_916.jpg,C:\Users\acer\Documents\GitHub\temporal-xai-driving\examples\IMG\left_2026_05_16_12_59_57_916.jpg,C:\Users\acer\Documents\GitHub\temporal-xai-driving\examples\IMG\right_2026_05_16_12_59_57_916.jpg,-0.6000001,1,0,30.13377
C:\Users\acer\Documents\GitHub\temporal-xai-driving\examples\IMG\center_2026_05_16_12_59_57_985.jpg,C:\Users\acer\Documents\GitHub\temporal-xai-driving\examples\IMG\left_2026_05_16_12_59_57_985.jpg,C:\Users\acer\Documents\GitHub\temporal-xai-driving\examples\IMG\right_2026_05_16_12_59_57_985.jpg,-0.8000001,1,0,30.11014
C:\Users\acer\Documents\GitHub\temporal-xai-driving\examples\IMG\center_2026_05_16_12_59_58_056.jpg,C:\Users\acer\Documents\GitHub\temporal-xai-driving\examples\IMG\left_2026_05_16_12_59_58_056.jpg,C:\Users\acer\Documents\GitHub\temporal-xai-driving\examples\IMG\right_2026_05_16_12_59_58_056.jpg,0,1,0,30.16284
C:\Users\acer\Documents\GitHub\temporal-xai-driving\examples\IMG\center_2026_05_16_12_59_58_127.jpg,C:\Users\acer\Documents\GitHub\temporal-xai-driving\examples\IMG\left_2026_05_16_12_59_58_127.jpg,C:\Users\acer\Documents\GitHub\temporal-xai-driving\examples\IMG\right_2026_05_16_12_59_58_127.jpg,0,1,0,30.17943
C:\Users\acer\Documents\GitHub\temporal-xai-driving\examples\IMG\center_2026_05_16_12_59_58_199.jpg,C:\Users\acer\Documents\GitHub\temporal-xai-driving\examples\IMG\left_2026_05_16_12_59_58_199.jpg,C:\Users\acer\Documents\GitHub\temporal-xai-driving\examples\IMG\right_2026_05_16_12_59_58_199.jpg,0,1,0,30.18726
C:\Users\acer\Documents\GitHub\temporal-xai-driving\examples\IMG\center_2026_05_16_12_59_58_270.jpg,C:\Users\acer\Documents\GitHub\temporal-xai-driving\examples\IMG\left_2026_05_16_12_59_58_270.jpg,C:\Users\acer\Documents\GitHub\temporal-xai-driving\examples\IMG\right_2026_05_16_12_59_58_270.jpg,0,1,0,30.18984
C:\Users\acer\Documents\GitHub\temporal-xai-driving\examples\IMG\center_2026_05_16_12_59_58_342.jpg,C:\Users\acer\Documents\GitHub\temporal-xai-driving\examples\IMG\left_2026_05_16_12_59_58_342.jpg,C:\Users\acer\Documents\GitHub\temporal-xai-driving\examples\IMG\right_2026_05_16_12_59_58_342.jpg,0,1,0,30.19024
C:\Users\acer\Documents\GitHub\temporal-xai-driving\examples\IMG\center_2026_05_16_12_59_58_414.jpg,C:\Users\acer\Documents\GitHub\temporal-xai-driving\examples\IMG\left_2026_05_16_12_59_58_414.jpg,C:\Users\acer\Documents\GitHub\temporal-xai-driving\examples\IMG\right_2026_05_16_12_59_58_414.jpg,0,1,0,30.19046
C:\Users\acer\Documents\GitHub\temporal-xai-driving\examples\IMG\center_2026_05_16_12_59_58_484.jpg,C:\Users\acer\Documents\GitHub\temporal-xai-driving\examples\IMG\left_2026_05_16_12_59_58_484.jpg,C:\Users\acer\Documents\GitHub\temporal-xai-driving\examples\IMG\right_2026_05_16_12_59_58_484.jpg,0,1,0,30.18851
C:\Users\acer\Documents\GitHub\temporal-xai-driving\examples\IMG\center_2026_05_16_12_59_58_555.jpg,C:\Users\acer\Documents\GitHub\temporal-xai-driving\examples\IMG\left_2026_05_16_12_59_58_555.jpg,C:\Users\acer\Documents\GitHub\temporal-xai-driving\examples\IMG\right_2026_05_16_12_59_58_555.jpg,0,1,0,30.18971
C:\Users\acer\Documents\GitHub\temporal-xai-driving\examples\IMG\center_2026_05_16_12_59_58_626.jpg,C:\Users\acer\Documents\GitHub\temporal-xai-driving\examples\IMG\left_2026_05_16_12_59_58_626.jpg,C:\Users\acer\Documents\GitHub\temporal-xai-driving\examples\IMG\right_2026_05_16_12_59_58_626.jpg,0,1,0,30.1916
C:\Users\acer\Documents\GitHub\temporal-xai-driving\examples\IMG\center_2026_05_16_12_59_58_696.jpg,C:\Users\acer\Documents\GitHub\temporal-xai-driving\examples\IMG\left_2026_05_16_12_59_58_696.jpg,C:\Users\acer\Documents\GitHub\temporal-xai-driving\examples\IMG\right_2026_05_16_12_59_58_696.jpg,0,1,0,30.18917
C:\Users\acer\Documents\GitHub\temporal-xai-driving\examples\IMG\center_2026_05_16_12_59_58_766.jpg,C:\Users\acer\Documents\GitHub\temporal-xai-driving\examples\IMG\left_2026_05_16_12_59_58_766.jpg,C:\Users\acer\Documents\GitHub\temporal-xai-driving\examples\IMG\right_2026_05_16_12_59_58_766.jpg,0,1,0,30.18905
C:\Users\acer\Documents\GitHub\temporal-xai-driving\examples\IMG\center_2026_05_16_12_59_58_836.jpg,C:\Users\acer\Documents\GitHub\temporal-xai-driving\examples\IMG\left_2026_05_16_12_59_58_836.jpg,C:\Users\acer\Documents\GitHub\temporal-xai-driving\examples\IMG\right_2026_05_16_12_59_58_836.jpg,0,1,0,30.18977
C:\Users\acer\Documents\GitHub\temporal-xai-driving\examples\IMG\center_2026_05_16_12_59_58_908.jpg,C:\Users\acer\Documents\GitHub\temporal-xai-driving\examples\IMG\left_2026_05_16_12_59_58_908.jpg,C:\Users\acer\Documents\GitHub\temporal-xai-driving\examples\IMG\right_2026_05_16_12_59_58_908.jpg,-0.2,1,0,30.17861
C:\Users\acer\Documents\GitHub\temporal-xai-driving\examples\IMG\center_2026_05_16_12_59_58_976.jpg,C:\Users\acer\Documents\GitHub\temporal-xai-driving\examples\IMG\left_2026_05_16_12_59_58_976.jpg,C:\Users\acer\Documents\GitHub\temporal-xai-driving\examples\IMG\right_2026_05_16_12_59_58_976.jpg,-0.35,1,0,30.16402
C:\Users\acer\Documents\GitHub\temporal-xai-driving\examples\IMG\center_2026_05_16_12_59_59_046.jpg,C:\Users\acer\Documents\GitHub\temporal-xai-driving\examples\IMG\left_2026_05_16_12_59_59_046.jpg,C:\Users\acer\Documents\GitHub\temporal-xai-driving\examples\IMG\right_2026_05_16_12_59_59_046.jpg,-0.5500001,1,0,30.13641
C:\Users\acer\Documents\GitHub\temporal-xai-driving\examples\IMG\center_2026_05_16_12_59_59_116.jpg,C:\Users\acer\Documents\GitHub\temporal-xai-driving\examples\IMG\left_2026_05_16_12_59_59_116.jpg,C:\Users\acer\Documents\GitHub\temporal-xai-driving\examples\IMG\right_2026_05_16_12_59_59_116.jpg,-0.7,1,0,30.12135
C:\Users\acer\Documents\GitHub\temporal-xai-driving\examples\IMG\center_2026_05_16_12_59_59_187.jpg,C:\Users\acer\Documents\GitHub\temporal-xai-driving\examples\IMG\left_2026_05_16_12_59_59_187.jpg,C:\Users\acer\Documents\GitHub\temporal-xai-driving\examples\IMG\right_2026_05_16_12_59_59_187.jpg,-0.9000002,1,0,30.10126
C:\Users\acer\Documents\GitHub\temporal-xai-driving\examples\IMG\center_2026_05_16_12_59_59_259.jpg,C:\Users\acer\Documents\GitHub\temporal-xai-driving\examples\IMG\left_2026_05_16_12_59_59_259.jpg,C:\Users\acer\Documents\GitHub\temporal-xai-driving\examples\IMG\right_2026_05_16_12_59_59_259.jpg,-1,1,0,30.09706
C:\Users\acer\Documents\GitHub\temporal-xai-driving\examples\IMG\center_2026_05_16_12_59_59_332.jpg,C:\Users\acer\Documents\GitHub\temporal-xai-driving\examples\IMG\left_2026_05_16_12_59_59_332.jpg,C:\Users\acer\Documents\GitHub\temporal-xai-driving\examples\IMG\right_2026_05_16_12_59_59_332.jpg,-1,1,0,30.12243
C:\Users\acer\Documents\GitHub\temporal-xai-driving\examples\IMG\center_2026_05_16_12_59_59_408.jpg,C:\Users\acer\Documents\GitHub\temporal-xai-driving\examples\IMG\left_2026_05_16_12_59_59_408.jpg,C:\Users\acer\Documents\GitHub\temporal-xai-driving\examples\IMG\right_2026_05_16_12_59_59_408.jpg,0,1,0,30.16311
C:\Users\acer\Documents\GitHub\temporal-xai-driving\examples\IMG\center_2026_05_16_12_59_59_482.jpg,C:\Users\acer\Documents\GitHub\temporal-xai-driving\examples\IMG\left_2026_05_16_12_59_59_482.jpg,C:\Users\acer\Documents\GitHub\temporal-xai-driving\examples\IMG\right_2026_05_16_12_59_59_482.jpg,0,1,0,30.17613
C:\Users\acer\Documents\GitHub\temporal-xai-driving\examples\IMG\center_2026_05_16_12_59_59_559.jpg,C:\Users\acer\Documents\GitHub\temporal-xai-driving\examples\IMG\left_2026_05_16_12_59_59_559.jpg,C:\Users\acer\Documents\GitHub\temporal-xai-driving\examples\IMG\right_2026_05_16_12_59_59_559.jpg,0,1,0,30.18886
C:\Users\acer\Documents\GitHub\temporal-xai-driving\examples\IMG\center_2026_05_16_12_59_59_637.jpg,C:\Users\acer\Documents\GitHub\temporal-xai-driving\examples\IMG\left_2026_05_16_12_59_59_637.jpg,C:\Users\acer\Documents\GitHub\temporal-xai-driving\examples\IMG\right_2026_05_16_12_59_59_637.jpg,0,1,0,30.18993
C:\Users\acer\Documents\GitHub\temporal-xai-driving\examples\IMG\center_2026_05_16_12_59_59_716.jpg,C:\Users\acer\Documents\GitHub\temporal-xai-driving\examples\IMG\left_2026_05_16_12_59_59_716.jpg,C:\Users\acer\Documents\GitHub\temporal-xai-driving\examples\IMG\right_2026_05_16_12_59_59_716.jpg,0,1,0,30.19184
C:\Users\acer\Documents\GitHub\temporal-xai-driving\examples\IMG\center_2026_05_16_12_59_59_797.jpg,C:\Users\acer\Documents\GitHub\temporal-xai-driving\examples\IMG\left_2026_05_16_12_59_59_797.jpg,C:\Users\acer\Documents\GitHub\temporal-xai-driving\examples\IMG\right_2026_05_16_12_59_59_797.jpg,0,1,0,30.19097
C:\Users\acer\Documents\GitHub\temporal-xai-driving\examples\IMG\center_2026_05_16_12_59_59_879.jpg,C:\Users\acer\Documents\GitHub\temporal-xai-driving\examples\IMG\left_2026_05_16_12_59_59_879.jpg,C:\Users\acer\Documents\GitHub\temporal-xai-driving\examples\IMG\right_2026_05_16_12_59_59_879.jpg,0.05,1,0,30.19044
C:\Users\acer\Documents\GitHub\temporal-xai-driving\examples\IMG\center_2026_05_16_12_59_59_958.jpg,C:\Users\acer\Documents\GitHub\temporal-xai-driving\examples\IMG\left_2026_05_16_12_59_59_958.jpg,C:\Users\acer\Documents\GitHub\temporal-xai-driving\examples\IMG\right_2026_05_16_12_59_59_958.jpg,0.25,1,0,30.175
C:\Users\acer\Documents\GitHub\temporal-xai-driving\examples\IMG\center_2026_05_16_13_00_00_040.jpg,C:\Users\acer\Documents\GitHub\temporal-xai-driving\examples\IMG\left_2026_05_16_13_00_00_040.jpg,C:\Users\acer\Documents\GitHub\temporal-xai-driving\examples\IMG\right_2026_05_16_13_00_00_040.jpg,0.45,1,0,30.14993
C:\Users\acer\Documents\GitHub\temporal-xai-driving\examples\IMG\center_2026_05_16_13_00_00_122.jpg,C:\Users\acer\Documents\GitHub\temporal-xai-driving\examples\IMG\left_2026_05_16_13_00_00_122.jpg,C:\Users\acer\Documents\GitHub\temporal-xai-driving\examples\IMG\right_2026_05_16_13_00_00_122.jpg,0,1,0,30.1882
C:\Users\acer\Documents\GitHub\temporal-xai-driving\examples\IMG\center_2026_05_16_13_00_00_203.jpg,C:\Users\acer\Documents\GitHub\temporal-xai-driving\examples\IMG\left_2026_05_16_13_00_00_203.jpg,C:\Users\acer\Documents\GitHub\temporal-xai-driving\examples\IMG\right_2026_05_16_13_00_00_203.jpg,0,1,0,30.18988
C:\Users\acer\Documents\GitHub\temporal-xai-driving\examples\IMG\center_2026_05_16_13_00_00_282.jpg,C:\Users\acer\Documents\GitHub\temporal-xai-driving\examples\IMG\left_2026_05_16_13_00_00_282.jpg,C:\Users\acer\Documents\GitHub\temporal-xai-driving\examples\IMG\right_2026_05_16_13_00_00_282.jpg,0,1,0,30.18951
C:\Users\acer\Documents\GitHub\temporal-xai-driving\examples\IMG\center_2026_05_16_13_00_00_366.jpg,C:\Users\acer\Documents\GitHub\temporal-xai-driving\examples\IMG\left_2026_05_16_13_00_00_366.jpg,C:\Users\acer\Documents\GitHub\temporal-xai-driving\examples\IMG\right_2026_05_16_13_00_00_366.jpg,0,1,0,30.19029
C:\Users\acer\Documents\GitHub\temporal-xai-driving\examples\IMG\center_2026_05_16_13_00_00_449.jpg,C:\Users\acer\Documents\GitHub\temporal-xai-driving\examples\IMG\left_2026_05_16_13_00_00_449.jpg,C:\Users\acer\Documents\GitHub\temporal-xai-driving\examples\IMG\right_2026_05_16_13_00_00_449.jpg,0,1,0,30.19034
C:\Users\acer\Documents\GitHub\temporal-xai-driving\examples\IMG\center_2026_05_16_13_00_00_520.jpg,C:\Users\acer\Documents\GitHub\temporal-xai-driving\examples\IMG\left_2026_05_16_13_00_00_520.jpg,C:\Users\acer\Documents\GitHub\temporal-xai-driving\examples\IMG\right_2026_05_16_13_00_00_520.jpg,0,1,0,30.1903
C:\Users\acer\Documents\GitHub\temporal-xai-driving\examples\IMG\center_2026_05_16_13_00_00_590.jpg,C:\Users\acer\Documents\GitHub\temporal-xai-driving\examples\IMG\left_2026_05_16_13_00_00_590.jpg,C:\Users\acer\Documents\GitHub\temporal-xai-driving\examples\IMG\right_2026_05_16_13_00_00_590.jpg,0,1,0,30.19034
C:\Users\acer\Documents\GitHub\temporal-xai-driving\examples\IMG\center_2026_05_16_13_00_00_676.jpg,C:\Users\acer\Documents\GitHub\temporal-xai-driving\examples\IMG\left_2026_05_16_13_00_00_676.jpg,C:\Users\acer\Documents\GitHub\temporal-xai-driving\examples\IMG\right_2026_05_16_13_00_00_676.jpg,0,1,0,30.19031
C:\Users\acer\Documents\GitHub\temporal-xai-driving\examples\IMG\center_2026_05_16_13_00_00_768.jpg,C:\Users\acer\Documents\GitHub\temporal-xai-driving\examples\IMG\left_2026_05_16_13_00_00_768.jpg,C:\Users\acer\Documents\GitHub\temporal-xai-driving\examples\IMG\right_2026_05_16_13_00_00_768.jpg,0,1,0,30.19028
C:\Users\acer\Documents\GitHub\temporal-xai-driving\examples\IMG\center_2026_05_16_13_00_00_846.jpg,C:\Users\acer\Documents\GitHub\temporal-xai-driving\examples\IMG\left_2026_05_16_13_00_00_846.jpg,C:\Users\acer\Documents\GitHub\temporal-xai-driving\examples\IMG\right_2026_05_16_13_00_00_846.jpg,0,1,0,30.19029
C:\Users\acer\Documents\GitHub\temporal-xai-driving\examples\IMG\center_2026_05_16_13_00_00_927.jpg,C:\Users\acer\Documents\GitHub\temporal-xai-driving\examples\IMG\left_2026_05_16_13_00_00_927.jpg,C:\Users\acer\Documents\GitHub\temporal-xai-driving\examples\IMG\right_2026_05_16_13_00_00_927.jpg,0,1,0,30.19025
C:\Users\acer\Documents\GitHub\temporal-xai-driving\examples\IMG\center_2026_05_16_13_00_01_012.jpg,C:\Users\acer\Documents\GitHub\temporal-xai-driving\examples\IMG\left_2026_05_16_13_00_01_012.jpg,C:\Users\acer\Documents\GitHub\temporal-xai-driving\examples\IMG\right_2026_05_16_13_00_01_012.jpg,0.1,1,0,30.18766
C:\Users\acer\Documents\GitHub\temporal-xai-driving\examples\IMG\center_2026_05_16_13_00_01_092.jpg,C:\Users\acer\Documents\GitHub\temporal-xai-driving\examples\IMG\left_2026_05_16_13_00_01_092.jpg,C:\Users\acer\Documents\GitHub\temporal-xai-driving\examples\IMG\right_2026_05_16_13_00_01_092.jpg,0.3,1,0,30.16925
C:\Users\acer\Documents\GitHub\temporal-xai-driving\examples\IMG\center_2026_05_16_13_00_01_176.jpg,C:\Users\acer\Documents\GitHub\temporal-xai-driving\examples\IMG\left_2026_05_16_13_00_01_176.jpg,C:\Users\acer\Documents\GitHub\temporal-xai-driving\examples\IMG\right_2026_05_16_13_00_01_176.jpg,0,1,0,30.1792
C:\Users\acer\Documents\GitHub\temporal-xai-driving\examples\IMG\center_2026_05_16_13_00_01_258.jpg,C:\Users\acer\Documents\GitHub\temporal-xai-driving\examples\IMG\left_2026_05_16_13_00_01_258.jpg,C:\Users\acer\Documents\GitHub\temporal-xai-driving\examples\IMG\right_2026_05_16_13_00_01_258.jpg,0,1,0,30.18876
C:\Users\acer\Documents\GitHub\temporal-xai-driving\examples\IMG\center_2026_05_16_13_00_01_340.jpg,C:\Users\acer\Documents\GitHub\temporal-xai-driving\examples\IMG\left_2026_05_16_13_00_01_340.jpg,C:\Users\acer\Documents\GitHub\temporal-xai-driving\examples\IMG\right_2026_05_16_13_00_01_340.jpg,0,1,0,30.18998
C:\Users\acer\Documents\GitHub\temporal-xai-driving\examples\IMG\center_2026_05_16_13_00_01_422.jpg,C:\Users\acer\Documents\GitHub\temporal-xai-driving\examples\IMG\left_2026_05_16_13_00_01_422.jpg,C:\Users\acer\Documents\GitHub\temporal-xai-driving\examples\IMG\right_2026_05_16_13_00_01_422.jpg,0,1,0,30.19026
C:\Users\acer\Documents\GitHub\temporal-xai-driving\examples\IMG\center_2026_05_16_13_00_01_506.jpg,C:\Users\acer\Documents\GitHub\temporal-xai-driving\examples\IMG\left_2026_05_16_13_00_01_506.jpg,C:\Users\acer\Documents\GitHub\temporal-xai-driving\examples\IMG\right_2026_05_16_13_00_01_506.jpg,0,1,0,30.19031
C:\Users\acer\Documents\GitHub\temporal-xai-driving\examples\IMG\center_2026_05_16_13_00_01_592.jpg,C:\Users\acer\Documents\GitHub\temporal-xai-driving\examples\IMG\left_2026_05_16_13_00_01_592.jpg,C:\Users\acer\Documents\GitHub\temporal-xai-driving\examples\IMG\right_2026_05_16_13_00_01_592.jpg,0,1,0,30.19031
C:\Users\acer\Documents\GitHub\temporal-xai-driving\examples\IMG\center_2026_05_16_13_00_01_678.jpg,C:\Users\acer\Documents\GitHub\temporal-xai-driving\examples\IMG\left_2026_05_16_13_00_01_678.jpg,C:\Users\acer\Documents\GitHub\temporal-xai-driving\examples\IMG\right_2026_05_16_13_00_01_678.jpg,0,1,0,30.1903
C:\Users\acer\Documents\GitHub\temporal-xai-driving\examples\IMG\center_2026_05_16_13_00_01_766.jpg,C:\Users\acer\Documents\GitHub\temporal-xai-driving\examples\IMG\left_2026_05_16_13_00_01_766.jpg,C:\Users\acer\Documents\GitHub\temporal-xai-driving\examples\IMG\right_2026_05_16_13_00_01_766.jpg,0,1,0,30.1903
C:\Users\acer\Documents\GitHub\temporal-xai-driving\examples\IMG\center_2026_05_16_13_00_01_853.jpg,C:\Users\acer\Documents\GitHub\temporal-xai-driving\examples\IMG\left_2026_05_16_13_00_01_853.jpg,C:\Users\acer\Documents\GitHub\temporal-xai-driving\examples\IMG\right_2026_05_16_13_00_01_853.jpg,0,1,0,30.19031
C:\Users\acer\Documents\GitHub\temporal-xai-driving\examples\IMG\center_2026_05_16_13_00_01_940.jpg,C:\Users\acer\Documents\GitHub\temporal-xai-driving\examples\IMG\left_2026_05_16_13_00_01_940.jpg,C:\Users\acer\Documents\GitHub\temporal-xai-driving\examples\IMG\right_2026_05_16_13_00_01_940.jpg,0,1,0,30.1903
C:\Users\acer\Documents\GitHub\temporal-xai-driving\examples\IMG\center_2026_05_16_13_00_02_032.jpg,C:\Users\acer\Documents\GitHub\temporal-xai-driving\examples\IMG\left_2026_05_16_13_00_02_032.jpg,C:\Users\acer\Documents\GitHub\temporal-xai-driving\examples\IMG\right_2026_05_16_13_00_02_032.jpg,0,1,0,30.19029
C:\Users\acer\Documents\GitHub\temporal-xai-driving\examples\IMG\center_2026_05_16_13_00_02_123.jpg,C:\Users\acer\Documents\GitHub\temporal-xai-driving\examples\IMG\left_2026_05_16_13_00_02_123.jpg,C:\Users\acer\Documents\GitHub\temporal-xai-driving\examples\IMG\right_2026_05_16_13_00_02_123.jpg,0,1,0,30.1903
C:\Users\acer\Documents\GitHub\temporal-xai-driving\examples\IMG\center_2026_05_16_13_00_02_217.jpg,C:\Users\acer\Documents\GitHub\temporal-xai-driving\examples\IMG\left_2026_05_16_13_00_02_217.jpg,C:\Users\acer\Documents\GitHub\temporal-xai-driving\examples\IMG\right_2026_05_16_13_00_02_217.jpg,0,1,0,30.19029
C:\Users\acer\Documents\GitHub\temporal-xai-driving\examples\IMG\center_2026_05_16_13_00_02_315.jpg,C:\Users\acer\Documents\GitHub\temporal-xai-driving\examples\IMG\left_2026_05_16_13_00_02_315.jpg,C:\Users\acer\Documents\GitHub\temporal-xai-driving\examples\IMG\right_2026_05_16_13_00_02_315.jpg,0,1,0,30.19031
C:\Users\acer\Documents\GitHub\temporal-xai-driving\examples\IMG\center_2026_05_16_13_00_02_416.jpg,C:\Users\acer\Documents\GitHub\temporal-xai-driving\examples\IMG\left_2026_05_16_13_00_02_416.jpg,C:\Users\acer\Documents\GitHub\temporal-xai-driving\examples\IMG\right_2026_05_16_13_00_02_416.jpg,0,1,0,30.19027
C:\Users\acer\Documents\GitHub\temporal-xai-driving\examples\IMG\center_2026_05_16_13_00_02_487.jpg,C:\Users\acer\Documents\GitHub\temporal-xai-driving\examples\IMG\left_2026_05_16_13_00_02_487.jpg,C:\Users\acer\Documents\GitHub\temporal-xai-driving\examples\IMG\right_2026_05_16_13_00_02_487.jpg,0.2,1,0,30.17979
C:\Users\acer\Documents\GitHub\temporal-xai-driving\examples\IMG\center_2026_05_16_13_00_02_558.jpg,C:\Users\acer\Documents\GitHub\temporal-xai-driving\examples\IMG\left_2026_05_16_13_00_02_558.jpg,C:\Users\acer\Documents\GitHub\temporal-xai-driving\examples\IMG\right_2026_05_16_13_00_02_558.jpg,0.35,1,0,30.16346
C:\Users\acer\Documents\GitHub\temporal-xai-driving\examples\IMG\center_2026_05_16_13_00_02_652.jpg,C:\Users\acer\Documents\GitHub\temporal-xai-driving\examples\IMG\left_2026_05_16_13_00_02_652.jpg,C:\Users\acer\Documents\GitHub\temporal-xai-driving\examples\IMG\right_2026_05_16_13_00_02_652.jpg,0,1,0,30.18947
C:\Users\acer\Documents\GitHub\temporal-xai-driving\examples\IMG\center_2026_05_16_13_00_02_725.jpg,C:\Users\acer\Documents\GitHub\temporal-xai-driving\examples\IMG\left_2026_05_16_13_00_02_725.jpg,C:\Users\acer\Documents\GitHub\temporal-xai-driving\examples\IMG\right_2026_05_16_13_00_02_725.jpg,0,1,0,30.19013
C:\Users\acer\Documents\GitHub\temporal-xai-driving\examples\IMG\center_2026_05_16_13_00_02_795.jpg,C:\Users\acer\Documents\GitHub\temporal-xai-driving\examples\IMG\left_2026_05_16_13_00_02_795.jpg,C:\Users\acer\Documents\GitHub\temporal-xai-driving\examples\IMG\right_2026_05_16_13_00_02_795.jpg,0,1,0,30.19026
C:\Users\acer\Documents\GitHub\temporal-xai-driving\examples\IMG\center_2026_05_16_13_00_02_878.jpg,C:\Users\acer\Documents\GitHub\temporal-xai-driving\examples\IMG\left_2026_05_16_13_00_02_878.jpg,C:\Users\acer\Documents\GitHub\temporal-xai-driving\examples\IMG\right_2026_05_16_13_00_02_878.jpg,0,1,0,30.1903
C:\Users\acer\Documents\GitHub\temporal-xai-driving\examples\IMG\center_2026_05_16_13_00_02_945.jpg,C:\Users\acer\Documents\GitHub\temporal-xai-driving\examples\IMG\left_2026_05_16_13_00_02_945.jpg,C:\Users\acer\Documents\GitHub\temporal-xai-driving\examples\IMG\right_2026_05_16_13_00_02_945.jpg,0,1,0,30.19031
C:\Users\acer\Documents\GitHub\temporal-xai-driving\examples\IMG\center_2026_05_16_13_00_03_042.jpg,C:\Users\acer\Documents\GitHub\temporal-xai-driving\examples\IMG\left_2026_05_16_13_00_03_042.jpg,C:\Users\acer\Documents\GitHub\temporal-xai-driving\examples\IMG\right_2026_05_16_13_00_03_042.jpg,0,1,0,30.19029
C:\Users\acer\Documents\GitHub\temporal-xai-driving\examples\IMG\center_2026_05_16_13_00_03_138.jpg,C:\Users\acer\Documents\GitHub\temporal-xai-driving\examples\IMG\left_2026_05_16_13_00_03_138.jpg,C:\Users\acer\Documents\GitHub\temporal-xai-driving\examples\IMG\right_2026_05_16_13_00_03_138.jpg,0,1,0,30.19028
C:\Users\acer\Documents\GitHub\temporal-xai-driving\examples\IMG\center_2026_05_16_13_00_03_232.jpg,C:\Users\acer\Documents\GitHub\temporal-xai-driving\examples\IMG\left_2026_05_16_13_00_03_232.jpg,C:\Users\acer\Documents\GitHub\temporal-xai-driving\examples\IMG\right_2026_05_16_13_00_03_232.jpg,0,1,0,30.19029
C:\Users\acer\Documents\GitHub\temporal-xai-driving\examples\IMG\center_2026_05_16_13_00_03_324.jpg,C:\Users\acer\Documents\GitHub\temporal-xai-driving\examples\IMG\left_2026_05_16_13_00_03_324.jpg,C:\Users\acer\Documents\GitHub\temporal-xai-driving\examples\IMG\right_2026_05_16_13_00_03_324.jpg,0,1,0,30.19028
C:\Users\acer\Documents\GitHub\temporal-xai-driving\examples\IMG\center_2026_05_16_13_00_03_415.jpg,C:\Users\acer\Documents\GitHub\temporal-xai-driving\examples\IMG\left_2026_05_16_13_00_03_415.jpg,C:\Users\acer\Documents\GitHub\temporal-xai-driving\examples\IMG\right_2026_05_16_13_00_03_415.jpg,0,1,0,30.1903
C:\Users\acer\Documents\GitHub\temporal-xai-driving\examples\IMG\center_2026_05_16_13_00_03_506.jpg,C:\Users\acer\Documents\GitHub\temporal-xai-driving\examples\IMG\left_2026_05_16_13_00_03_506.jpg,C:\Users\acer\Documents\GitHub\temporal-xai-driving\examples\IMG\right_2026_05_16_13_00_03_506.jpg,0,1,0,30.19028
C:\Users\acer\Documents\GitHub\temporal-xai-driving\examples\IMG\center_2026_05_16_13_00_03_597.jpg,C:\Users\acer\Documents\GitHub\temporal-xai-driving\examples\IMG\left_2026_05_16_13_00_03_597.jpg,C:\Users\acer\Documents\GitHub\temporal-xai-driving\examples\IMG\right_2026_05_16_13_00_03_597.jpg,0,1,0,30.19027
C:\Users\acer\Documents\GitHub\temporal-xai-driving\examples\IMG\center_2026_05_16_13_00_03_686.jpg,C:\Users\acer\Documents\GitHub\temporal-xai-driving\examples\IMG\left_2026_05_16_13_00_03_686.jpg,C:\Users\acer\Documents\GitHub\temporal-xai-driving\examples\IMG\right_2026_05_16_13_00_03_686.jpg,0.1,1,0,30.18766
C:\Users\acer\Documents\GitHub\temporal-xai-driving\examples\IMG\center_2026_05_16_13_00_03_772.jpg,C:\Users\acer\Documents\GitHub\temporal-xai-driving\examples\IMG\left_2026_05_16_13_00_03_772.jpg,C:\Users\acer\Documents\GitHub\temporal-xai-driving\examples\IMG\right_2026_05_16_13_00_03_772.jpg,0.3,1,0,30.16924
C:\Users\acer\Documents\GitHub\temporal-xai-driving\examples\IMG\center_2026_05_16_13_00_03_858.jpg,C:\Users\acer\Documents\GitHub\temporal-xai-driving\examples\IMG\left_2026_05_16_13_00_03_858.jpg,C:\Users\acer\Documents\GitHub\temporal-xai-driving\examples\IMG\right_2026_05_16_13_00_03_858.jpg,0,1,0,30.17919
C:\Users\acer\Documents\GitHub\temporal-xai-driving\examples\IMG\center_2026_05_16_13_00_03_944.jpg,C:\Users\acer\Documents\GitHub\temporal-xai-driving\examples\IMG\left_2026_05_16_13_00_03_944.jpg,C:\Users\acer\Documents\GitHub\temporal-xai-driving\examples\IMG\right_2026_05_16_13_00_03_944.jpg,0,1,0,30.1893
C:\Users\acer\Documents\GitHub\temporal-xai-driving\examples\IMG\center_2026_05_16_13_00_04_029.jpg,C:\Users\acer\Documents\GitHub\temporal-xai-driving\examples\IMG\left_2026_05_16_13_00_04_029.jpg,C:\Users\acer\Documents\GitHub\temporal-xai-driving\examples\IMG\right_2026_05_16_13_00_04_029.jpg,0,1,0,30.1901
C:\Users\acer\Documents\GitHub\temporal-xai-driving\examples\IMG\center_2026_05_16_13_00_04_115.jpg,C:\Users\acer\Documents\GitHub\temporal-xai-driving\examples\IMG\left_2026_05_16_13_00_04_115.jpg,C:\Users\acer\Documents\GitHub\temporal-xai-driving\examples\IMG\right_2026_05_16_13_00_04_115.jpg,0,1,0,30.19022
C:\Users\acer\Documents\GitHub\temporal-xai-driving\examples\IMG\center_2026_05_16_13_00_04_204.jpg,C:\Users\acer\Documents\GitHub\temporal-xai-driving\examples\IMG\left_2026_05_16_13_00_04_204.jpg,C:\Users\acer\Documents\GitHub\temporal-xai-driving\examples\IMG\right_2026_05_16_13_00_04_204.jpg,0,1,0,30.19031
C:\Users\acer\Documents\GitHub\temporal-xai-driving\examples\IMG\center_2026_05_16_13_00_04_294.jpg,C:\Users\acer\Documents\GitHub\temporal-xai-driving\examples\IMG\left_2026_05_16_13_00_04_294.jpg,C:\Users\acer\Documents\GitHub\temporal-xai-driving\examples\IMG\right_2026_05_16_13_00_04_294.jpg,0,1,0,30.19031
C:\Users\acer\Documents\GitHub\temporal-xai-driving\examples\IMG\center_2026_05_16_13_00_04_386.jpg,C:\Users\acer\Documents\GitHub\temporal-xai-driving\examples\IMG\left_2026_05_16_13_00_04_386.jpg,C:\Users\acer\Documents\GitHub\temporal-xai-driving\examples\IMG\right_2026_05_16_13_00_04_386.jpg,0,1,0,30.1903
C:\Users\acer\Documents\GitHub\temporal-xai-driving\examples\IMG\center_2026_05_16_13_00_04_480.jpg,C:\Users\acer\Documents\GitHub\temporal-xai-driving\examples\IMG\left_2026_05_16_13_00_04_480.jpg,C:\Users\acer\Documents\GitHub\temporal-xai-driving\examples\IMG\right_2026_05_16_13_00_04_480.jpg,0.05,1,0,30.18991
C:\Users\acer\Documents\GitHub\temporal-xai-driving\examples\IMG\center_2026_05_16_13_00_04_573.jpg,C:\Users\acer\Documents\GitHub\temporal-xai-driving\examples\IMG\left_2026_05_16_13_00_04_573.jpg,C:\Users\acer\Documents\GitHub\temporal-xai-driving\examples\IMG\right_2026_05_16_13_00_04_573.jpg,0.3,1,0,30.16919
C:\Users\acer\Documents\GitHub\temporal-xai-driving\examples\IMG\center_2026_05_16_13_00_04_666.jpg,C:\Users\acer\Documents\GitHub\temporal-xai-driving\examples\IMG\left_2026_05_16_13_00_04_666.jpg,C:\Users\acer\Documents\GitHub\temporal-xai-driving\examples\IMG\right_2026_05_16_13_00_04_666.jpg,0,1,0,30.19006
C:\Users\acer\Documents\GitHub\temporal-xai-driving\examples\IMG\center_2026_05_16_13_00_04_741.jpg,C:\Users\acer\Documents\GitHub\temporal-xai-driving\examples\IMG\left_2026_05_16_13_00_04_741.jpg,C:\Users\acer\Documents\GitHub\temporal-xai-driving\examples\IMG\right_2026_05_16_13_00_04_741.jpg,0,1,0,30.18975
C:\Users\acer\Documents\GitHub\temporal-xai-driving\examples\IMG\center_2026_05_16_13_00_04_824.jpg,C:\Users\acer\Documents\GitHub\temporal-xai-driving\examples\IMG\left_2026_05_16_13_00_04_824.jpg,C:\Users\acer\Documents\GitHub\temporal-xai-driving\examples\IMG\right_2026_05_16_13_00_04_824.jpg,0,1,0,30.19016
C:\Users\acer\Documents\GitHub\temporal-xai-driving\examples\IMG\center_2026_05_16_13_00_04_922.jpg,C:\Users\acer\Documents\GitHub\temporal-xai-driving\examples\IMG\left_2026_05_16_13_00_04_922.jpg,C:\Users\acer\Documents\GitHub\temporal-xai-driving\examples\IMG\right_2026_05_16_13_00_04_922.jpg,0,1,0,30.19011
C:\Users\acer\Documents\GitHub\temporal-xai-driving\examples\IMG\center_2026_05_16_13_00_05_018.jpg,C:\Users\acer\Documents\GitHub\temporal-xai-driving\examples\IMG\left_2026_05_16_13_00_05_018.jpg,C:\Users\acer\Documents\GitHub\temporal-xai-driving\examples\IMG\right_2026_05_16_13_00_05_018.jpg,0,1,0,30.18984
C:\Users\acer\Documents\GitHub\temporal-xai-driving\examples\IMG\center_2026_05_16_13_00_05_116.jpg,C:\Users\acer\Documents\GitHub\temporal-xai-driving\examples\IMG\left_2026_05_16_13_00_05_116.jpg,C:\Users\acer\Documents\GitHub\temporal-xai-driving\examples\IMG\right_2026_05_16_13_00_05_116.jpg,0.15,1,0,30.18408
C:\Users\acer\Documents\GitHub\temporal-xai-driving\examples\IMG\center_2026_05_16_13_00_05_214.jpg,C:\Users\acer\Documents\GitHub\temporal-xai-driving\examples\IMG\left_2026_05_16_13_00_05_214.jpg,C:\Users\acer\Documents\GitHub\temporal-xai-driving\examples\IMG\right_2026_05_16_13_00_05_214.jpg,0.4,1,0,30.15606
C:\Users\acer\Documents\GitHub\temporal-xai-driving\examples\IMG\center_2026_05_16_13_00_05_309.jpg,C:\Users\acer\Documents\GitHub\temporal-xai-driving\examples\IMG\left_2026_05_16_13_00_05_309.jpg,C:\Users\acer\Documents\GitHub\temporal-xai-driving\examples\IMG\right_2026_05_16_13_00_05_309.jpg,0,1,0,30.18546
C:\Users\acer\Documents\GitHub\temporal-xai-driving\examples\IMG\center_2026_05_16_13_00_05_404.jpg,C:\Users\acer\Documents\GitHub\temporal-xai-driving\examples\IMG\left_2026_05_16_13_00_05_404.jpg,C:\Users\acer\Documents\GitHub\temporal-xai-driving\examples\IMG\right_2026_05_16_13_00_05_404.jpg,0,1,0,30.18919
C:\Users\acer\Documents\GitHub\temporal-xai-driving\examples\IMG\center_2026_05_16_13_00_05_496.jpg,C:\Users\acer\Documents\GitHub\temporal-xai-driving\examples\IMG\left_2026_05_16_13_00_05_496.jpg,C:\Users\acer\Documents\GitHub\temporal-xai-driving\examples\IMG\right_2026_05_16_13_00_05_496.jpg,0,1,0,30.19007
C:\Users\acer\Documents\GitHub\temporal-xai-driving\examples\IMG\center_2026_05_16_13_00_05_589.jpg,C:\Users\acer\Documents\GitHub\temporal-xai-driving\examples\IMG\left_2026_05_16_13_00_05_589.jpg,C:\Users\acer\Documents\GitHub\temporal-xai-driving\examples\IMG\right_2026_05_16_13_00_05_589.jpg,0,1,0,30.19001
C:\Users\acer\Documents\GitHub\temporal-xai-driving\examples\IMG\center_2026_05_16_13_00_05_678.jpg,C:\Users\acer\Documents\GitHub\temporal-xai-driving\examples\IMG\left_2026_05_16_13_00_05_678.jpg,C:\Users\acer\Documents\GitHub\temporal-xai-driving\examples\IMG\right_2026_05_16_13_00_05_678.jpg,0,1,0,30.19034
C:\Users\acer\Documents\GitHub\temporal-xai-driving\examples\IMG\center_2026_05_16_13_00_05_768.jpg,C:\Users\acer\Documents\GitHub\temporal-xai-driving\examples\IMG\left_2026_05_16_13_00_05_768.jpg,C:\Users\acer\Documents\GitHub\temporal-xai-driving\examples\IMG\right_2026_05_16_13_00_05_768.jpg,0,1,0,30.1889
C:\Users\acer\Documents\GitHub\temporal-xai-driving\examples\IMG\center_2026_05_16_13_00_05_854.jpg,C:\Users\acer\Documents\GitHub\temporal-xai-driving\examples\IMG\left_2026_05_16_13_00_05_854.jpg,C:\Users\acer\Documents\GitHub\temporal-xai-driving\examples\IMG\right_2026_05_16_13_00_05_854.jpg,0,1,0,30.19034
C:\Users\acer\Documents\GitHub\temporal-xai-driving\examples\IMG\center_2026_05_16_13_00_05_937.jpg,C:\Users\acer\Documents\GitHub\temporal-xai-driving\examples\IMG\left_2026_05_16_13_00_05_937.jpg,C:\Users\acer\Documents\GitHub\temporal-xai-driving\examples\IMG\right_2026_05_16_13_00_05_937.jpg,0,1,0,30.19029
C:\Users\acer\Documents\GitHub\temporal-xai-driving\examples\IMG\center_2026_05_16_13_00_06_022.jpg,C:\Users\acer\Documents\GitHub\temporal-xai-driving\examples\IMG\left_2026_05_16_13_00_06_022.jpg,C:\Users\acer\Documents\GitHub\temporal-xai-driving\examples\IMG\right_2026_05_16_13_00_06_022.jpg,0,1,0,30.19102
C:\Users\acer\Documents\GitHub\temporal-xai-driving\examples\IMG\center_2026_05_16_13_00_06_107.jpg,C:\Users\acer\Documents\GitHub\temporal-xai-driving\examples\IMG\left_2026_05_16_13_00_06_107.jpg,C:\Users\acer\Documents\GitHub\temporal-xai-driving\examples\IMG\right_2026_05_16_13_00_06_107.jpg,0,1,0,30.18911
C:\Users\acer\Documents\GitHub\temporal-xai-driving\examples\IMG\center_2026_05_16_13_00_06_191.jpg,C:\Users\acer\Documents\GitHub\temporal-xai-driving\examples\IMG\left_2026_05_16_13_00_06_191.jpg,C:\Users\acer\Documents\GitHub\temporal-xai-driving\examples\IMG\right_2026_05_16_13_00_06_191.jpg,0.1,1,0,30.18795
C:\Users\acer\Documents\GitHub\temporal-xai-driving\examples\IMG\center_2026_05_16_13_00_06_275.jpg,C:\Users\acer\Documents\GitHub\temporal-xai-driving\examples\IMG\left_2026_05_16_13_00_06_275.jpg,C:\Users\acer\Documents\GitHub\temporal-xai-driving\examples\IMG\right_2026_05_16_13_00_06_275.jpg,0.3,1,0,30.16904
C:\Users\acer\Documents\GitHub\temporal-xai-driving\examples\IMG\center_2026_05_16_13_00_06_358.jpg,C:\Users\acer\Documents\GitHub\temporal-xai-driving\examples\IMG\left_2026_05_16_13_00_06_358.jpg,C:\Users\acer\Documents\GitHub\temporal-xai-driving\examples\IMG\right_2026_05_16_13_00_06_358.jpg,0.5000001,1,0,30.14545
C:\Users\acer\Documents\GitHub\temporal-xai-driving\examples\IMG\center_2026_05_16_13_00_06_444.jpg,C:\Users\acer\Documents\GitHub\temporal-xai-driving\examples\IMG\left_2026_05_16_13_00_06_444.jpg,C:\Users\acer\Documents\GitHub\temporal-xai-driving\examples\IMG\right_2026_05_16_13_00_06_444.jpg,0.7500002,1,0,30.11496
C:\Users\acer\Documents\GitHub\temporal-xai-driving\examples\IMG\center_2026_05_16_13_00_06_541.jpg,C:\Users\acer\Documents\GitHub\temporal-xai-driving\examples\IMG\left_2026_05_16_13_00_06_541.jpg,C:\Users\acer\Documents\GitHub\temporal-xai-driving\examples\IMG\right_2026_05_16_13_00_06_541.jpg,0.9500002,1,0,30.0967
C:\Users\acer\Documents\GitHub\temporal-xai-driving\examples\IMG\center_2026_05_16_13_00_06_613.jpg,C:\Users\acer\Documents\GitHub\temporal-xai-driving\examples\IMG\left_2026_05_16_13_00_06_613.jpg,C:\Users\acer\Documents\GitHub\temporal-xai-driving\examples\IMG\right_2026_05_16_13_00_06_613.jpg,0,1,0,30.16881
C:\Users\acer\Documents\GitHub\temporal-xai-driving\examples\IMG\center_2026_05_16_13_00_06_697.jpg,C:\Users\acer\Documents\GitHub\temporal-xai-driving\examples\IMG\left_2026_05_16_13_00_06_697.jpg,C:\Users\acer\Documents\GitHub\temporal-xai-driving\examples\IMG\right_2026_05_16_13_00_06_697.jpg,0,1,0,30.18405
C:\Users\acer\Documents\GitHub\temporal-xai-driving\examples\IMG\center_2026_05_16_13_00_06_784.jpg,C:\Users\acer\Documents\GitHub\temporal-xai-driving\examples\IMG\left_2026_05_16_13_00_06_784.jpg,C:\Users\acer\Documents\GitHub\temporal-xai-driving\examples\IMG\right_2026_05_16_13_00_06_784.jpg,0,1,0,30.18935
C:\Users\acer\Documents\GitHub\temporal-xai-driving\examples\IMG\center_2026_05_16_13_00_06_867.jpg,C:\Users\acer\Documents\GitHub\temporal-xai-driving\examples\IMG\left_2026_05_16_13_00_06_867.jpg,C:\Users\acer\Documents\GitHub\temporal-xai-driving\examples\IMG\right_2026_05_16_13_00_06_867.jpg,0,1,0,30.19001
C:\Users\acer\Documents\GitHub\temporal-xai-driving\examples\IMG\center_2026_05_16_13_00_06_950.jpg,C:\Users\acer\Documents\GitHub\temporal-xai-driving\examples\IMG\left_2026_05_16_13_00_06_950.jpg,C:\Users\acer\Documents\GitHub\temporal-xai-driving\examples\IMG\right_2026_05_16_13_00_06_950.jpg,0,1,0,30.18965
C:\Users\acer\Documents\GitHub\temporal-xai-driving\examples\IMG\center_2026_05_16_13_00_07_035.jpg,C:\Users\acer\Documents\GitHub\temporal-xai-driving\examples\IMG\left_2026_05_16_13_00_07_035.jpg,C:\Users\acer\Documents\GitHub\temporal-xai-driving\examples\IMG\right_2026_05_16_13_00_07_035.jpg,0.05,1,0,30.18984
C:\Users\acer\Documents\GitHub\temporal-xai-driving\examples\IMG\center_2026_05_16_13_00_07_118.jpg,C:\Users\acer\Documents\GitHub\temporal-xai-driving\examples\IMG\left_2026_05_16_13_00_07_118.jpg,C:\Users\acer\Documents\GitHub\temporal-xai-driving\examples\IMG\right_2026_05_16_13_00_07_118.jpg,0.25,1,0,30.17558
C:\Users\acer\Documents\GitHub\temporal-xai-driving\examples\IMG\center_2026_05_16_13_00_07_202.jpg,C:\Users\acer\Documents\GitHub\temporal-xai-driving\examples\IMG\left_2026_05_16_13_00_07_202.jpg,C:\Users\acer\Documents\GitHub\temporal-xai-driving\examples\IMG\right_2026_05_16_13_00_07_202.jpg,0.45,1,0,30.15113
C:\Users\acer\Documents\GitHub\temporal-xai-driving\examples\IMG\center_2026_05_16_13_00_07_289.jpg,C:\Users\acer\Documents\GitHub\temporal-xai-driving\examples\IMG\left_2026_05_16_13_00_07_289.jpg,C:\Users\acer\Documents\GitHub\temporal-xai-driving\examples\IMG\right_2026_05_16_13_00_07_289.jpg,0,1,0,30.18292
C:\Users\acer\Documents\GitHub\temporal-xai-driving\examples\IMG\center_2026_05_16_13_00_07_373.jpg,C:\Users\acer\Documents\GitHub\temporal-xai-driving\examples\IMG\left_2026_05_16_13_00_07_373.jpg,C:\Users\acer\Documents\GitHub\temporal-xai-driving\examples\IMG\right_2026_05_16_13_00_07_373.jpg,0,1,0,30.18868
C:\Users\acer\Documents\GitHub\temporal-xai-driving\examples\IMG\center_2026_05_16_13_00_07_457.jpg,C:\Users\acer\Documents\GitHub\temporal-xai-driving\examples\IMG\left_2026_05_16_13_00_07_457.jpg,C:\Users\acer\Documents\GitHub\temporal-xai-driving\examples\IMG\right_2026_05_16_13_00_07_457.jpg,0,1,0,30.19028
C:\Users\acer\Documents\GitHub\temporal-xai-driving\examples\IMG\center_2026_05_16_13_00_07_540.jpg,C:\Users\acer\Documents\GitHub\temporal-xai-driving\examples\IMG\left_2026_05_16_13_00_07_540.jpg,C:\Users\acer\Documents\GitHub\temporal-xai-driving\examples\IMG\right_2026_05_16_13_00_07_540.jpg,0.2,1,0,30.18263
C:\Users\acer\Documents\GitHub\temporal-xai-driving\examples\IMG\center_2026_05_16_13_00_07_623.jpg,C:\Users\acer\Documents\GitHub\temporal-xai-driving\examples\IMG\left_2026_05_16_13_00_07_623.jpg,C:\Users\acer\Documents\GitHub\temporal-xai-driving\examples\IMG\right_2026_05_16_13_00_07_623.jpg,0.45,1,0,30.15467
C:\Users\acer\Documents\GitHub\temporal-xai-driving\examples\IMG\center_2026_05_16_13_00_07_707.jpg,C:\Users\acer\Documents\GitHub\temporal-xai-driving\examples\IMG\left_2026_05_16_13_00_07_707.jpg,C:\Users\acer\Documents\GitHub\temporal-xai-driving\examples\IMG\right_2026_05_16_13_00_07_707.jpg,0.6500001,1,0,30.12846
C:\Users\acer\Documents\GitHub\temporal-xai-driving\examples\IMG\center_2026_05_16_13_00_07_790.jpg,C:\Users\acer\Documents\GitHub\temporal-xai-driving\examples\IMG\left_2026_05_16_13_00_07_790.jpg,C:\Users\acer\Documents\GitHub\temporal-xai-driving\examples\IMG\right_2026_05_16_13_00_07_790.jpg,0,1,0,30.17551
C:\Users\acer\Documents\GitHub\temporal-xai-driving\examples\IMG\center_2026_05_16_13_00_07_873.jpg,C:\Users\acer\Documents\GitHub\temporal-xai-driving\examples\IMG\left_2026_05_16_13_00_07_873.jpg,C:\Users\acer\Documents\GitHub\temporal-xai-driving\examples\IMG\right_2026_05_16_13_00_07_873.jpg,0,1,0,30.18782
C:\Users\acer\Documents\GitHub\temporal-xai-driving\examples\IMG\center_2026_05_16_13_00_07_950.jpg,C:\Users\acer\Documents\GitHub\temporal-xai-driving\examples\IMG\left_2026_05_16_13_00_07_950.jpg,C:\Users\acer\Documents\GitHub\temporal-xai-driving\examples\IMG\right_2026_05_16_13_00_07_950.jpg,0,1,0,30.19178
C:\Users\acer\Documents\GitHub\temporal-xai-driving\examples\IMG\center_2026_05_16_13_00_08_030.jpg,C:\Users\acer\Documents\GitHub\temporal-xai-driving\examples\IMG\left_2026_05_16_13_00_08_030.jpg,C:\Users\acer\Documents\GitHub\temporal-xai-driving\examples\IMG\right_2026_05_16_13_00_08_030.jpg,0,1,0,30.19085
C:\Users\acer\Documents\GitHub\temporal-xai-driving\examples\IMG\center_2026_05_16_13_00_08_111.jpg,C:\Users\acer\Documents\GitHub\temporal-xai-driving\examples\IMG\left_2026_05_16_13_00_08_111.jpg,C:\Users\acer\Documents\GitHub\temporal-xai-driving\examples\IMG\right_2026_05_16_13_00_08_111.jpg,0.15,1,0,30.18603
C:\Users\acer\Documents\GitHub\temporal-xai-driving\examples\IMG\center_2026_05_16_13_00_08_190.jpg,C:\Users\acer\Documents\GitHub\temporal-xai-driving\examples\IMG\left_2026_05_16_13_00_08_190.jpg,C:\Users\acer\Documents\GitHub\temporal-xai-driving\examples\IMG\right_2026_05_16_13_00_08_190.jpg,0.35,1,0,30.16571
C:\Users\acer\Documents\GitHub\temporal-xai-driving\examples\IMG\center_2026_05_16_13_00_08_269.jpg,C:\Users\acer\Documents\GitHub\temporal-xai-driving\examples\IMG\left_2026_05_16_13_00_08_269.jpg,C:\Users\acer\Documents\GitHub\temporal-xai-driving\examples\IMG\right_2026_05_16_13_00_08_269.jpg,0.5500001,1,0,30.13981
C:\Users\acer\Documents\GitHub\temporal-xai-driving\examples\IMG\center_2026_05_16_13_00_08_350.jpg,C:\Users\acer\Documents\GitHub\temporal-xai-driving\examples\IMG\left_2026_05_16_13_00_08_350.jpg,C:\Users\acer\Documents\GitHub\temporal-xai-driving\examples\IMG\right_2026_05_16_13_00_08_350.jpg,0.7500002,1,0,30.1149
C:\Users\acer\Documents\GitHub\temporal-xai-driving\examples\IMG\center_2026_05_16_13_00_08_430.jpg,C:\Users\acer\Documents\GitHub\temporal-xai-driving\examples\IMG\left_2026_05_16_13_00_08_430.jpg,C:\Users\acer\Documents\GitHub\temporal-xai-driving\examples\IMG\right_2026_05_16_13_00_08_430.jpg,0,1,0,30.16299
C:\Users\acer\Documents\GitHub\temporal-xai-driving\examples\IMG\center_2026_05_16_13_00_08_512.jpg,C:\Users\acer\Documents\GitHub\temporal-xai-driving\examples\IMG\left_2026_05_16_13_00_08_512.jpg,C:\Users\acer\Documents\GitHub\temporal-xai-driving\examples\IMG\right_2026_05_16_13_00_08_512.jpg,0,1,0,30.18046
C:\Users\acer\Documents\GitHub\temporal-xai-driving\examples\IMG\center_2026_05_16_13_00_08_593.jpg,C:\Users\acer\Documents\GitHub\temporal-xai-driving\examples\IMG\left_2026_05_16_13_00_08_593.jpg,C:\Users\acer\Documents\GitHub\temporal-xai-driving\examples\IMG\right_2026_05_16_13_00_08_593.jpg,0,1,0,30.18827
C:\Users\acer\Documents\GitHub\temporal-xai-driving\examples\IMG\center_2026_05_16_13_00_08_669.jpg,C:\Users\acer\Documents\GitHub\temporal-xai-driving\examples\IMG\left_2026_05_16_13_00_08_669.jpg,C:\Users\acer\Documents\GitHub\temporal-xai-driving\examples\IMG\right_2026_05_16_13_00_08_669.jpg,0,1,0,30.18999
C:\Users\acer\Documents\GitHub\temporal-xai-driving\examples\IMG\center_2026_05_16_13_00_08_748.jpg,C:\Users\acer\Documents\GitHub\temporal-xai-driving\examples\IMG\left_2026_05_16_13_00_08_748.jpg,C:\Users\acer\Documents\GitHub\temporal-xai-driving\examples\IMG\right_2026_05_16_13_00_08_748.jpg,0,1,0,30.19062
C:\Users\acer\Documents\GitHub\temporal-xai-driving\examples\IMG\center_2026_05_16_13_00_08_835.jpg,C:\Users\acer\Documents\GitHub\temporal-xai-driving\examples\IMG\left_2026_05_16_13_00_08_835.jpg,C:\Users\acer\Documents\GitHub\temporal-xai-driving\examples\IMG\right_2026_05_16_13_00_08_835.jpg,0,1,0,30.18958
C:\Users\acer\Documents\GitHub\temporal-xai-driving\examples\IMG\center_2026_05_16_13_00_08_914.jpg,C:\Users\acer\Documents\GitHub\temporal-xai-driving\examples\IMG\left_2026_05_16_13_00_08_914.jpg,C:\Users\acer\Documents\GitHub\temporal-xai-driving\examples\IMG\right_2026_05_16_13_00_08_914.jpg,0.2,1,0,30.1807
C:\Users\acer\Documents\GitHub\temporal-xai-driving\examples\IMG\center_2026_05_16_13_00_08_983.jpg,C:\Users\acer\Documents\GitHub\temporal-xai-driving\examples\IMG\left_2026_05_16_13_00_08_983.jpg,C:\Users\acer\Documents\GitHub\temporal-xai-driving\examples\IMG\right_2026_05_16_13_00_08_983.jpg,0.35,1,0,30.16418
C:\Users\acer\Documents\GitHub\temporal-xai-driving\examples\IMG\center_2026_05_16_13_00_09_059.jpg,C:\Users\acer\Documents\GitHub\temporal-xai-driving\examples\IMG\left_2026_05_16_13_00_09_059.jpg,C:\Users\acer\Documents\GitHub\temporal-xai-driving\examples\IMG\right_2026_05_16_13_00_09_059.jpg,0,1,0,30.18764
C:\Users\acer\Documents\GitHub\temporal-xai-driving\examples\IMG\center_2026_05_16_13_00_09_135.jpg,C:\Users\acer\Documents\GitHub\temporal-xai-driving\examples\IMG\left_2026_05_16_13_00_09_135.jpg,C:\Users\acer\Documents\GitHub\temporal-xai-driving\examples\IMG\right_2026_05_16_13_00_09_135.jpg,0,1,0,30.18951
C:\Users\acer\Documents\GitHub\temporal-xai-driving\examples\IMG\center_2026_05_16_13_00_09_210.jpg,C:\Users\acer\Documents\GitHub\temporal-xai-driving\examples\IMG\left_2026_05_16_13_00_09_210.jpg,C:\Users\acer\Documents\GitHub\temporal-xai-driving\examples\IMG\right_2026_05_16_13_00_09_210.jpg,0,1,0,30.19017
C:\Users\acer\Documents\GitHub\temporal-xai-driving\examples\IMG\center_2026_05_16_13_00_09_285.jpg,C:\Users\acer\Documents\GitHub\temporal-xai-driving\examples\IMG\left_2026_05_16_13_00_09_285.jpg,C:\Users\acer\Documents\GitHub\temporal-xai-driving\examples\IMG\right_2026_05_16_13_00_09_285.jpg,0,1,0,30.19033
C:\Users\acer\Documents\GitHub\temporal-xai-driving\examples\IMG\center_2026_05_16_13_00_09_359.jpg,C:\Users\acer\Documents\GitHub\temporal-xai-driving\examples\IMG\left_2026_05_16_13_00_09_359.jpg,C:\Users\acer\Documents\GitHub\temporal-xai-driving\examples\IMG\right_2026_05_16_13_00_09_359.jpg,0,1,0,30.19031
C:\Users\acer\Documents\GitHub\temporal-xai-driving\examples\IMG\center_2026_05_16_13_00_09_435.jpg,C:\Users\acer\Documents\GitHub\temporal-xai-driving\examples\IMG\left_2026_05_16_13_00_09_435.jpg,C:\Users\acer\Documents\GitHub\temporal-xai-driving\examples\IMG\right_2026_05_16_13_00_09_435.jpg,0,1,0,30.19029
C:\Users\acer\Documents\GitHub\temporal-xai-driving\examples\IMG\center_2026_05_16_13_00_09_510.jpg,C:\Users\acer\Documents\GitHub\temporal-xai-driving\examples\IMG\left_2026_05_16_13_00_09_510.jpg,C:\Users\acer\Documents\GitHub\temporal-xai-driving\examples\IMG\right_2026_05_16_13_00_09_510.jpg,0,1,0,30.19032
C:\Users\acer\Documents\GitHub\temporal-xai-driving\examples\IMG\center_2026_05_16_13_00_09_584.jpg,C:\Users\acer\Documents\GitHub\temporal-xai-driving\examples\IMG\left_2026_05_16_13_00_09_584.jpg,C:\Users\acer\Documents\GitHub\temporal-xai-driving\examples\IMG\right_2026_05_16_13_00_09_584.jpg,0,1,0,30.19029
C:\Users\acer\Documents\GitHub\temporal-xai-driving\examples\IMG\center_2026_05_16_13_00_09_659.jpg,C:\Users\acer\Documents\GitHub\temporal-xai-driving\examples\IMG\left_2026_05_16_13_00_09_659.jpg,C:\Users\acer\Documents\GitHub\temporal-xai-driving\examples\IMG\right_2026_05_16_13_00_09_659.jpg,0,1,0,30.1903
C:\Users\acer\Documents\GitHub\temporal-xai-driving\examples\IMG\center_2026_05_16_13_00_09_736.jpg,C:\Users\acer\Documents\GitHub\temporal-xai-driving\examples\IMG\left_2026_05_16_13_00_09_736.jpg,C:\Users\acer\Documents\GitHub\temporal-xai-driving\examples\IMG\right_2026_05_16_13_00_09_736.jpg,0,1,0,30.19031
C:\Users\acer\Documents\GitHub\temporal-xai-driving\examples\IMG\center_2026_05_16_13_00_09_812.jpg,C:\Users\acer\Documents\GitHub\temporal-xai-driving\examples\IMG\left_2026_05_16_13_00_09_812.jpg,C:\Users\acer\Documents\GitHub\temporal-xai-driving\examples\IMG\right_2026_05_16_13_00_09_812.jpg,0,1,0,30.1903
C:\Users\acer\Documents\GitHub\temporal-xai-driving\examples\IMG\center_2026_05_16_13_00_09_890.jpg,C:\Users\acer\Documents\GitHub\temporal-xai-driving\examples\IMG\left_2026_05_16_13_00_09_890.jpg,C:\Users\acer\Documents\GitHub\temporal-xai-driving\examples\IMG\right_2026_05_16_13_00_09_890.jpg,0.05,1,0,30.18969
C:\Users\acer\Documents\GitHub\temporal-xai-driving\examples\IMG\center_2026_05_16_13_00_09_965.jpg,C:\Users\acer\Documents\GitHub\temporal-xai-driving\examples\IMG\left_2026_05_16_13_00_09_965.jpg,C:\Users\acer\Documents\GitHub\temporal-xai-driving\examples\IMG\right_2026_05_16_13_00_09_965.jpg,0.25,1,0,30.17473
C:\Users\acer\Documents\GitHub\temporal-xai-driving\examples\IMG\center_2026_05_16_13_00_10_041.jpg,C:\Users\acer\Documents\GitHub\temporal-xai-driving\examples\IMG\left_2026_05_16_13_00_10_041.jpg,C:\Users\acer\Documents\GitHub\temporal-xai-driving\examples\IMG\right_2026_05_16_13_00_10_041.jpg,0.4,1,0,30.15743
C:\Users\acer\Documents\GitHub\temporal-xai-driving\examples\IMG\center_2026_05_16_13_00_10_118.jpg,C:\Users\acer\Documents\GitHub\temporal-xai-driving\examples\IMG\left_2026_05_16_13_00_10_118.jpg,C:\Users\acer\Documents\GitHub\temporal-xai-driving\examples\IMG\right_2026_05_16_13_00_10_118.jpg,0,1,0,30.17486
C:\Users\acer\Documents\GitHub\temporal-xai-driving\examples\IMG\center_2026_05_16_13_00_10_195.jpg,C:\Users\acer\Documents\GitHub\temporal-xai-driving\examples\IMG\left_2026_05_16_13_00_10_195.jpg,C:\Users\acer\Documents\GitHub\temporal-xai-driving\examples\IMG\right_2026_05_16_13_00_10_195.jpg,0,1,0,30.18769
C:\Users\acer\Documents\GitHub\temporal-xai-driving\examples\IMG\center_2026_05_16_13_00_10_271.jpg,C:\Users\acer\Documents\GitHub\temporal-xai-driving\examples\IMG\left_2026_05_16_13_00_10_271.jpg,C:\Users\acer\Documents\GitHub\temporal-xai-driving\examples\IMG\right_2026_05_16_13_00_10_271.jpg,0,1,0,30.18982
C:\Users\acer\Documents\GitHub\temporal-xai-driving\examples\IMG\center_2026_05_16_13_00_10_345.jpg,C:\Users\acer\Documents\GitHub\temporal-xai-driving\examples\IMG\left_2026_05_16_13_00_10_345.jpg,C:\Users\acer\Documents\GitHub\temporal-xai-driving\examples\IMG\right_2026_05_16_13_00_10_345.jpg,0,1,0,30.19022
C:\Users\acer\Documents\GitHub\temporal-xai-driving\examples\IMG\center_2026_05_16_13_00_10_420.jpg,C:\Users\acer\Documents\GitHub\temporal-xai-driving\examples\IMG\left_2026_05_16_13_00_10_420.jpg,C:\Users\acer\Documents\GitHub\temporal-xai-driving\examples\IMG\right_2026_05_16_13_00_10_420.jpg,0,1,0,30.19029
C:\Users\acer\Documents\GitHub\temporal-xai-driving\examples\IMG\center_2026_05_16_13_00_10_495.jpg,C:\Users\acer\Documents\GitHub\temporal-xai-driving\examples\IMG\left_2026_05_16_13_00_10_495.jpg,C:\Users\acer\Documents\GitHub\temporal-xai-driving\examples\IMG\right_2026_05_16_13_00_10_495.jpg,0,1,0,30.19029
C:\Users\acer\Documents\GitHub\temporal-xai-driving\examples\IMG\center_2026_05_16_13_00_10_569.jpg,C:\Users\acer\Documents\GitHub\temporal-xai-driving\examples\IMG\left_2026_05_16_13_00_10_569.jpg,C:\Users\acer\Documents\GitHub\temporal-xai-driving\examples\IMG\right_2026_05_16_13_00_10_569.jpg,0,1,0,30.19025
C:\Users\acer\Documents\GitHub\temporal-xai-driving\examples\IMG\center_2026_05_16_13_00_10_659.jpg,C:\Users\acer\Documents\GitHub\temporal-xai-driving\examples\IMG\left_2026_05_16_13_00_10_659.jpg,C:\Users\acer\Documents\GitHub\temporal-xai-driving\examples\IMG\right_2026_05_16_13_00_10_659.jpg,0,1,0,30.19028
C:\Users\acer\Documents\GitHub\temporal-xai-driving\examples\IMG\center_2026_05_16_13_00_10_756.jpg,C:\Users\acer\Documents\GitHub\temporal-xai-driving\examples\IMG\left_2026_05_16_13_00_10_756.jpg,C:\Users\acer\Documents\GitHub\temporal-xai-driving\examples\IMG\right_2026_05_16_13_00_10_756.jpg,0,1,0,30.19028
C:\Users\acer\Documents\GitHub\temporal-xai-driving\examples\IMG\center_2026_05_16_13_00_10_825.jpg,C:\Users\acer\Documents\GitHub\temporal-xai-driving\examples\IMG\left_2026_05_16_13_00_10_825.jpg,C:\Users\acer\Documents\GitHub\temporal-xai-driving\examples\IMG\right_2026_05_16_13_00_10_825.jpg,0,1,0,30.1903
C:\Users\acer\Documents\GitHub\temporal-xai-driving\examples\IMG\center_2026_05_16_13_00_10_904.jpg,C:\Users\acer\Documents\GitHub\temporal-xai-driving\examples\IMG\left_2026_05_16_13_00_10_904.jpg,C:\Users\acer\Documents\GitHub\temporal-xai-driving\examples\IMG\right_2026_05_16_13_00_10_904.jpg,0.1,1,0,30.18762
C:\Users\acer\Documents\GitHub\temporal-xai-driving\examples\IMG\center_2026_05_16_13_00_10_990.jpg,C:\Users\acer\Documents\GitHub\temporal-xai-driving\examples\IMG\left_2026_05_16_13_00_10_990.jpg,C:\Users\acer\Documents\GitHub\temporal-xai-driving\examples\IMG\right_2026_05_16_13_00_10_990.jpg,0.3,1,0,30.16919
C:\Users\acer\Documents\GitHub\temporal-xai-driving\examples\IMG\center_2026_05_16_13_00_11_063.jpg,C:\Users\acer\Documents\GitHub\temporal-xai-driving\examples\IMG\left_2026_05_16_13_00_11_063.jpg,C:\Users\acer\Documents\GitHub\temporal-xai-driving\examples\IMG\right_2026_05_16_13_00_11_063.jpg,0.45,1,0,30.15141
C:\Users\acer\Documents\GitHub\temporal-xai-driving\examples\IMG\center_2026_05_16_13_00_11_137.jpg,C:\Users\acer\Documents\GitHub\temporal-xai-driving\examples\IMG\left_2026_05_16_13_00_11_137.jpg,C:\Users\acer\Documents\GitHub\temporal-xai-driving\examples\IMG\right_2026_05_16_13_00_11_137.jpg,0,1,0,30.18835
C:\Users\acer\Documents\GitHub\temporal-xai-driving\examples\IMG\center_2026_05_16_13_00_11_210.jpg,C:\Users\acer\Documents\GitHub\temporal-xai-driving\examples\IMG\left_2026_05_16_13_00_11_210.jpg,C:\Users\acer\Documents\GitHub\temporal-xai-driving\examples\IMG\right_2026_05_16_13_00_11_210.jpg,0,1,0,30.18986
C:\Users\acer\Documents\GitHub\temporal-xai-driving\examples\IMG\center_2026_05_16_13_00_11_284.jpg,C:\Users\acer\Documents\GitHub\temporal-xai-driving\examples\IMG\left_2026_05_16_13_00_11_284.jpg,C:\Users\acer\Documents\GitHub\temporal-xai-driving\examples\IMG\right_2026_05_16_13_00_11_284.jpg,0,1,0,30.19023
C:\Users\acer\Documents\GitHub\temporal-xai-driving\examples\IMG\center_2026_05_16_13_00_11_358.jpg,C:\Users\acer\Documents\GitHub\temporal-xai-driving\examples\IMG\left_2026_05_16_13_00_11_358.jpg,C:\Users\acer\Documents\GitHub\temporal-xai-driving\examples\IMG\right_2026_05_16_13_00_11_358.jpg,0,1,0,30.19028
C:\Users\acer\Documents\GitHub\temporal-xai-driving\examples\IMG\center_2026_05_16_13_00_11_432.jpg,C:\Users\acer\Documents\GitHub\temporal-xai-driving\examples\IMG\left_2026_05_16_13_00_11_432.jpg,C:\Users\acer\Documents\GitHub\temporal-xai-driving\examples\IMG\right_2026_05_16_13_00_11_432.jpg,0,1,0,30.19031
C:\Users\acer\Documents\GitHub\temporal-xai-driving\examples\IMG\center_2026_05_16_13_00_11_505.jpg,C:\Users\acer\Documents\GitHub\temporal-xai-driving\examples\IMG\left_2026_05_16_13_00_11_505.jpg,C:\Users\acer\Documents\GitHub\temporal-xai-driving\examples\IMG\right_2026_05_16_13_00_11_505.jpg,0,1,0,30.19029
C:\Users\acer\Documents\GitHub\temporal-xai-driving\examples\IMG\center_2026_05_16_13_00_11_582.jpg,C:\Users\acer\Documents\GitHub\temporal-xai-driving\examples\IMG\left_2026_05_16_13_00_11_582.jpg,C:\Users\acer\Documents\GitHub\temporal-xai-driving\examples\IMG\right_2026_05_16_13_00_11_582.jpg,0.1,1,0,30.1878
C:\Users\acer\Documents\GitHub\temporal-xai-driving\examples\IMG\center_2026_05_16_13_00_11_653.jpg,C:\Users\acer\Documents\GitHub\temporal-xai-driving\examples\IMG\left_2026_05_16_13_00_11_653.jpg,C:\Users\acer\Documents\GitHub\temporal-xai-driving\examples\IMG\right_2026_05_16_13_00_11_653.jpg,0.3,1,0,30.16938
C:\Users\acer\Documents\GitHub\temporal-xai-driving\examples\IMG\center_2026_05_16_13_00_11_724.jpg,C:\Users\acer\Documents\GitHub\temporal-xai-driving\examples\IMG\left_2026_05_16_13_00_11_724.jpg,C:\Users\acer\Documents\GitHub\temporal-xai-driving\examples\IMG\right_2026_05_16_13_00_11_724.jpg,0,1,0,30.18995
C:\Users\acer\Documents\GitHub\temporal-xai-driving\examples\IMG\center_2026_05_16_13_00_11_919.jpg,C:\Users\acer\Documents\GitHub\temporal-xai-driving\examples\IMG\left_2026_05_16_13_00_11_919.jpg,C:\Users\acer\Documents\GitHub\temporal-xai-driving\examples\IMG\right_2026_05_16_13_00_11_919.jpg,0,0.4,0,29.9884
C:\Users\acer\Documents\GitHub\temporal-xai-driving\examples\IMG\center_2026_05_16_13_00_50_055.jpg,C:\Users\acer\Documents\GitHub\temporal-xai-driving\examples\IMG\left_2026_05_16_13_00_50_055.jpg,C:\Users\acer\Documents\GitHub\temporal-xai-driving\examples\IMG\right_2026_05_16_13_00_50_055.jpg,0,0.4,0,29.26118
C:\Users\acer\Documents\GitHub\temporal-xai-driving\examples\IMG\center_2026_05_16_13_00_50_139.jpg,C:\Users\acer\Documents\GitHub\temporal-xai-driving\examples\IMG\left_2026_05_16_13_00_50_139.jpg,C:\Users\acer\Documents\GitHub\temporal-xai-driving\examples\IMG\right_2026_05_16_13_00_50_139.jpg,0,0.4,0,29.41502
C:\Users\acer\Documents\GitHub\temporal-xai-driving\examples\IMG\center_2026_05_16_13_00_50_225.jpg,C:\Users\acer\Documents\GitHub\temporal-xai-driving\examples\IMG\left_2026_05_16_13_00_50_225.jpg,C:\Users\acer\Documents\GitHub\temporal-xai-driving\examples\IMG\right_2026_05_16_13_00_50_225.jpg,0,0.4,0,29.60557
C:\Users\acer\Documents\GitHub\temporal-xai-driving\examples\IMG\center_2026_05_16_13_00_50_308.jpg,C:\Users\acer\Documents\GitHub\temporal-xai-driving\examples\IMG\left_2026_05_16_13_00_50_308.jpg,C:\Users\acer\Documents\GitHub\temporal-xai-driving\examples\IMG\right_2026_05_16_13_00_50_308.jpg,0,0.4,0,29.75663
C:\Users\acer\Documents\GitHub\temporal-xai-driving\examples\IMG\center_2026_05_16_13_00_50_394.jpg,C:\Users\acer\Documents\GitHub\temporal-xai-driving\examples\IMG\left_2026_05_16_13_00_50_394.jpg,C:\Users\acer\Documents\GitHub\temporal-xai-driving\examples\IMG\right_2026_05_16_13_00_50_394.jpg,0,0.4,0,29.90648
C:\Users\acer\Documents\GitHub\temporal-xai-driving\examples\IMG\center_2026_05_16_13_00_50_479.jpg,C:\Users\acer\Documents\GitHub\temporal-xai-driving\examples\IMG\left_2026_05_16_13_00_50_479.jpg,C:\Users\acer\Documents\GitHub\temporal-xai-driving\examples\IMG\right_2026_05_16_13_00_50_479.jpg,0,0.4,0,30.03811
C:\Users\acer\Documents\GitHub\temporal-xai-driving\examples\IMG\center_2026_05_16_13_00_50_566.jpg,C:\Users\acer\Documents\GitHub\temporal-xai-driving\examples\IMG\left_2026_05_16_13_00_50_566.jpg,C:\Users\acer\Documents\GitHub\temporal-xai-driving\examples\IMG\right_2026_05_16_13_00_50_566.jpg,0,0.4,0,30.03865
C:\Users\acer\Documents\GitHub\temporal-xai-driving\examples\IMG\center_2026_05_16_13_00_50_651.jpg,C:\Users\acer\Documents\GitHub\temporal-xai-driving\examples\IMG\left_2026_05_16_13_00_50_651.jpg,C:\Users\acer\Documents\GitHub\temporal-xai-driving\examples\IMG\right_2026_05_16_13_00_50_651.jpg,0,0.4,0,30.03864
C:\Users\acer\Documents\GitHub\temporal-xai-driving\examples\IMG\center_2026_05_16_13_00_50_737.jpg,C:\Users\acer\Documents\GitHub\temporal-xai-driving\examples\IMG\left_2026_05_16_13_00_50_737.jpg,C:\Users\acer\Documents\GitHub\temporal-xai-driving\examples\IMG\right_2026_05_16_13_00_50_737.jpg,0,0.4,0,30.03863
C:\Users\acer\Documents\GitHub\temporal-xai-driving\examples\IMG\center_2026_05_16_13_00_50_823.jpg,C:\Users\acer\Documents\GitHub\temporal-xai-driving\examples\IMG\left_2026_05_16_13_00_50_823.jpg,C:\Users\acer\Documents\GitHub\temporal-xai-driving\examples\IMG\right_2026_05_16_13_00_50_823.jpg,0,0.4,0,30.03864
C:\Users\acer\Documents\GitHub\temporal-xai-driving\examples\IMG\center_2026_05_16_13_00_50_895.jpg,C:\Users\acer\Documents\GitHub\temporal-xai-driving\examples\IMG\left_2026_05_16_13_00_50_895.jpg,C:\Users\acer\Documents\GitHub\temporal-xai-driving\examples\IMG\right_2026_05_16_13_00_50_895.jpg,0.1,0.4,0,30.03612
C:\Users\acer\Documents\GitHub\temporal-xai-driving\examples\IMG\center_2026_05_16_13_00_50_975.jpg,C:\Users\acer\Documents\GitHub\temporal-xai-driving\examples\IMG\left_2026_05_16_13_00_50_975.jpg,C:\Users\acer\Documents\GitHub\temporal-xai-driving\examples\IMG\right_2026_05_16_13_00_50_975.jpg,0.3,0.4,0,30.01793
C:\Users\acer\Documents\GitHub\temporal-xai-driving\examples\IMG\center_2026_05_16_13_00_51_047.jpg,C:\Users\acer\Documents\GitHub\temporal-xai-driving\examples\IMG\left_2026_05_16_13_00_51_047.jpg,C:\Users\acer\Documents\GitHub\temporal-xai-driving\examples\IMG\right_2026_05_16_13_00_51_047.jpg,0.5000001,0.4,0,29.99423
C:\Users\acer\Documents\GitHub\temporal-xai-driving\examples\IMG\center_2026_05_16_13_00_51_132.jpg,C:\Users\acer\Documents\GitHub\temporal-xai-driving\examples\IMG\left_2026_05_16_13_00_51_132.jpg,C:\Users\acer\Documents\GitHub\temporal-xai-driving\examples\IMG\right_2026_05_16_13_00_51_132.jpg,0,0.4,0,30.01579
C:\Users\acer\Documents\GitHub\temporal-xai-driving\examples\IMG\center_2026_05_16_13_00_51_222.jpg,C:\Users\acer\Documents\GitHub\temporal-xai-driving\examples\IMG\left_2026_05_16_13_00_51_222.jpg,C:\Users\acer\Documents\GitHub\temporal-xai-driving\examples\IMG\right_2026_05_16_13_00_51_222.jpg,0,0.4,0,30.03648
C:\Users\acer\Documents\GitHub\temporal-xai-driving\examples\IMG\center_2026_05_16_13_00_51_289.jpg,C:\Users\acer\Documents\GitHub\temporal-xai-driving\examples\IMG\left_2026_05_16_13_00_51_289.jpg,C:\Users\acer\Documents\GitHub\temporal-xai-driving\examples\IMG\right_2026_05_16_13_00_51_289.jpg,0,0.4,0,30.03836
C:\Users\acer\Documents\GitHub\temporal-xai-driving\examples\IMG\center_2026_05_16_13_00_51_357.jpg,C:\Users\acer\Documents\GitHub\temporal-xai-driving\examples\IMG\left_2026_05_16_13_00_51_357.jpg,C:\Users\acer\Documents\GitHub\temporal-xai-driving\examples\IMG\right_2026_05_16_13_00_51_357.jpg,0,0.4,0,30.03872
C:\Users\acer\Documents\GitHub\temporal-xai-driving\examples\IMG\center_2026_05_16_13_00_51_425.jpg,C:\Users\acer\Documents\GitHub\temporal-xai-driving\examples\IMG\left_2026_05_16_13_00_51_425.jpg,C:\Users\acer\Documents\GitHub\temporal-xai-driving\examples\IMG\right_2026_05_16_13_00_51_425.jpg,0,0.4,0,30.03884
C:\Users\acer\Documents\GitHub\temporal-xai-driving\examples\IMG\center_2026_05_16_13_00_51_495.jpg,C:\Users\acer\Documents\GitHub\temporal-xai-driving\examples\IMG\left_2026_05_16_13_00_51_495.jpg,C:\Users\acer\Documents\GitHub\temporal-xai-driving\examples\IMG\right_2026_05_16_13_00_51_495.jpg,0.15,0.4,0,30.0339
C:\Users\acer\Documents\GitHub\temporal-xai-driving\examples\IMG\center_2026_05_16_13_00_51_566.jpg,C:\Users\acer\Documents\GitHub\temporal-xai-driving\examples\IMG\left_2026_05_16_13_00_51_566.jpg,C:\Users\acer\Documents\GitHub\temporal-xai-driving\examples\IMG\right_2026_05_16_13_00_51_566.jpg,0.35,0.4,0,30.01332
C:\Users\acer\Documents\GitHub\temporal-xai-driving\examples\IMG\center_2026_05_16_13_00_51_634.jpg,C:\Users\acer\Documents\GitHub\temporal-xai-driving\examples\IMG\left_2026_05_16_13_00_51_634.jpg,C:\Users\acer\Documents\GitHub\temporal-xai-driving\examples\IMG\right_2026_05_16_13_00_51_634.jpg,0,0.4,0,30.03818
C:\Users\acer\Documents\GitHub\temporal-xai-driving\examples\IMG\center_2026_05_16_13_00_51_707.jpg,C:\Users\acer\Documents\GitHub\temporal-xai-driving\examples\IMG\left_2026_05_16_13_00_51_707.jpg,C:\Users\acer\Documents\GitHub\temporal-xai-driving\examples\IMG\right_2026_05_16_13_00_51_707.jpg,0,0.4,0,30.03841
C:\Users\acer\Documents\GitHub\temporal-xai-driving\examples\IMG\center_2026_05_16_13_00_51_781.jpg,C:\Users\acer\Documents\GitHub\temporal-xai-driving\examples\IMG\left_2026_05_16_13_00_51_781.jpg,C:\Users\acer\Documents\GitHub\temporal-xai-driving\examples\IMG\right_2026_05_16_13_00_51_781.jpg,0,0.4,0,30.03877
C:\Users\acer\Documents\GitHub\temporal-xai-driving\examples\IMG\center_2026_05_16_13_00_51_854.jpg,C:\Users\acer\Documents\GitHub\temporal-xai-driving\examples\IMG\left_2026_05_16_13_00_51_854.jpg,C:\Users\acer\Documents\GitHub\temporal-xai-driving\examples\IMG\right_2026_05_16_13_00_51_854.jpg,0,0.4,0,30.03895
C:\Users\acer\Documents\GitHub\temporal-xai-driving\examples\IMG\center_2026_05_16_13_00_51_928.jpg,C:\Users\acer\Documents\GitHub\temporal-xai-driving\examples\IMG\left_2026_05_16_13_00_51_928.jpg,C:\Users\acer\Documents\GitHub\temporal-xai-driving\examples\IMG\right_2026_05_16_13_00_51_928.jpg,-0.15,0.4,0,30.03198
C:\Users\acer\Documents\GitHub\temporal-xai-driving\examples\IMG\center_2026_05_16_13_00_52_004.jpg,C:\Users\acer\Documents\GitHub\temporal-xai-driving\examples\IMG\left_2026_05_16_13_00_52_004.jpg,C:\Users\acer\Documents\GitHub\temporal-xai-driving\examples\IMG\right_2026_05_16_13_00_52_004.jpg,0,0.4,0,30.03798
C:\Users\acer\Documents\GitHub\temporal-xai-driving\examples\IMG\center_2026_05_16_13_00_52_078.jpg,C:\Users\acer\Documents\GitHub\temporal-xai-driving\examples\IMG\left_2026_05_16_13_00_52_078.jpg,C:\Users\acer\Documents\GitHub\temporal-xai-driving\examples\IMG\right_2026_05_16_13_00_52_078.jpg,0,0.4,0,30.03899
C:\Users\acer\Documents\GitHub\temporal-xai-driving\examples\IMG\center_2026_05_16_13_00_52_153.jpg,C:\Users\acer\Documents\GitHub\temporal-xai-driving\examples\IMG\left_2026_05_16_13_00_52_153.jpg,C:\Users\acer\Documents\GitHub\temporal-xai-driving\examples\IMG\right_2026_05_16_13_00_52_153.jpg,0,0.4,0,30.03896
C:\Users\acer\Documents\GitHub\temporal-xai-driving\examples\IMG\center_2026_05_16_13_00_52_228.jpg,C:\Users\acer\Documents\GitHub\temporal-xai-driving\examples\IMG\left_2026_05_16_13_00_52_228.jpg,C:\Users\acer\Documents\GitHub\temporal-xai-driving\examples\IMG\right_2026_05_16_13_00_52_228.jpg,0,0.4,0,30.03897
C:\Users\acer\Documents\GitHub\temporal-xai-driving\examples\IMG\center_2026_05_16_13_00_52_303.jpg,C:\Users\acer\Documents\GitHub\temporal-xai-driving\examples\IMG\left_2026_05_16_13_00_52_303.jpg,C:\Users\acer\Documents\GitHub\temporal-xai-driving\examples\IMG\right_2026_05_16_13_00_52_303.jpg,0,0.4,0,30.03897
C:\Users\acer\Documents\GitHub\temporal-xai-driving\examples\IMG\center_2026_05_16_13_00_52_378.jpg,C:\Users\acer\Documents\GitHub\temporal-xai-driving\examples\IMG\left_2026_05_16_13_00_52_378.jpg,C:\Users\acer\Documents\GitHub\temporal-xai-driving\examples\IMG\right_2026_05_16_13_00_52_378.jpg,-0.05,0.4,0,30.03843
C:\Users\acer\Documents\GitHub\temporal-xai-driving\examples\IMG\center_2026_05_16_13_00_52_455.jpg,C:\Users\acer\Documents\GitHub\temporal-xai-driving\examples\IMG\left_2026_05_16_13_00_52_455.jpg,C:\Users\acer\Documents\GitHub\temporal-xai-driving\examples\IMG\right_2026_05_16_13_00_52_455.jpg,-0.25,0.4,0,30.02355
C:\Users\acer\Documents\GitHub\temporal-xai-driving\examples\IMG\center_2026_05_16_13_00_52_530.jpg,C:\Users\acer\Documents\GitHub\temporal-xai-driving\examples\IMG\left_2026_05_16_13_00_52_530.jpg,C:\Users\acer\Documents\GitHub\temporal-xai-driving\examples\IMG\right_2026_05_16_13_00_52_530.jpg,0,0.4,0,30.03903
C:\Users\acer\Documents\GitHub\temporal-xai-driving\examples\IMG\center_2026_05_16_13_00_52_604.jpg,C:\Users\acer\Documents\GitHub\temporal-xai-driving\examples\IMG\left_2026_05_16_13_00_52_604.jpg,C:\Users\acer\Documents\GitHub\temporal-xai-driving\examples\IMG\right_2026_05_16_13_00_52_604.jpg,0,0.4,0,30.03889
C:\Users\acer\Documents\GitHub\temporal-xai-driving\examples\IMG\center_2026_05_16_13_00_52_681.jpg,C:\Users\acer\Documents\GitHub\temporal-xai-driving\examples\IMG\left_2026_05_16_13_00_52_681.jpg,C:\Users\acer\Documents\GitHub\temporal-xai-driving\examples\IMG\right_2026_05_16_13_00_52_681.jpg,-0.05,0.4,0,30.03857
C:\Users\acer\Documents\GitHub\temporal-xai-driving\examples\IMG\center_2026_05_16_13_00_52_749.jpg,C:\Users\acer\Documents\GitHub\temporal-xai-driving\examples\IMG\left_2026_05_16_13_00_52_749.jpg,C:\Users\acer\Documents\GitHub\temporal-xai-driving\examples\IMG\right_2026_05_16_13_00_52_749.jpg,0,0.4,0,30.03949
C:\Users\acer\Documents\GitHub\temporal-xai-driving\examples\IMG\center_2026_05_16_13_00_52_834.jpg,C:\Users\acer\Documents\GitHub\temporal-xai-driving\examples\IMG\left_2026_05_16_13_00_52_834.jpg,C:\Users\acer\Documents\GitHub\temporal-xai-driving\examples\IMG\right_2026_05_16_13_00_52_834.jpg,0,0.4,0,30.03892
C:\Users\acer\Documents\GitHub\temporal-xai-driving\examples\IMG\center_2026_05_16_13_00_52_911.jpg,C:\Users\acer\Documents\GitHub\temporal-xai-driving\examples\IMG\left_2026_05_16_13_00_52_911.jpg,C:\Users\acer\Documents\GitHub\temporal-xai-driving\examples\IMG\right_2026_05_16_13_00_52_911.jpg,0,0.4,0,30.03891
C:\Users\acer\Documents\GitHub\temporal-xai-driving\examples\IMG\center_2026_05_16_13_00_52_980.jpg,C:\Users\acer\Documents\GitHub\temporal-xai-driving\examples\IMG\left_2026_05_16_13_00_52_980.jpg,C:\Users\acer\Documents\GitHub\temporal-xai-driving\examples\IMG\right_2026_05_16_13_00_52_980.jpg,0,0.4,0,30.03891
C:\Users\acer\Documents\GitHub\temporal-xai-driving\examples\IMG\center_2026_05_16_13_00_53_069.jpg,C:\Users\acer\Documents\GitHub\temporal-xai-driving\examples\IMG\left_2026_05_16_13_00_53_069.jpg,C:\Users\acer\Documents\GitHub\temporal-xai-driving\examples\IMG\right_2026_05_16_13_00_53_069.jpg,-0.1,0.4,0,30.03638
C:\Users\acer\Documents\GitHub\temporal-xai-driving\examples\IMG\center_2026_05_16_13_00_53_147.jpg,C:\Users\acer\Documents\GitHub\temporal-xai-driving\examples\IMG\left_2026_05_16_13_00_53_147.jpg,C:\Users\acer\Documents\GitHub\temporal-xai-driving\examples\IMG\right_2026_05_16_13_00_53_147.jpg,-0.3,0.4,0,30.01794
C:\Users\acer\Documents\GitHub\temporal-xai-driving\examples\IMG\center_2026_05_16_13_00_53_221.jpg,C:\Users\acer\Documents\GitHub\temporal-xai-driving\examples\IMG\left_2026_05_16_13_00_53_221.jpg,C:\Users\acer\Documents\GitHub\temporal-xai-driving\examples\IMG\right_2026_05_16_13_00_53_221.jpg,0,0.4,0,30.03933
C:\Users\acer\Documents\GitHub\temporal-xai-driving\examples\IMG\center_2026_05_16_13_00_53_298.jpg,C:\Users\acer\Documents\GitHub\temporal-xai-driving\examples\IMG\left_2026_05_16_13_00_53_298.jpg,C:\Users\acer\Documents\GitHub\temporal-xai-driving\examples\IMG\right_2026_05_16_13_00_53_298.jpg,0,0.4,0,30.03853
C:\Users\acer\Documents\GitHub\temporal-xai-driving\examples\IMG\center_2026_05_16_13_00_53_373.jpg,C:\Users\acer\Documents\GitHub\temporal-xai-driving\examples\IMG\left_2026_05_16_13_00_53_373.jpg,C:\Users\acer\Documents\GitHub\temporal-xai-driving\examples\IMG\right_2026_05_16_13_00_53_373.jpg,0,0.4,0,30.03875
C:\Users\acer\Documents\GitHub\temporal-xai-driving\examples\IMG\center_2026_05_16_13_00_53_450.jpg,C:\Users\acer\Documents\GitHub\temporal-xai-driving\examples\IMG\left_2026_05_16_13_00_53_450.jpg,C:\Users\acer\Documents\GitHub\temporal-xai-driving\examples\IMG\right_2026_05_16_13_00_53_450.jpg,0,0.4,0,30.03881
C:\Users\acer\Documents\GitHub\temporal-xai-driving\examples\IMG\center_2026_05_16_13_00_53_530.jpg,C:\Users\acer\Documents\GitHub\temporal-xai-driving\examples\IMG\left_2026_05_16_13_00_53_530.jpg,C:\Users\acer\Documents\GitHub\temporal-xai-driving\examples\IMG\right_2026_05_16_13_00_53_530.jpg,0,0.4,0,30.03882
C:\Users\acer\Documents\GitHub\temporal-xai-driving\examples\IMG\center_2026_05_16_13_00_53_603.jpg,C:\Users\acer\Documents\GitHub\temporal-xai-driving\examples\IMG\left_2026_05_16_13_00_53_603.jpg,C:\Users\acer\Documents\GitHub\temporal-xai-driving\examples\IMG\right_2026_05_16_13_00_53_603.jpg,0,0.4,0,30.03883
C:\Users\acer\Documents\GitHub\temporal-xai-driving\examples\IMG\center_2026_05_16_13_00_53_679.jpg,C:\Users\acer\Documents\GitHub\temporal-xai-driving\examples\IMG\left_2026_05_16_13_00_53_679.jpg,C:\Users\acer\Documents\GitHub\temporal-xai-driving\examples\IMG\right_2026_05_16_13_00_53_679.jpg,0,0.4,0,30.03882
C:\Users\acer\Documents\GitHub\temporal-xai-driving\examples\IMG\center_2026_05_16_13_00_53_755.jpg,C:\Users\acer\Documents\GitHub\temporal-xai-driving\examples\IMG\left_2026_05_16_13_00_53_755.jpg,C:\Users\acer\Documents\GitHub\temporal-xai-driving\examples\IMG\right_2026_05_16_13_00_53_755.jpg,0,0.4,0,30.03072
C:\Users\acer\Documents\GitHub\temporal-xai-driving\examples\IMG\center_2026_05_16_13_00_53_832.jpg,C:\Users\acer\Documents\GitHub\temporal-xai-driving\examples\IMG\left_2026_05_16_13_00_53_832.jpg,C:\Users\acer\Documents\GitHub\temporal-xai-driving\examples\IMG\right_2026_05_16_13_00_53_832.jpg,0,0.4,0,30.04062
C:\Users\acer\Documents\GitHub\temporal-xai-driving\examples\IMG\center_2026_05_16_13_00_53_908.jpg,C:\Users\acer\Documents\GitHub\temporal-xai-driving\examples\IMG\left_2026_05_16_13_00_53_908.jpg,C:\Users\acer\Documents\GitHub\temporal-xai-driving\examples\IMG\right_2026_05_16_13_00_53_908.jpg,0,0.4,0,30.1772
C:\Users\acer\Documents\GitHub\temporal-xai-driving\examples\IMG\center_2026_05_16_13_00_53_984.jpg,C:\Users\acer\Documents\GitHub\temporal-xai-driving\examples\IMG\left_2026_05_16_13_00_53_984.jpg,C:\Users\acer\Documents\GitHub\temporal-xai-driving\examples\IMG\right_2026_05_16_13_00_53_984.jpg,0,0.4,0,30.01974
C:\Users\acer\Documents\GitHub\temporal-xai-driving\examples\IMG\center_2026_05_16_13_00_54_060.jpg,C:\Users\acer\Documents\GitHub\temporal-xai-driving\examples\IMG\left_2026_05_16_13_00_54_060.jpg,C:\Users\acer\Documents\GitHub\temporal-xai-driving\examples\IMG\right_2026_05_16_13_00_54_060.jpg,0,0.4,0,30.04113
C:\Users\acer\Documents\GitHub\temporal-xai-driving\examples\IMG\center_2026_05_16_13_00_54_136.jpg,C:\Users\acer\Documents\GitHub\temporal-xai-driving\examples\IMG\left_2026_05_16_13_00_54_136.jpg,C:\Users\acer\Documents\GitHub\temporal-xai-driving\examples\IMG\right_2026_05_16_13_00_54_136.jpg,0,0.4,0,30.03848
C:\Users\acer\Documents\GitHub\temporal-xai-driving\examples\IMG\center_2026_05_16_13_00_54_213.jpg,C:\Users\acer\Documents\GitHub\temporal-xai-driving\examples\IMG\left_2026_05_16_13_00_54_213.jpg,C:\Users\acer\Documents\GitHub\temporal-xai-driving\examples\IMG\right_2026_05_16_13_00_54_213.jpg,0,0.4,0,30.03822
C:\Users\acer\Documents\GitHub\temporal-xai-driving\examples\IMG\center_2026_05_16_13_00_54_290.jpg,C:\Users\acer\Documents\GitHub\temporal-xai-driving\examples\IMG\left_2026_05_16_13_00_54_290.jpg,C:\Users\acer\Documents\GitHub\temporal-xai-driving\examples\IMG\right_2026_05_16_13_00_54_290.jpg,0.05,0.4,0,30.03772
C:\Users\acer\Documents\GitHub\temporal-xai-driving\examples\IMG\center_2026_05_16_13_00_54_366.jpg,C:\Users\acer\Documents\GitHub\temporal-xai-driving\examples\IMG\left_2026_05_16_13_00_54_366.jpg,C:\Users\acer\Documents\GitHub\temporal-xai-driving\examples\IMG\right_2026_05_16_13_00_54_366.jpg,0.25,0.4,0,30.0229
C:\Users\acer\Documents\GitHub\temporal-xai-driving\examples\IMG\center_2026_05_16_13_00_54_445.jpg,C:\Users\acer\Documents\GitHub\temporal-xai-driving\examples\IMG\left_2026_05_16_13_00_54_445.jpg,C:\Users\acer\Documents\GitHub\temporal-xai-driving\examples\IMG\right_2026_05_16_13_00_54_445.jpg,0,0.4,0,30.03649
C:\Users\acer\Documents\GitHub\temporal-xai-driving\examples\IMG\center_2026_05_16_13_00_54_521.jpg,C:\Users\acer\Documents\GitHub\temporal-xai-driving\examples\IMG\left_2026_05_16_13_00_54_521.jpg,C:\Users\acer\Documents\GitHub\temporal-xai-driving\examples\IMG\right_2026_05_16_13_00_54_521.jpg,0,0.4,0,30.03817
C:\Users\acer\Documents\GitHub\temporal-xai-driving\examples\IMG\center_2026_05_16_13_00_54_600.jpg,C:\Users\acer\Documents\GitHub\temporal-xai-driving\examples\IMG\left_2026_05_16_13_00_54_600.jpg,C:\Users\acer\Documents\GitHub\temporal-xai-driving\examples\IMG\right_2026_05_16_13_00_54_600.jpg,0,0.4,0,30.03831
C:\Users\acer\Documents\GitHub\temporal-xai-driving\examples\IMG\center_2026_05_16_13_00_54_680.jpg,C:\Users\acer\Documents\GitHub\temporal-xai-driving\examples\IMG\left_2026_05_16_13_00_54_680.jpg,C:\Users\acer\Documents\GitHub\temporal-xai-driving\examples\IMG\right_2026_05_16_13_00_54_680.jpg,0,0.4,0,30.03835
C:\Users\acer\Documents\GitHub\temporal-xai-driving\examples\IMG\center_2026_05_16_13_00_54_771.jpg,C:\Users\acer\Documents\GitHub\temporal-xai-driving\examples\IMG\left_2026_05_16_13_00_54_771.jpg,C:\Users\acer\Documents\GitHub\temporal-xai-driving\examples\IMG\right_2026_05_16_13_00_54_771.jpg,0,0.4,0,30.03837
C:\Users\acer\Documents\GitHub\temporal-xai-driving\examples\IMG\center_2026_05_16_13_00_54_857.jpg,C:\Users\acer\Documents\GitHub\temporal-xai-driving\examples\IMG\left_2026_05_16_13_00_54_857.jpg,C:\Users\acer\Documents\GitHub\temporal-xai-driving\examples\IMG\right_2026_05_16_13_00_54_857.jpg,0,0.4,0,30.03838
C:\Users\acer\Documents\GitHub\temporal-xai-driving\examples\IMG\center_2026_05_16_13_00_54_938.jpg,C:\Users\acer\Documents\GitHub\temporal-xai-driving\examples\IMG\left_2026_05_16_13_00_54_938.jpg,C:\Users\acer\Documents\GitHub\temporal-xai-driving\examples\IMG\right_2026_05_16_13_00_54_938.jpg,0,0.4,0,30.03838
C:\Users\acer\Documents\GitHub\temporal-xai-driving\examples\IMG\center_2026_05_16_13_00_55_020.jpg,C:\Users\acer\Documents\GitHub\temporal-xai-driving\examples\IMG\left_2026_05_16_13_00_55_020.jpg,C:\Users\acer\Documents\GitHub\temporal-xai-driving\examples\IMG\right_2026_05_16_13_00_55_020.jpg,0,0.4,0,30.03838
C:\Users\acer\Documents\GitHub\temporal-xai-driving\examples\IMG\center_2026_05_16_13_00_55_100.jpg,C:\Users\acer\Documents\GitHub\temporal-xai-driving\examples\IMG\left_2026_05_16_13_00_55_100.jpg,C:\Users\acer\Documents\GitHub\temporal-xai-driving\examples\IMG\right_2026_05_16_13_00_55_100.jpg,0,0.4,0,30.03837
C:\Users\acer\Documents\GitHub\temporal-xai-driving\examples\IMG\center_2026_05_16_13_00_55_181.jpg,C:\Users\acer\Documents\GitHub\temporal-xai-driving\examples\IMG\left_2026_05_16_13_00_55_181.jpg,C:\Users\acer\Documents\GitHub\temporal-xai-driving\examples\IMG\right_2026_05_16_13_00_55_181.jpg,0,0.4,0,30.03839
C:\Users\acer\Documents\GitHub\temporal-xai-driving\examples\IMG\center_2026_05_16_13_00_55_260.jpg,C:\Users\acer\Documents\GitHub\temporal-xai-driving\examples\IMG\left_2026_05_16_13_00_55_260.jpg,C:\Users\acer\Documents\GitHub\temporal-xai-driving\examples\IMG\right_2026_05_16_13_00_55_260.jpg,0,0.4,0,30.03838
C:\Users\acer\Documents\GitHub\temporal-xai-driving\examples\IMG\center_2026_05_16_13_00_55_341.jpg,C:\Users\acer\Documents\GitHub\temporal-xai-driving\examples\IMG\left_2026_05_16_13_00_55_341.jpg,C:\Users\acer\Documents\GitHub\temporal-xai-driving\examples\IMG\right_2026_05_16_13_00_55_341.jpg,0,0.4,0,30.03844
C:\Users\acer\Documents\GitHub\temporal-xai-driving\examples\IMG\center_2026_05_16_13_00_55_423.jpg,C:\Users\acer\Documents\GitHub\temporal-xai-driving\examples\IMG\left_2026_05_16_13_00_55_423.jpg,C:\Users\acer\Documents\GitHub\temporal-xai-driving\examples\IMG\right_2026_05_16_13_00_55_423.jpg,0,0.4,0,30.03839
C:\Users\acer\Documents\GitHub\temporal-xai-driving\examples\IMG\center_2026_05_16_13_00_55_502.jpg,C:\Users\acer\Documents\GitHub\temporal-xai-driving\examples\IMG\left_2026_05_16_13_00_55_502.jpg,C:\Users\acer\Documents\GitHub\temporal-xai-driving\examples\IMG\right_2026_05_16_13_00_55_502.jpg,0,0.4,0,30.03837
C:\Users\acer\Documents\GitHub\temporal-xai-driving\examples\IMG\center_2026_05_16_13_00_55_584.jpg,C:\Users\acer\Documents\GitHub\temporal-xai-driving\examples\IMG\left_2026_05_16_13_00_55_584.jpg,C:\Users\acer\Documents\GitHub\temporal-xai-driving\examples\IMG\right_2026_05_16_13_00_55_584.jpg,0.05,0.4,0,30.0378
C:\Users\acer\Documents\GitHub\temporal-xai-driving\examples\IMG\center_2026_05_16_13_00_55_666.jpg,C:\Users\acer\Documents\GitHub\temporal-xai-driving\examples\IMG\left_2026_05_16_13_00_55_666.jpg,C:\Users\acer\Documents\GitHub\temporal-xai-driving\examples\IMG\right_2026_05_16_13_00_55_666.jpg,0.3,0.4,0,30.01741
C:\Users\acer\Documents\GitHub\temporal-xai-driving\examples\IMG\center_2026_05_16_13_00_55_746.jpg,C:\Users\acer\Documents\GitHub\temporal-xai-driving\examples\IMG\left_2026_05_16_13_00_55_746.jpg,C:\Users\acer\Documents\GitHub\temporal-xai-driving\examples\IMG\right_2026_05_16_13_00_55_746.jpg,0.5000001,0.4,0,29.99324
C:\Users\acer\Documents\GitHub\temporal-xai-driving\examples\IMG\center_2026_05_16_13_00_55_829.jpg,C:\Users\acer\Documents\GitHub\temporal-xai-driving\examples\IMG\left_2026_05_16_13_00_55_829.jpg,C:\Users\acer\Documents\GitHub\temporal-xai-driving\examples\IMG\right_2026_05_16_13_00_55_829.jpg,0,0.4,0,30.03584
C:\Users\acer\Documents\GitHub\temporal-xai-driving\examples\IMG\center_2026_05_16_13_00_55_913.jpg,C:\Users\acer\Documents\GitHub\temporal-xai-driving\examples\IMG\left_2026_05_16_13_00_55_913.jpg,C:\Users\acer\Documents\GitHub\temporal-xai-driving\examples\IMG\right_2026_05_16_13_00_55_913.jpg,0,0.4,0,30.03776
C:\Users\acer\Documents\GitHub\temporal-xai-driving\examples\IMG\center_2026_05_16_13_00_55_996.jpg,C:\Users\acer\Documents\GitHub\temporal-xai-driving\examples\IMG\left_2026_05_16_13_00_55_996.jpg,C:\Users\acer\Documents\GitHub\temporal-xai-driving\examples\IMG\right_2026_05_16_13_00_55_996.jpg,0,0.4,0,30.03825
C:\Users\acer\Documents\GitHub\temporal-xai-driving\examples\IMG\center_2026_05_16_13_00_56_084.jpg,C:\Users\acer\Documents\GitHub\temporal-xai-driving\examples\IMG\left_2026_05_16_13_00_56_084.jpg,C:\Users\acer\Documents\GitHub\temporal-xai-driving\examples\IMG\right_2026_05_16_13_00_56_084.jpg,0,0.4,0,30.03836
C:\Users\acer\Documents\GitHub\temporal-xai-driving\examples\IMG\center_2026_05_16_13_00_56_171.jpg,C:\Users\acer\Documents\GitHub\temporal-xai-driving\examples\IMG\left_2026_05_16_13_00_56_171.jpg,C:\Users\acer\Documents\GitHub\temporal-xai-driving\examples\IMG\right_2026_05_16_13_00_56_171.jpg,0,0.4,0,30.0384
C:\Users\acer\Documents\GitHub\temporal-xai-driving\examples\IMG\center_2026_05_16_13_00_56_260.jpg,C:\Users\acer\Documents\GitHub\temporal-xai-driving\examples\IMG\left_2026_05_16_13_00_56_260.jpg,C:\Users\acer\Documents\GitHub\temporal-xai-driving\examples\IMG\right_2026_05_16_13_00_56_260.jpg,0,0.4,0,30.03838
C:\Users\acer\Documents\GitHub\temporal-xai-driving\examples\IMG\center_2026_05_16_13_00_56_348.jpg,C:\Users\acer\Documents\GitHub\temporal-xai-driving\examples\IMG\left_2026_05_16_13_00_56_348.jpg,C:\Users\acer\Documents\GitHub\temporal-xai-driving\examples\IMG\right_2026_05_16_13_00_56_348.jpg,0,0.4,0,30.03838
C:\Users\acer\Documents\GitHub\temporal-xai-driving\examples\IMG\center_2026_05_16_13_00_56_436.jpg,C:\Users\acer\Documents\GitHub\temporal-xai-driving\examples\IMG\left_2026_05_16_13_00_56_436.jpg,C:\Users\acer\Documents\GitHub\temporal-xai-driving\examples\IMG\right_2026_05_16_13_00_56_436.jpg,0,0.4,0,30.03838
C:\Users\acer\Documents\GitHub\temporal-xai-driving\examples\IMG\center_2026_05_16_13_00_56_523.jpg,C:\Users\acer\Documents\GitHub\temporal-xai-driving\examples\IMG\left_2026_05_16_13_00_56_523.jpg,C:\Users\acer\Documents\GitHub\temporal-xai-driving\examples\IMG\right_2026_05_16_13_00_56_523.jpg,0,0.4,0,30.03837
C:\Users\acer\Documents\GitHub\temporal-xai-driving\examples\IMG\center_2026_05_16_13_00_56_612.jpg,C:\Users\acer\Documents\GitHub\temporal-xai-driving\examples\IMG\left_2026_05_16_13_00_56_612.jpg,C:\Users\acer\Documents\GitHub\temporal-xai-driving\examples\IMG\right_2026_05_16_13_00_56_612.jpg,0,0.4,0,30.03837
C:\Users\acer\Documents\GitHub\temporal-xai-driving\examples\IMG\center_2026_05_16_13_00_56_701.jpg,C:\Users\acer\Documents\GitHub\temporal-xai-driving\examples\IMG\left_2026_05_16_13_00_56_701.jpg,C:\Users\acer\Documents\GitHub\temporal-xai-driving\examples\IMG\right_2026_05_16_13_00_56_701.jpg,0,0.4,0,30.03837
C:\Users\acer\Documents\GitHub\temporal-xai-driving\examples\IMG\center_2026_05_16_13_00_56_790.jpg,C:\Users\acer\Documents\GitHub\temporal-xai-driving\examples\IMG\left_2026_05_16_13_00_56_790.jpg,C:\Users\acer\Documents\GitHub\temporal-xai-driving\examples\IMG\right_2026_05_16_13_00_56_790.jpg,0,0.4,0,30.03836
C:\Users\acer\Documents\GitHub\temporal-xai-driving\examples\IMG\center_2026_05_16_13_00_56_883.jpg,C:\Users\acer\Documents\GitHub\temporal-xai-driving\examples\IMG\left_2026_05_16_13_00_56_883.jpg,C:\Users\acer\Documents\GitHub\temporal-xai-driving\examples\IMG\right_2026_05_16_13_00_56_883.jpg,0,0.4,0,30.03837
C:\Users\acer\Documents\GitHub\temporal-xai-driving\examples\IMG\center_2026_05_16_13_00_56_971.jpg,C:\Users\acer\Documents\GitHub\temporal-xai-driving\examples\IMG\left_2026_05_16_13_00_56_971.jpg,C:\Users\acer\Documents\GitHub\temporal-xai-driving\examples\IMG\right_2026_05_16_13_00_56_971.jpg,0,0.4,0,30.0384
C:\Users\acer\Documents\GitHub\temporal-xai-driving\examples\IMG\center_2026_05_16_13_00_57_065.jpg,C:\Users\acer\Documents\GitHub\temporal-xai-driving\examples\IMG\left_2026_05_16_13_00_57_065.jpg,C:\Users\acer\Documents\GitHub\temporal-xai-driving\examples\IMG\right_2026_05_16_13_00_57_065.jpg,0,0.4,0,30.03839
C:\Users\acer\Documents\GitHub\temporal-xai-driving\examples\IMG\center_2026_05_16_13_00_57_156.jpg,C:\Users\acer\Documents\GitHub\temporal-xai-driving\examples\IMG\left_2026_05_16_13_00_57_156.jpg,C:\Users\acer\Documents\GitHub\temporal-xai-driving\examples\IMG\right_2026_05_16_13_00_57_156.jpg,0,0.4,0,30.03836
C:\Users\acer\Documents\GitHub\temporal-xai-driving\examples\IMG\center_2026_05_16_13_00_57_247.jpg,C:\Users\acer\Documents\GitHub\temporal-xai-driving\examples\IMG\left_2026_05_16_13_00_57_247.jpg,C:\Users\acer\Documents\GitHub\temporal-xai-driving\examples\IMG\right_2026_05_16_13_00_57_247.jpg,0,0.4,0,30.03834
C:\Users\acer\Documents\GitHub\temporal-xai-driving\examples\IMG\center_2026_05_16_13_00_57_339.jpg,C:\Users\acer\Documents\GitHub\temporal-xai-driving\examples\IMG\left_2026_05_16_13_00_57_339.jpg,C:\Users\acer\Documents\GitHub\temporal-xai-driving\examples\IMG\right_2026_05_16_13_00_57_339.jpg,0.2,0.4,0,30.02799
C:\Users\acer\Documents\GitHub\temporal-xai-driving\examples\IMG\center_2026_05_16_13_00_57_429.jpg,C:\Users\acer\Documents\GitHub\temporal-xai-driving\examples\IMG\left_2026_05_16_13_00_57_429.jpg,C:\Users\acer\Documents\GitHub\temporal-xai-driving\examples\IMG\right_2026_05_16_13_00_57_429.jpg,0.45,0.4,0,29.99968
C:\Users\acer\Documents\GitHub\temporal-xai-driving\examples\IMG\center_2026_05_16_13_00_57_523.jpg,C:\Users\acer\Documents\GitHub\temporal-xai-driving\examples\IMG\left_2026_05_16_13_00_57_523.jpg,C:\Users\acer\Documents\GitHub\temporal-xai-driving\examples\IMG\right_2026_05_16_13_00_57_523.jpg,0,0.4,0,30.03674
C:\Users\acer\Documents\GitHub\temporal-xai-driving\examples\IMG\center_2026_05_16_13_00_57_617.jpg,C:\Users\acer\Documents\GitHub\temporal-xai-driving\examples\IMG\left_2026_05_16_13_00_57_617.jpg,C:\Users\acer\Documents\GitHub\temporal-xai-driving\examples\IMG\right_2026_05_16_13_00_57_617.jpg,0,0.4,0,30.03804
C:\Users\acer\Documents\GitHub\temporal-xai-driving\examples\IMG\center_2026_05_16_13_00_57_708.jpg,C:\Users\acer\Documents\GitHub\temporal-xai-driving\examples\IMG\left_2026_05_16_13_00_57_708.jpg,C:\Users\acer\Documents\GitHub\temporal-xai-driving\examples\IMG\right_2026_05_16_13_00_57_708.jpg,0,0.4,0,30.03834
C:\Users\acer\Documents\GitHub\temporal-xai-driving\examples\IMG\center_2026_05_16_13_00_57_801.jpg,C:\Users\acer\Documents\GitHub\temporal-xai-driving\examples\IMG\left_2026_05_16_13_00_57_801.jpg,C:\Users\acer\Documents\GitHub\temporal-xai-driving\examples\IMG\right_2026_05_16_13_00_57_801.jpg,0,0.4,0,30.03838
C:\Users\acer\Documents\GitHub\temporal-xai-driving\examples\IMG\center_2026_05_16_13_00_57_893.jpg,C:\Users\acer\Documents\GitHub\temporal-xai-driving\examples\IMG\left_2026_05_16_13_00_57_893.jpg,C:\Users\acer\Documents\GitHub\temporal-xai-driving\examples\IMG\right_2026_05_16_13_00_57_893.jpg,0,0.4,0,30.03841
C:\Users\acer\Documents\GitHub\temporal-xai-driving\examples\IMG\center_2026_05_16_13_00_57_987.jpg,C:\Users\acer\Documents\GitHub\temporal-xai-driving\examples\IMG\left_2026_05_16_13_00_57_987.jpg,C:\Users\acer\Documents\GitHub\temporal-xai-driving\examples\IMG\right_2026_05_16_13_00_57_987.jpg,0.1,0.4,0,30.03577
C:\Users\acer\Documents\GitHub\temporal-xai-driving\examples\IMG\center_2026_05_16_13_00_58_078.jpg,C:\Users\acer\Documents\GitHub\temporal-xai-driving\examples\IMG\left_2026_05_16_13_00_58_078.jpg,C:\Users\acer\Documents\GitHub\temporal-xai-driving\examples\IMG\right_2026_05_16_13_00_58_078.jpg,0.3,0.4,0,30.0172
C:\Users\acer\Documents\GitHub\temporal-xai-driving\examples\IMG\center_2026_05_16_13_00_58_169.jpg,C:\Users\acer\Documents\GitHub\temporal-xai-driving\examples\IMG\left_2026_05_16_13_00_58_169.jpg,C:\Users\acer\Documents\GitHub\temporal-xai-driving\examples\IMG\right_2026_05_16_13_00_58_169.jpg,0,0.4,0,30.03641
C:\Users\acer\Documents\GitHub\temporal-xai-driving\examples\IMG\center_2026_05_16_13_00_58_260.jpg,C:\Users\acer\Documents\GitHub\temporal-xai-driving\examples\IMG\left_2026_05_16_13_00_58_260.jpg,C:\Users\acer\Documents\GitHub\temporal-xai-driving\examples\IMG\right_2026_05_16_13_00_58_260.jpg,0,0.4,0,30.03711
C:\Users\acer\Documents\GitHub\temporal-xai-driving\examples\IMG\center_2026_05_16_13_00_58_349.jpg,C:\Users\acer\Documents\GitHub\temporal-xai-driving\examples\IMG\left_2026_05_16_13_00_58_349.jpg,C:\Users\acer\Documents\GitHub\temporal-xai-driving\examples\IMG\right_2026_05_16_13_00_58_349.jpg,0,0.4,0,30.03783
C:\Users\acer\Documents\GitHub\temporal-xai-driving\examples\IMG\center_2026_05_16_13_00_58_439.jpg,C:\Users\acer\Documents\GitHub\temporal-xai-driving\examples\IMG\left_2026_05_16_13_00_58_439.jpg,C:\Users\acer\Documents\GitHub\temporal-xai-driving\examples\IMG\right_2026_05_16_13_00_58_439.jpg,0,0.4,0,30.03791
C:\Users\acer\Documents\GitHub\temporal-xai-driving\examples\IMG\center_2026_05_16_13_00_58_529.jpg,C:\Users\acer\Documents\GitHub\temporal-xai-driving\examples\IMG\left_2026_05_16_13_00_58_529.jpg,C:\Users\acer\Documents\GitHub\temporal-xai-driving\examples\IMG\right_2026_05_16_13_00_58_529.jpg,0,0.4,0,30.03791
C:\Users\acer\Documents\GitHub\temporal-xai-driving\examples\IMG\center_2026_05_16_13_00_58_618.jpg,C:\Users\acer\Documents\GitHub\temporal-xai-driving\examples\IMG\left_2026_05_16_13_00_58_618.jpg,C:\Users\acer\Documents\GitHub\temporal-xai-driving\examples\IMG\right_2026_05_16_13_00_58_618.jpg,0,0.4,0,30.03788
C:\Users\acer\Documents\GitHub\temporal-xai-driving\examples\IMG\center_2026_05_16_13_00_58_724.jpg,C:\Users\acer\Documents\GitHub\temporal-xai-driving\examples\IMG\left_2026_05_16_13_00_58_724.jpg,C:\Users\acer\Documents\GitHub\temporal-xai-driving\examples\IMG\right_2026_05_16_13_00_58_724.jpg,0,0.4,0,30.03805
C:\Users\acer\Documents\GitHub\temporal-xai-driving\examples\IMG\center_2026_05_16_13_00_58_800.jpg,C:\Users\acer\Documents\GitHub\temporal-xai-driving\examples\IMG\left_2026_05_16_13_00_58_800.jpg,C:\Users\acer\Documents\GitHub\temporal-xai-driving\examples\IMG\right_2026_05_16_13_00_58_800.jpg,0,0.4,0,30.03805
C:\Users\acer\Documents\GitHub\temporal-xai-driving\examples\IMG\center_2026_05_16_13_00_58_874.jpg,C:\Users\acer\Documents\GitHub\temporal-xai-driving\examples\IMG\left_2026_05_16_13_00_58_874.jpg,C:\Users\acer\Documents\GitHub\temporal-xai-driving\examples\IMG\right_2026_05_16_13_00_58_874.jpg,0,0.4,0,30.0381
C:\Users\acer\Documents\GitHub\temporal-xai-driving\examples\IMG\center_2026_05_16_13_00_58_952.jpg,C:\Users\acer\Documents\GitHub\temporal-xai-driving\examples\IMG\left_2026_05_16_13_00_58_952.jpg,C:\Users\acer\Documents\GitHub\temporal-xai-driving\examples\IMG\right_2026_05_16_13_00_58_952.jpg,0,0.4,0,30.03816
C:\Users\acer\Documents\GitHub\temporal-xai-driving\examples\IMG\center_2026_05_16_13_00_59_024.jpg,C:\Users\acer\Documents\GitHub\temporal-xai-driving\examples\IMG\left_2026_05_16_13_00_59_024.jpg,C:\Users\acer\Documents\GitHub\temporal-xai-driving\examples\IMG\right_2026_05_16_13_00_59_024.jpg,0,0.4,0,30.03813
C:\Users\acer\Documents\GitHub\temporal-xai-driving\examples\IMG\center_2026_05_16_13_00_59_097.jpg,C:\Users\acer\Documents\GitHub\temporal-xai-driving\examples\IMG\left_2026_05_16_13_00_59_097.jpg,C:\Users\acer\Documents\GitHub\temporal-xai-driving\examples\IMG\right_2026_05_16_13_00_59_097.jpg,0,0.4,0,30.03809
C:\Users\acer\Documents\GitHub\temporal-xai-driving\examples\IMG\center_2026_05_16_13_00_59_187.jpg,C:\Users\acer\Documents\GitHub\temporal-xai-driving\examples\IMG\left_2026_05_16_13_00_59_187.jpg,C:\Users\acer\Documents\GitHub\temporal-xai-driving\examples\IMG\right_2026_05_16_13_00_59_187.jpg,0,0.4,0,30.0381
C:\Users\acer\Documents\GitHub\temporal-xai-driving\examples\IMG\center_2026_05_16_13_00_59_278.jpg,C:\Users\acer\Documents\GitHub\temporal-xai-driving\examples\IMG\left_2026_05_16_13_00_59_278.jpg,C:\Users\acer\Documents\GitHub\temporal-xai-driving\examples\IMG\right_2026_05_16_13_00_59_278.jpg,-0.2,0.4,0,30.02763
C:\Users\acer\Documents\GitHub\temporal-xai-driving\examples\IMG\center_2026_05_16_13_00_59_369.jpg,C:\Users\acer\Documents\GitHub\temporal-xai-driving\examples\IMG\left_2026_05_16_13_00_59_369.jpg,C:\Users\acer\Documents\GitHub\temporal-xai-driving\examples\IMG\right_2026_05_16_13_00_59_369.jpg,-0.45,0.4,0,30.00058
C:\Users\acer\Documents\GitHub\temporal-xai-driving\examples\IMG\center_2026_05_16_13_00_59_460.jpg,C:\Users\acer\Documents\GitHub\temporal-xai-driving\examples\IMG\left_2026_05_16_13_00_59_460.jpg,C:\Users\acer\Documents\GitHub\temporal-xai-driving\examples\IMG\right_2026_05_16_13_00_59_460.jpg,0,0.4,0,30.03513
C:\Users\acer\Documents\GitHub\temporal-xai-driving\examples\IMG\center_2026_05_16_13_00_59_551.jpg,C:\Users\acer\Documents\GitHub\temporal-xai-driving\examples\IMG\left_2026_05_16_13_00_59_551.jpg,C:\Users\acer\Documents\GitHub\temporal-xai-driving\examples\IMG\right_2026_05_16_13_00_59_551.jpg,0,0.4,0,30.03786
C:\Users\acer\Documents\GitHub\temporal-xai-driving\examples\IMG\center_2026_05_16_13_00_59_639.jpg,C:\Users\acer\Documents\GitHub\temporal-xai-driving\examples\IMG\left_2026_05_16_13_00_59_639.jpg,C:\Users\acer\Documents\GitHub\temporal-xai-driving\examples\IMG\right_2026_05_16_13_00_59_639.jpg,0,0.4,0,30.03829
C:\Users\acer\Documents\GitHub\temporal-xai-driving\examples\IMG\center_2026_05_16_13_00_59_728.jpg,C:\Users\acer\Documents\GitHub\temporal-xai-driving\examples\IMG\left_2026_05_16_13_00_59_728.jpg,C:\Users\acer\Documents\GitHub\temporal-xai-driving\examples\IMG\right_2026_05_16_13_00_59_728.jpg,0,0.4,0,30.03881
C:\Users\acer\Documents\GitHub\temporal-xai-driving\examples\IMG\center_2026_05_16_13_00_59_820.jpg,C:\Users\acer\Documents\GitHub\temporal-xai-driving\examples\IMG\left_2026_05_16_13_00_59_820.jpg,C:\Users\acer\Documents\GitHub\temporal-xai-driving\examples\IMG\right_2026_05_16_13_00_59_820.jpg,0,0.4,0,30.03881
C:\Users\acer\Documents\GitHub\temporal-xai-driving\examples\IMG\center_2026_05_16_13_00_59_909.jpg,C:\Users\acer\Documents\GitHub\temporal-xai-driving\examples\IMG\left_2026_05_16_13_00_59_909.jpg,C:\Users\acer\Documents\GitHub\temporal-xai-driving\examples\IMG\right_2026_05_16_13_00_59_909.jpg,0.1,0.4,0,30.03587
C:\Users\acer\Documents\GitHub\temporal-xai-driving\examples\IMG\center_2026_05_16_13_00_59_999.jpg,C:\Users\acer\Documents\GitHub\temporal-xai-driving\examples\IMG\left_2026_05_16_13_00_59_999.jpg,C:\Users\acer\Documents\GitHub\temporal-xai-driving\examples\IMG\right_2026_05_16_13_00_59_999.jpg,0.3,0.4,0,30.01718
C:\Users\acer\Documents\GitHub\temporal-xai-driving\examples\IMG\center_2026_05_16_13_01_00_091.jpg,C:\Users\acer\Documents\GitHub\temporal-xai-driving\examples\IMG\left_2026_05_16_13_01_00_091.jpg,C:\Users\acer\Documents\GitHub\temporal-xai-driving\examples\IMG\right_2026_05_16_13_01_00_091.jpg,0,0.4,0,30.03695
C:\Users\acer\Documents\GitHub\temporal-xai-driving\examples\IMG\center_2026_05_16_13_01_00_180.jpg,C:\Users\acer\Documents\GitHub\temporal-xai-driving\examples\IMG\left_2026_05_16_13_01_00_180.jpg,C:\Users\acer\Documents\GitHub\temporal-xai-driving\examples\IMG\right_2026_05_16_13_01_00_180.jpg,0,0.4,0,30.03745
C:\Users\acer\Documents\GitHub\temporal-xai-driving\examples\IMG\center_2026_05_16_13_01_00_273.jpg,C:\Users\acer\Documents\GitHub\temporal-xai-driving\examples\IMG\left_2026_05_16_13_01_00_273.jpg,C:\Users\acer\Documents\GitHub\temporal-xai-driving\examples\IMG\right_2026_05_16_13_01_00_273.jpg,0,0.4,0,30.03866
C:\Users\acer\Documents\GitHub\temporal-xai-driving\examples\IMG\center_2026_05_16_13_01_00_364.jpg,C:\Users\acer\Documents\GitHub\temporal-xai-driving\examples\IMG\left_2026_05_16_13_01_00_364.jpg,C:\Users\acer\Documents\GitHub\temporal-xai-driving\examples\IMG\right_2026_05_16_13_01_00_364.jpg,0.05,0.4,0,30.03834
C:\Users\acer\Documents\GitHub\temporal-xai-driving\examples\IMG\center_2026_05_16_13_01_00_458.jpg,C:\Users\acer\Documents\GitHub\temporal-xai-driving\examples\IMG\left_2026_05_16_13_01_00_458.jpg,C:\Users\acer\Documents\GitHub\temporal-xai-driving\examples\IMG\right_2026_05_16_13_01_00_458.jpg,0.3,0.4,0,30.01872
C:\Users\acer\Documents\GitHub\temporal-xai-driving\examples\IMG\center_2026_05_16_13_01_00_551.jpg,C:\Users\acer\Documents\GitHub\temporal-xai-driving\examples\IMG\left_2026_05_16_13_01_00_551.jpg,C:\Users\acer\Documents\GitHub\temporal-xai-driving\examples\IMG\right_2026_05_16_13_01_00_551.jpg,0,0.4,0,30.03567
C:\Users\acer\Documents\GitHub\temporal-xai-driving\examples\IMG\center_2026_05_16_13_01_00_644.jpg,C:\Users\acer\Documents\GitHub\temporal-xai-driving\examples\IMG\left_2026_05_16_13_01_00_644.jpg,C:\Users\acer\Documents\GitHub\temporal-xai-driving\examples\IMG\right_2026_05_16_13_01_00_644.jpg,0,0.4,0,30.03814
C:\Users\acer\Documents\GitHub\temporal-xai-driving\examples\IMG\center_2026_05_16_13_01_00_713.jpg,C:\Users\acer\Documents\GitHub\temporal-xai-driving\examples\IMG\left_2026_05_16_13_01_00_713.jpg,C:\Users\acer\Documents\GitHub\temporal-xai-driving\examples\IMG\right_2026_05_16_13_01_00_713.jpg,0,0.4,0,30.03848
C:\Users\acer\Documents\GitHub\temporal-xai-driving\examples\IMG\center_2026_05_16_13_01_00_824.jpg,C:\Users\acer\Documents\GitHub\temporal-xai-driving\examples\IMG\left_2026_05_16_13_01_00_824.jpg,C:\Users\acer\Documents\GitHub\temporal-xai-driving\examples\IMG\right_2026_05_16_13_01_00_824.jpg,0.1,0.4,0,30.0365
C:\Users\acer\Documents\GitHub\temporal-xai-driving\examples\IMG\center_2026_05_16_13_01_00_905.jpg,C:\Users\acer\Documents\GitHub\temporal-xai-driving\examples\IMG\left_2026_05_16_13_01_00_905.jpg,C:\Users\acer\Documents\GitHub\temporal-xai-driving\examples\IMG\right_2026_05_16_13_01_00_905.jpg,0.35,0.4,0,30.01284
C:\Users\acer\Documents\GitHub\temporal-xai-driving\examples\IMG\center_2026_05_16_13_01_01_014.jpg,C:\Users\acer\Documents\GitHub\temporal-xai-driving\examples\IMG\left_2026_05_16_13_01_01_014.jpg,C:\Users\acer\Documents\GitHub\temporal-xai-driving\examples\IMG\right_2026_05_16_13_01_01_014.jpg,0,0.4,0,30.03434
C:\Users\acer\Documents\GitHub\temporal-xai-driving\examples\IMG\center_2026_05_16_13_01_01_100.jpg,C:\Users\acer\Documents\GitHub\temporal-xai-driving\examples\IMG\left_2026_05_16_13_01_01_100.jpg,C:\Users\acer\Documents\GitHub\temporal-xai-driving\examples\IMG\right_2026_05_16_13_01_01_100.jpg,0,0.4,0,30.03724
C:\Users\acer\Documents\GitHub\temporal-xai-driving\examples\IMG\center_2026_05_16_13_01_01_201.jpg,C:\Users\acer\Documents\GitHub\temporal-xai-driving\examples\IMG\left_2026_05_16_13_01_01_201.jpg,C:\Users\acer\Documents\GitHub\temporal-xai-driving\examples\IMG\right_2026_05_16_13_01_01_201.jpg,0,0.4,0,30.03838
C:\Users\acer\Documents\GitHub\temporal-xai-driving\examples\IMG\center_2026_05_16_13_01_01_302.jpg,C:\Users\acer\Documents\GitHub\temporal-xai-driving\examples\IMG\left_2026_05_16_13_01_01_302.jpg,C:\Users\acer\Documents\GitHub\temporal-xai-driving\examples\IMG\right_2026_05_16_13_01_01_302.jpg,0.15,0.4,0,30.03368
C:\Users\acer\Documents\GitHub\temporal-xai-driving\examples\IMG\center_2026_05_16_13_01_01_370.jpg,C:\Users\acer\Documents\GitHub\temporal-xai-driving\examples\IMG\left_2026_05_16_13_01_01_370.jpg,C:\Users\acer\Documents\GitHub\temporal-xai-driving\examples\IMG\right_2026_05_16_13_01_01_370.jpg,0.35,0.4,0,30.01305
C:\Users\acer\Documents\GitHub\temporal-xai-driving\examples\IMG\center_2026_05_16_13_01_01_438.jpg,C:\Users\acer\Documents\GitHub\temporal-xai-driving\examples\IMG\left_2026_05_16_13_01_01_438.jpg,C:\Users\acer\Documents\GitHub\temporal-xai-driving\examples\IMG\right_2026_05_16_13_01_01_438.jpg,0.5000001,0.4,0,29.9946
C:\Users\acer\Documents\GitHub\temporal-xai-driving\examples\IMG\center_2026_05_16_13_01_01_506.jpg,C:\Users\acer\Documents\GitHub\temporal-xai-driving\examples\IMG\left_2026_05_16_13_01_01_506.jpg,C:\Users\acer\Documents\GitHub\temporal-xai-driving\examples\IMG\right_2026_05_16_13_01_01_506.jpg,0,0.4,0,30.01676
C:\Users\acer\Documents\GitHub\temporal-xai-driving\examples\IMG\center_2026_05_16_13_01_01_574.jpg,C:\Users\acer\Documents\GitHub\temporal-xai-driving\examples\IMG\left_2026_05_16_13_01_01_574.jpg,C:\Users\acer\Documents\GitHub\temporal-xai-driving\examples\IMG\right_2026_05_16_13_01_01_574.jpg,0,0.4,0,30.03515
C:\Users\acer\Documents\GitHub\temporal-xai-driving\examples\IMG\center_2026_05_16_13_01_01_641.jpg,C:\Users\acer\Documents\GitHub\temporal-xai-driving\examples\IMG\left_2026_05_16_13_01_01_641.jpg,C:\Users\acer\Documents\GitHub\temporal-xai-driving\examples\IMG\right_2026_05_16_13_01_01_641.jpg,0,0.4,0,30.0373
C:\Users\acer\Documents\GitHub\temporal-xai-driving\examples\IMG\center_2026_05_16_13_01_01_708.jpg,C:\Users\acer\Documents\GitHub\temporal-xai-driving\examples\IMG\left_2026_05_16_13_01_01_708.jpg,C:\Users\acer\Documents\GitHub\temporal-xai-driving\examples\IMG\right_2026_05_16_13_01_01_708.jpg,0,0.4,0,30.03791
C:\Users\acer\Documents\GitHub\temporal-xai-driving\examples\IMG\center_2026_05_16_13_01_01_778.jpg,C:\Users\acer\Documents\GitHub\temporal-xai-driving\examples\IMG\left_2026_05_16_13_01_01_778.jpg,C:\Users\acer\Documents\GitHub\temporal-xai-driving\examples\IMG\right_2026_05_16_13_01_01_778.jpg,0,0.4,0,30.03808
C:\Users\acer\Documents\GitHub\temporal-xai-driving\examples\IMG\center_2026_05_16_13_01_01_848.jpg,C:\Users\acer\Documents\GitHub\temporal-xai-driving\examples\IMG\left_2026_05_16_13_01_01_848.jpg,C:\Users\acer\Documents\GitHub\temporal-xai-driving\examples\IMG\right_2026_05_16_13_01_01_848.jpg,0,0.4,0,30.03843
C:\Users\acer\Documents\GitHub\temporal-xai-driving\examples\IMG\center_2026_05_16_13_01_01_917.jpg,C:\Users\acer\Documents\GitHub\temporal-xai-driving\examples\IMG\left_2026_05_16_13_01_01_917.jpg,C:\Users\acer\Documents\GitHub\temporal-xai-driving\examples\IMG\right_2026_05_16_13_01_01_917.jpg,0,0.4,0,30.03835
C:\Users\acer\Documents\GitHub\temporal-xai-driving\examples\IMG\center_2026_05_16_13_01_01_986.jpg,C:\Users\acer\Documents\GitHub\temporal-xai-driving\examples\IMG\left_2026_05_16_13_01_01_986.jpg,C:\Users\acer\Documents\GitHub\temporal-xai-driving\examples\IMG\right_2026_05_16_13_01_01_986.jpg,0,0.4,0,30.03829
C:\Users\acer\Documents\GitHub\temporal-xai-driving\examples\IMG\center_2026_05_16_13_01_02_057.jpg,C:\Users\acer\Documents\GitHub\temporal-xai-driving\examples\IMG\left_2026_05_16_13_01_02_057.jpg,C:\Users\acer\Documents\GitHub\temporal-xai-driving\examples\IMG\right_2026_05_16_13_01_02_057.jpg,0,0.4,0,30.03827
C:\Users\acer\Documents\GitHub\temporal-xai-driving\examples\IMG\center_2026_05_16_13_01_02_127.jpg,C:\Users\acer\Documents\GitHub\temporal-xai-driving\examples\IMG\left_2026_05_16_13_01_02_127.jpg,C:\Users\acer\Documents\GitHub\temporal-xai-driving\examples\IMG\right_2026_05_16_13_01_02_127.jpg,0,0.4,0,30.03825
C:\Users\acer\Documents\GitHub\temporal-xai-driving\examples\IMG\center_2026_05_16_13_01_02_196.jpg,C:\Users\acer\Documents\GitHub\temporal-xai-driving\examples\IMG\left_2026_05_16_13_01_02_196.jpg,C:\Users\acer\Documents\GitHub\temporal-xai-driving\examples\IMG\right_2026_05_16_13_01_02_196.jpg,0,0.4,0,30.03827
C:\Users\acer\Documents\GitHub\temporal-xai-driving\examples\IMG\center_2026_05_16_13_01_02_267.jpg,C:\Users\acer\Documents\GitHub\temporal-xai-driving\examples\IMG\left_2026_05_16_13_01_02_267.jpg,C:\Users\acer\Documents\GitHub\temporal-xai-driving\examples\IMG\right_2026_05_16_13_01_02_267.jpg,0,0.4,0,30.03889
C:\Users\acer\Documents\GitHub\temporal-xai-driving\examples\IMG\center_2026_05_16_13_01_02_337.jpg,C:\Users\acer\Documents\GitHub\temporal-xai-driving\examples\IMG\left_2026_05_16_13_01_02_337.jpg,C:\Users\acer\Documents\GitHub\temporal-xai-driving\examples\IMG\right_2026_05_16_13_01_02_337.jpg,0,0.4,0,30.03863
C:\Users\acer\Documents\GitHub\temporal-xai-driving\examples\IMG\center_2026_05_16_13_01_02_408.jpg,C:\Users\acer\Documents\GitHub\temporal-xai-driving\examples\IMG\left_2026_05_16_13_01_02_408.jpg,C:\Users\acer\Documents\GitHub\temporal-xai-driving\examples\IMG\right_2026_05_16_13_01_02_408.jpg,0.2,0.4,0,30.02768
C:\Users\acer\Documents\GitHub\temporal-xai-driving\examples\IMG\center_2026_05_16_13_01_02_479.jpg,C:\Users\acer\Documents\GitHub\temporal-xai-driving\examples\IMG\left_2026_05_16_13_01_02_479.jpg,C:\Users\acer\Documents\GitHub\temporal-xai-driving\examples\IMG\right_2026_05_16_13_01_02_479.jpg,0.35,0.4,0,30.01066
C:\Users\acer\Documents\GitHub\temporal-xai-driving\examples\IMG\center_2026_05_16_13_01_02_547.jpg,C:\Users\acer\Documents\GitHub\temporal-xai-driving\examples\IMG\left_2026_05_16_13_01_02_547.jpg,C:\Users\acer\Documents\GitHub\temporal-xai-driving\examples\IMG\right_2026_05_16_13_01_02_547.jpg,0,0.4,0,30.03715
C:\Users\acer\Documents\GitHub\temporal-xai-driving\examples\IMG\center_2026_05_16_13_01_02_620.jpg,C:\Users\acer\Documents\GitHub\temporal-xai-driving\examples\IMG\left_2026_05_16_13_01_02_620.jpg,C:\Users\acer\Documents\GitHub\temporal-xai-driving\examples\IMG\right_2026_05_16_13_01_02_620.jpg,0,0.4,0,30.03695
C:\Users\acer\Documents\GitHub\temporal-xai-driving\examples\IMG\center_2026_05_16_13_01_02_699.jpg,C:\Users\acer\Documents\GitHub\temporal-xai-driving\examples\IMG\left_2026_05_16_13_01_02_699.jpg,C:\Users\acer\Documents\GitHub\temporal-xai-driving\examples\IMG\right_2026_05_16_13_01_02_699.jpg,0,0.4,0,30.03818
C:\Users\acer\Documents\GitHub\temporal-xai-driving\examples\IMG\center_2026_05_16_13_01_02_773.jpg,C:\Users\acer\Documents\GitHub\temporal-xai-driving\examples\IMG\left_2026_05_16_13_01_02_773.jpg,C:\Users\acer\Documents\GitHub\temporal-xai-driving\examples\IMG\right_2026_05_16_13_01_02_773.jpg,0,0.4,0,30.03838
C:\Users\acer\Documents\GitHub\temporal-xai-driving\examples\IMG\center_2026_05_16_13_01_02_854.jpg,C:\Users\acer\Documents\GitHub\temporal-xai-driving\examples\IMG\left_2026_05_16_13_01_02_854.jpg,C:\Users\acer\Documents\GitHub\temporal-xai-driving\examples\IMG\right_2026_05_16_13_01_02_854.jpg,0,0.4,0,30.03841
C:\Users\acer\Documents\GitHub\temporal-xai-driving\examples\IMG\center_2026_05_16_13_01_02_943.jpg,C:\Users\acer\Documents\GitHub\temporal-xai-driving\examples\IMG\left_2026_05_16_13_01_02_943.jpg,C:\Users\acer\Documents\GitHub\temporal-xai-driving\examples\IMG\right_2026_05_16_13_01_02_943.jpg,0,0.4,0,30.03885
C:\Users\acer\Documents\GitHub\temporal-xai-driving\examples\IMG\center_2026_05_16_13_01_03_019.jpg,C:\Users\acer\Documents\GitHub\temporal-xai-driving\examples\IMG\left_2026_05_16_13_01_03_019.jpg,C:\Users\acer\Documents\GitHub\temporal-xai-driving\examples\IMG\right_2026_05_16_13_01_03_019.jpg,0,0.4,0,30.03812
C:\Users\acer\Documents\GitHub\temporal-xai-driving\examples\IMG\center_2026_05_16_13_01_03_103.jpg,C:\Users\acer\Documents\GitHub\temporal-xai-driving\examples\IMG\left_2026_05_16_13_01_03_103.jpg,C:\Users\acer\Documents\GitHub\temporal-xai-driving\examples\IMG\right_2026_05_16_13_01_03_103.jpg,0.2,0.4,0,30.02784
C:\Users\acer\Documents\GitHub\temporal-xai-driving\examples\IMG\center_2026_05_16_13_01_03_201.jpg,C:\Users\acer\Documents\GitHub\temporal-xai-driving\examples\IMG\left_2026_05_16_13_01_03_201.jpg,C:\Users\acer\Documents\GitHub\temporal-xai-driving\examples\IMG\right_2026_05_16_13_01_03_201.jpg,0.45,0.4,0,29.99973
C:\Users\acer\Documents\GitHub\temporal-xai-driving\examples\IMG\center_2026_05_16_13_01_03_274.jpg,C:\Users\acer\Documents\GitHub\temporal-xai-driving\examples\IMG\left_2026_05_16_13_01_03_274.jpg,C:\Users\acer\Documents\GitHub\temporal-xai-driving\examples\IMG\right_2026_05_16_13_01_03_274.jpg,0.6500001,0.4,0,29.93877
C:\Users\acer\Documents\GitHub\temporal-xai-driving\examples\IMG\center_2026_05_16_13_01_03_348.jpg,C:\Users\acer\Documents\GitHub\temporal-xai-driving\examples\IMG\left_2026_05_16_13_01_03_348.jpg,C:\Users\acer\Documents\GitHub\temporal-xai-driving\examples\IMG\right_2026_05_16_13_01_03_348.jpg,0,0.4,0,30.03177
C:\Users\acer\Documents\GitHub\temporal-xai-driving\examples\IMG\center_2026_05_16_13_01_03_419.jpg,C:\Users\acer\Documents\GitHub\temporal-xai-driving\examples\IMG\left_2026_05_16_13_01_03_419.jpg,C:\Users\acer\Documents\GitHub\temporal-xai-driving\examples\IMG\right_2026_05_16_13_01_03_419.jpg,0,0.4,0,30.03668
C:\Users\acer\Documents\GitHub\temporal-xai-driving\examples\IMG\center_2026_05_16_13_01_03_491.jpg,C:\Users\acer\Documents\GitHub\temporal-xai-driving\examples\IMG\left_2026_05_16_13_01_03_491.jpg,C:\Users\acer\Documents\GitHub\temporal-xai-driving\examples\IMG\right_2026_05_16_13_01_03_491.jpg,0,0.4,0,30.03803
C:\Users\acer\Documents\GitHub\temporal-xai-driving\examples\IMG\center_2026_05_16_13_01_03_562.jpg,C:\Users\acer\Documents\GitHub\temporal-xai-driving\examples\IMG\left_2026_05_16_13_01_03_562.jpg,C:\Users\acer\Documents\GitHub\temporal-xai-driving\examples\IMG\right_2026_05_16_13_01_03_562.jpg,0,0.4,0,30.03828
C:\Users\acer\Documents\GitHub\temporal-xai-driving\examples\IMG\center_2026_05_16_13_01_03_633.jpg,C:\Users\acer\Documents\GitHub\temporal-xai-driving\examples\IMG\left_2026_05_16_13_01_03_633.jpg,C:\Users\acer\Documents\GitHub\temporal-xai-driving\examples\IMG\right_2026_05_16_13_01_03_633.jpg,0.1,0.4,0,30.03681
C:\Users\acer\Documents\GitHub\temporal-xai-driving\examples\IMG\center_2026_05_16_13_01_03_701.jpg,C:\Users\acer\Documents\GitHub\temporal-xai-driving\examples\IMG\left_2026_05_16_13_01_03_701.jpg,C:\Users\acer\Documents\GitHub\temporal-xai-driving\examples\IMG\right_2026_05_16_13_01_03_701.jpg,0.25,0.4,0,30.02428
C:\Users\acer\Documents\GitHub\temporal-xai-driving\examples\IMG\center_2026_05_16_13_01_03_774.jpg,C:\Users\acer\Documents\GitHub\temporal-xai-driving\examples\IMG\left_2026_05_16_13_01_03_774.jpg,C:\Users\acer\Documents\GitHub\temporal-xai-driving\examples\IMG\right_2026_05_16_13_01_03_774.jpg,0.45,0.4,0,30.00068
C:\Users\acer\Documents\GitHub\temporal-xai-driving\examples\IMG\center_2026_05_16_13_01_03_846.jpg,C:\Users\acer\Documents\GitHub\temporal-xai-driving\examples\IMG\left_2026_05_16_13_01_03_846.jpg,C:\Users\acer\Documents\GitHub\temporal-xai-driving\examples\IMG\right_2026_05_16_13_01_03_846.jpg,0.6500001,0.4,0,29.9425
C:\Users\acer\Documents\GitHub\temporal-xai-driving\examples\IMG\center_2026_05_16_13_01_03_917.jpg,C:\Users\acer\Documents\GitHub\temporal-xai-driving\examples\IMG\left_2026_05_16_13_01_03_917.jpg,C:\Users\acer\Documents\GitHub\temporal-xai-driving\examples\IMG\right_2026_05_16_13_01_03_917.jpg,0,0.4,0,29.95413
C:\Users\acer\Documents\GitHub\temporal-xai-driving\examples\IMG\center_2026_05_16_13_01_03_987.jpg,C:\Users\acer\Documents\GitHub\temporal-xai-driving\examples\IMG\left_2026_05_16_13_01_03_987.jpg,C:\Users\acer\Documents\GitHub\temporal-xai-driving\examples\IMG\right_2026_05_16_13_01_03_987.jpg,0,0.4,0,30.03496
C:\Users\acer\Documents\GitHub\temporal-xai-driving\examples\IMG\center_2026_05_16_13_01_04_059.jpg,C:\Users\acer\Documents\GitHub\temporal-xai-driving\examples\IMG\left_2026_05_16_13_01_04_059.jpg,C:\Users\acer\Documents\GitHub\temporal-xai-driving\examples\IMG\right_2026_05_16_13_01_04_059.jpg,0,0.4,0,30.03744
C:\Users\acer\Documents\GitHub\temporal-xai-driving\examples\IMG\center_2026_05_16_13_01_04_130.jpg,C:\Users\acer\Documents\GitHub\temporal-xai-driving\examples\IMG\left_2026_05_16_13_01_04_130.jpg,C:\Users\acer\Documents\GitHub\temporal-xai-driving\examples\IMG\right_2026_05_16_13_01_04_130.jpg,0,0.4,0,30.03815
C:\Users\acer\Documents\GitHub\temporal-xai-driving\examples\IMG\center_2026_05_16_13_01_04_201.jpg,C:\Users\acer\Documents\GitHub\temporal-xai-driving\examples\IMG\left_2026_05_16_13_01_04_201.jpg,C:\Users\acer\Documents\GitHub\temporal-xai-driving\examples\IMG\right_2026_05_16_13_01_04_201.jpg,0,0.4,0,30.03782
C:\Users\acer\Documents\GitHub\temporal-xai-driving\examples\IMG\center_2026_05_16_13_01_04_271.jpg,C:\Users\acer\Documents\GitHub\temporal-xai-driving\examples\IMG\left_2026_05_16_13_01_04_271.jpg,C:\Users\acer\Documents\GitHub\temporal-xai-driving\examples\IMG\right_2026_05_16_13_01_04_271.jpg,0,0.4,0,30.039
C:\Users\acer\Documents\GitHub\temporal-xai-driving\examples\IMG\center_2026_05_16_13_01_04_343.jpg,C:\Users\acer\Documents\GitHub\temporal-xai-driving\examples\IMG\left_2026_05_16_13_01_04_343.jpg,C:\Users\acer\Documents\GitHub\temporal-xai-driving\examples\IMG\right_2026_05_16_13_01_04_343.jpg,0,0.4,0,30.03864
C:\Users\acer\Documents\GitHub\temporal-xai-driving\examples\IMG\center_2026_05_16_13_01_04_415.jpg,C:\Users\acer\Documents\GitHub\temporal-xai-driving\examples\IMG\left_2026_05_16_13_01_04_415.jpg,C:\Users\acer\Documents\GitHub\temporal-xai-driving\examples\IMG\right_2026_05_16_13_01_04_415.jpg,0.2,0.4,0,30.02784
C:\Users\acer\Documents\GitHub\temporal-xai-driving\examples\IMG\center_2026_05_16_13_01_04_488.jpg,C:\Users\acer\Documents\GitHub\temporal-xai-driving\examples\IMG\left_2026_05_16_13_01_04_488.jpg,C:\Users\acer\Documents\GitHub\temporal-xai-driving\examples\IMG\right_2026_05_16_13_01_04_488.jpg,0.4,0.4,0,30.00596
C:\Users\acer\Documents\GitHub\temporal-xai-driving\examples\IMG\center_2026_05_16_13_01_04_559.jpg,C:\Users\acer\Documents\GitHub\temporal-xai-driving\examples\IMG\left_2026_05_16_13_01_04_559.jpg,C:\Users\acer\Documents\GitHub\temporal-xai-driving\examples\IMG\right_2026_05_16_13_01_04_559.jpg,0.5500001,0.4,0,29.9799
C:\Users\acer\Documents\GitHub\temporal-xai-driving\examples\IMG\center_2026_05_16_13_01_04_631.jpg,C:\Users\acer\Documents\GitHub\temporal-xai-driving\examples\IMG\left_2026_05_16_13_01_04_631.jpg,C:\Users\acer\Documents\GitHub\temporal-xai-driving\examples\IMG\right_2026_05_16_13_01_04_631.jpg,0,0.4,0,29.98206
C:\Users\acer\Documents\GitHub\temporal-xai-driving\examples\IMG\center_2026_05_16_13_01_04_749.jpg,C:\Users\acer\Documents\GitHub\temporal-xai-driving\examples\IMG\left_2026_05_16_13_01_04_749.jpg,C:\Users\acer\Documents\GitHub\temporal-xai-driving\examples\IMG\right_2026_05_16_13_01_04_749.jpg,0,0.4,0,30.03672
C:\Users\acer\Documents\GitHub\temporal-xai-driving\examples\IMG\center_2026_05_16_13_01_04_816.jpg,C:\Users\acer\Documents\GitHub\temporal-xai-driving\examples\IMG\left_2026_05_16_13_01_04_816.jpg,C:\Users\acer\Documents\GitHub\temporal-xai-driving\examples\IMG\right_2026_05_16_13_01_04_816.jpg,0,0.4,0,30.03761
C:\Users\acer\Documents\GitHub\temporal-xai-driving\examples\IMG\center_2026_05_16_13_01_04_903.jpg,C:\Users\acer\Documents\GitHub\temporal-xai-driving\examples\IMG\left_2026_05_16_13_01_04_903.jpg,C:\Users\acer\Documents\GitHub\temporal-xai-driving\examples\IMG\right_2026_05_16_13_01_04_903.jpg,0,0.4,0,30.03784
C:\Users\acer\Documents\GitHub\temporal-xai-driving\examples\IMG\center_2026_05_16_13_01_04_981.jpg,C:\Users\acer\Documents\GitHub\temporal-xai-driving\examples\IMG\left_2026_05_16_13_01_04_981.jpg,C:\Users\acer\Documents\GitHub\temporal-xai-driving\examples\IMG\right_2026_05_16_13_01_04_981.jpg,0,0.4,0,30.03827
C:\Users\acer\Documents\GitHub\temporal-xai-driving\examples\IMG\center_2026_05_16_13_01_05_077.jpg,C:\Users\acer\Documents\GitHub\temporal-xai-driving\examples\IMG\left_2026_05_16_13_01_05_077.jpg,C:\Users\acer\Documents\GitHub\temporal-xai-driving\examples\IMG\right_2026_05_16_13_01_05_077.jpg,0,0.4,0,30.03817
C:\Users\acer\Documents\GitHub\temporal-xai-driving\examples\IMG\center_2026_05_16_13_01_05_145.jpg,C:\Users\acer\Documents\GitHub\temporal-xai-driving\examples\IMG\left_2026_05_16_13_01_05_145.jpg,C:\Users\acer\Documents\GitHub\temporal-xai-driving\examples\IMG\right_2026_05_16_13_01_05_145.jpg,0,0.4,0,30.03798
C:\Users\acer\Documents\GitHub\temporal-xai-driving\examples\IMG\center_2026_05_16_13_01_05_212.jpg,C:\Users\acer\Documents\GitHub\temporal-xai-driving\examples\IMG\left_2026_05_16_13_01_05_212.jpg,C:\Users\acer\Documents\GitHub\temporal-xai-driving\examples\IMG\right_2026_05_16_13_01_05_212.jpg,0,0.4,0,30.03854
C:\Users\acer\Documents\GitHub\temporal-xai-driving\examples\IMG\center_2026_05_16_13_01_05_281.jpg,C:\Users\acer\Documents\GitHub\temporal-xai-driving\examples\IMG\left_2026_05_16_13_01_05_281.jpg,C:\Users\acer\Documents\GitHub\temporal-xai-driving\examples\IMG\right_2026_05_16_13_01_05_281.jpg,0,0.4,0,30.03837
C:\Users\acer\Documents\GitHub\temporal-xai-driving\examples\IMG\center_2026_05_16_13_01_05_348.jpg,C:\Users\acer\Documents\GitHub\temporal-xai-driving\examples\IMG\left_2026_05_16_13_01_05_348.jpg,C:\Users\acer\Documents\GitHub\temporal-xai-driving\examples\IMG\right_2026_05_16_13_01_05_348.jpg,0,0.4,0,30.03832
C:\Users\acer\Documents\GitHub\temporal-xai-driving\examples\IMG\center_2026_05_16_13_01_05_417.jpg,C:\Users\acer\Documents\GitHub\temporal-xai-driving\examples\IMG\left_2026_05_16_13_01_05_417.jpg,C:\Users\acer\Documents\GitHub\temporal-xai-driving\examples\IMG\right_2026_05_16_13_01_05_417.jpg,0,0.4,0,30.03832
C:\Users\acer\Documents\GitHub\temporal-xai-driving\examples\IMG\center_2026_05_16_13_01_05_488.jpg,C:\Users\acer\Documents\GitHub\temporal-xai-driving\examples\IMG\left_2026_05_16_13_01_05_488.jpg,C:\Users\acer\Documents\GitHub\temporal-xai-driving\examples\IMG\right_2026_05_16_13_01_05_488.jpg,0,0.4,0,30.03832
C:\Users\acer\Documents\GitHub\temporal-xai-driving\examples\IMG\center_2026_05_16_13_01_05_559.jpg,C:\Users\acer\Documents\GitHub\temporal-xai-driving\examples\IMG\left_2026_05_16_13_01_05_559.jpg,C:\Users\acer\Documents\GitHub\temporal-xai-driving\examples\IMG\right_2026_05_16_13_01_05_559.jpg,0,0.4,0,30.03831
C:\Users\acer\Documents\GitHub\temporal-xai-driving\examples\IMG\center_2026_05_16_13_01_05_625.jpg,C:\Users\acer\Documents\GitHub\temporal-xai-driving\examples\IMG\left_2026_05_16_13_01_05_625.jpg,C:\Users\acer\Documents\GitHub\temporal-xai-driving\examples\IMG\right_2026_05_16_13_01_05_625.jpg,0,0.4,0,30.03834
C:\Users\acer\Documents\GitHub\temporal-xai-driving\examples\IMG\center_2026_05_16_13_01_05_695.jpg,C:\Users\acer\Documents\GitHub\temporal-xai-driving\examples\IMG\left_2026_05_16_13_01_05_695.jpg,C:\Users\acer\Documents\GitHub\temporal-xai-driving\examples\IMG\right_2026_05_16_13_01_05_695.jpg,0,0.4,0,30.03838
C:\Users\acer\Documents\GitHub\temporal-xai-driving\examples\IMG\center_2026_05_16_13_01_05_763.jpg,C:\Users\acer\Documents\GitHub\temporal-xai-driving\examples\IMG\left_2026_05_16_13_01_05_763.jpg,C:\Users\acer\Documents\GitHub\temporal-xai-driving\examples\IMG\right_2026_05_16_13_01_05_763.jpg,0.05,0.4,0,30.0381
C:\Users\acer\Documents\GitHub\temporal-xai-driving\examples\IMG\center_2026_05_16_13_01_05_833.jpg,C:\Users\acer\Documents\GitHub\temporal-xai-driving\examples\IMG\left_2026_05_16_13_01_05_833.jpg,C:\Users\acer\Documents\GitHub\temporal-xai-driving\examples\IMG\right_2026_05_16_13_01_05_833.jpg,0.25,0.4,0,30.02267
C:\Users\acer\Documents\GitHub\temporal-xai-driving\examples\IMG\center_2026_05_16_13_01_05_903.jpg,C:\Users\acer\Documents\GitHub\temporal-xai-driving\examples\IMG\left_2026_05_16_13_01_05_903.jpg,C:\Users\acer\Documents\GitHub\temporal-xai-driving\examples\IMG\right_2026_05_16_13_01_05_903.jpg,0.4,0.4,0,30.00456
C:\Users\acer\Documents\GitHub\temporal-xai-driving\examples\IMG\center_2026_05_16_13_01_05_973.jpg,C:\Users\acer\Documents\GitHub\temporal-xai-driving\examples\IMG\left_2026_05_16_13_01_05_973.jpg,C:\Users\acer\Documents\GitHub\temporal-xai-driving\examples\IMG\right_2026_05_16_13_01_05_973.jpg,0,0.4,0,30.03798
C:\Users\acer\Documents\GitHub\temporal-xai-driving\examples\IMG\center_2026_05_16_13_01_06_042.jpg,C:\Users\acer\Documents\GitHub\temporal-xai-driving\examples\IMG\left_2026_05_16_13_01_06_042.jpg,C:\Users\acer\Documents\GitHub\temporal-xai-driving\examples\IMG\right_2026_05_16_13_01_06_042.jpg,0,0.4,0,30.03813
C:\Users\acer\Documents\GitHub\temporal-xai-driving\examples\IMG\center_2026_05_16_13_01_06_110.jpg,C:\Users\acer\Documents\GitHub\temporal-xai-driving\examples\IMG\left_2026_05_16_13_01_06_110.jpg,C:\Users\acer\Documents\GitHub\temporal-xai-driving\examples\IMG\right_2026_05_16_13_01_06_110.jpg,0,0.4,0,30.03848
C:\Users\acer\Documents\GitHub\temporal-xai-driving\examples\IMG\center_2026_05_16_13_01_06_178.jpg,C:\Users\acer\Documents\GitHub\temporal-xai-driving\examples\IMG\left_2026_05_16_13_01_06_178.jpg,C:\Users\acer\Documents\GitHub\temporal-xai-driving\examples\IMG\right_2026_05_16_13_01_06_178.jpg,0,0.4,0,30.03854
C:\Users\acer\Documents\GitHub\temporal-xai-driving\examples\IMG\center_2026_05_16_13_01_06_248.jpg,C:\Users\acer\Documents\GitHub\temporal-xai-driving\examples\IMG\left_2026_05_16_13_01_06_248.jpg,C:\Users\acer\Documents\GitHub\temporal-xai-driving\examples\IMG\right_2026_05_16_13_01_06_248.jpg,0,0.4,0,30.03856
C:\Users\acer\Documents\GitHub\temporal-xai-driving\examples\IMG\center_2026_05_16_13_01_06_316.jpg,C:\Users\acer\Documents\GitHub\temporal-xai-driving\examples\IMG\left_2026_05_16_13_01_06_316.jpg,C:\Users\acer\Documents\GitHub\temporal-xai-driving\examples\IMG\right_2026_05_16_13_01_06_316.jpg,0,0.4,0,30.03854
C:\Users\acer\Documents\GitHub\temporal-xai-driving\examples\IMG\center_2026_05_16_13_01_06_384.jpg,C:\Users\acer\Documents\GitHub\temporal-xai-driving\examples\IMG\left_2026_05_16_13_01_06_384.jpg,C:\Users\acer\Documents\GitHub\temporal-xai-driving\examples\IMG\right_2026_05_16_13_01_06_384.jpg,0,0.4,0,30.03854
C:\Users\acer\Documents\GitHub\temporal-xai-driving\examples\IMG\center_2026_05_16_13_01_06_452.jpg,C:\Users\acer\Documents\GitHub\temporal-xai-driving\examples\IMG\left_2026_05_16_13_01_06_452.jpg,C:\Users\acer\Documents\GitHub\temporal-xai-driving\examples\IMG\right_2026_05_16_13_01_06_452.jpg,0,0.4,0,30.03825
C:\Users\acer\Documents\GitHub\temporal-xai-driving\examples\IMG\center_2026_05_16_13_01_06_518.jpg,C:\Users\acer\Documents\GitHub\temporal-xai-driving\examples\IMG\left_2026_05_16_13_01_06_518.jpg,C:\Users\acer\Documents\GitHub\temporal-xai-driving\examples\IMG\right_2026_05_16_13_01_06_518.jpg,0,0.4,0,30.03889
C:\Users\acer\Documents\GitHub\temporal-xai-driving\examples\IMG\center_2026_05_16_13_01_06_587.jpg,C:\Users\acer\Documents\GitHub\temporal-xai-driving\examples\IMG\left_2026_05_16_13_01_06_587.jpg,C:\Users\acer\Documents\GitHub\temporal-xai-driving\examples\IMG\right_2026_05_16_13_01_06_587.jpg,0.2,0.4,0,30.02807
C:\Users\acer\Documents\GitHub\temporal-xai-driving\examples\IMG\center_2026_05_16_13_01_06_687.jpg,C:\Users\acer\Documents\GitHub\temporal-xai-driving\examples\IMG\left_2026_05_16_13_01_06_687.jpg,C:\Users\acer\Documents\GitHub\temporal-xai-driving\examples\IMG\right_2026_05_16_13_01_06_687.jpg,0.45,0.4,0,29.99916
C:\Users\acer\Documents\GitHub\temporal-xai-driving\examples\IMG\center_2026_05_16_13_01_06_754.jpg,C:\Users\acer\Documents\GitHub\temporal-xai-driving\examples\IMG\left_2026_05_16_13_01_06_754.jpg,C:\Users\acer\Documents\GitHub\temporal-xai-driving\examples\IMG\right_2026_05_16_13_01_06_754.jpg,0.6000001,0.4,0,29.9619
C:\Users\acer\Documents\GitHub\temporal-xai-driving\examples\IMG\center_2026_05_16_13_01_06_855.jpg,C:\Users\acer\Documents\GitHub\temporal-xai-driving\examples\IMG\left_2026_05_16_13_01_06_855.jpg,C:\Users\acer\Documents\GitHub\temporal-xai-driving\examples\IMG\right_2026_05_16_13_01_06_855.jpg,0,0.4,0,29.90862
C:\Users\acer\Documents\GitHub\temporal-xai-driving\examples\IMG\center_2026_05_16_13_01_06_921.jpg,C:\Users\acer\Documents\GitHub\temporal-xai-driving\examples\IMG\left_2026_05_16_13_01_06_921.jpg,C:\Users\acer\Documents\GitHub\temporal-xai-driving\examples\IMG\right_2026_05_16_13_01_06_921.jpg,0,0.4,0,29.9986
C:\Users\acer\Documents\GitHub\temporal-xai-driving\examples\IMG\center_2026_05_16_13_01_07_015.jpg,C:\Users\acer\Documents\GitHub\temporal-xai-driving\examples\IMG\left_2026_05_16_13_01_07_015.jpg,C:\Users\acer\Documents\GitHub\temporal-xai-driving\examples\IMG\right_2026_05_16_13_01_07_015.jpg,0,0.4,0,30.03774
C:\Users\acer\Documents\GitHub\temporal-xai-driving\examples\IMG\center_2026_05_16_13_01_07_089.jpg,C:\Users\acer\Documents\GitHub\temporal-xai-driving\examples\IMG\left_2026_05_16_13_01_07_089.jpg,C:\Users\acer\Documents\GitHub\temporal-xai-driving\examples\IMG\right_2026_05_16_13_01_07_089.jpg,0,0.4,0,30.03811
C:\Users\acer\Documents\GitHub\temporal-xai-driving\examples\IMG\center_2026_05_16_13_01_07_176.jpg,C:\Users\acer\Documents\GitHub\temporal-xai-driving\examples\IMG\left_2026_05_16_13_01_07_176.jpg,C:\Users\acer\Documents\GitHub\temporal-xai-driving\examples\IMG\right_2026_05_16_13_01_07_176.jpg,0,0.4,0,30.03813
C:\Users\acer\Documents\GitHub\temporal-xai-driving\examples\IMG\center_2026_05_16_13_01_07_270.jpg,C:\Users\acer\Documents\GitHub\temporal-xai-driving\examples\IMG\left_2026_05_16_13_01_07_270.jpg,C:\Users\acer\Documents\GitHub\temporal-xai-driving\examples\IMG\right_2026_05_16_13_01_07_270.jpg,0,0.4,0,30.03809
C:\Users\acer\Documents\GitHub\temporal-xai-driving\examples\IMG\center_2026_05_16_13_01_07_364.jpg,C:\Users\acer\Documents\GitHub\temporal-xai-driving\examples\IMG\left_2026_05_16_13_01_07_364.jpg,C:\Users\acer\Documents\GitHub\temporal-xai-driving\examples\IMG\right_2026_05_16_13_01_07_364.jpg,0,0.4,0,30.03831
C:\Users\acer\Documents\GitHub\temporal-xai-driving\examples\IMG\center_2026_05_16_13_01_07_458.jpg,C:\Users\acer\Documents\GitHub\temporal-xai-driving\examples\IMG\left_2026_05_16_13_01_07_458.jpg,C:\Users\acer\Documents\GitHub\temporal-xai-driving\examples\IMG\right_2026_05_16_13_01_07_458.jpg,0,0.4,0,30.03835
C:\Users\acer\Documents\GitHub\temporal-xai-driving\examples\IMG\center_2026_05_16_13_01_07_550.jpg,C:\Users\acer\Documents\GitHub\temporal-xai-driving\examples\IMG\left_2026_05_16_13_01_07_550.jpg,C:\Users\acer\Documents\GitHub\temporal-xai-driving\examples\IMG\right_2026_05_16_13_01_07_550.jpg,0,0.4,0,30.03886
C:\Users\acer\Documents\GitHub\temporal-xai-driving\examples\IMG\center_2026_05_16_13_01_07_644.jpg,C:\Users\acer\Documents\GitHub\temporal-xai-driving\examples\IMG\left_2026_05_16_13_01_07_644.jpg,C:\Users\acer\Documents\GitHub\temporal-xai-driving\examples\IMG\right_2026_05_16_13_01_07_644.jpg,0,0.4,0,30.03853
C:\Users\acer\Documents\GitHub\temporal-xai-driving\examples\IMG\center_2026_05_16_13_01_07_735.jpg,C:\Users\acer\Documents\GitHub\temporal-xai-driving\examples\IMG\left_2026_05_16_13_01_07_735.jpg,C:\Users\acer\Documents\GitHub\temporal-xai-driving\examples\IMG\right_2026_05_16_13_01_07_735.jpg,0,0.4,0,30.03849
C:\Users\acer\Documents\GitHub\temporal-xai-driving\examples\IMG\center_2026_05_16_13_01_07_826.jpg,C:\Users\acer\Documents\GitHub\temporal-xai-driving\examples\IMG\left_2026_05_16_13_01_07_826.jpg,C:\Users\acer\Documents\GitHub\temporal-xai-driving\examples\IMG\right_2026_05_16_13_01_07_826.jpg,0,0.4,0,30.03851
C:\Users\acer\Documents\GitHub\temporal-xai-driving\examples\IMG\center_2026_05_16_13_01_07_918.jpg,C:\Users\acer\Documents\GitHub\temporal-xai-driving\examples\IMG\left_2026_05_16_13_01_07_918.jpg,C:\Users\acer\Documents\GitHub\temporal-xai-driving\examples\IMG\right_2026_05_16_13_01_07_918.jpg,0,0.4,0,30.0385
C:\Users\acer\Documents\GitHub\temporal-xai-driving\examples\IMG\center_2026_05_16_13_01_08_011.jpg,C:\Users\acer\Documents\GitHub\temporal-xai-driving\examples\IMG\left_2026_05_16_13_01_08_011.jpg,C:\Users\acer\Documents\GitHub\temporal-xai-driving\examples\IMG\right_2026_05_16_13_01_08_011.jpg,0,0.4,0,30.03849
C:\Users\acer\Documents\GitHub\temporal-xai-driving\examples\IMG\center_2026_05_16_13_01_08_103.jpg,C:\Users\acer\Documents\GitHub\temporal-xai-driving\examples\IMG\left_2026_05_16_13_01_08_103.jpg,C:\Users\acer\Documents\GitHub\temporal-xai-driving\examples\IMG\right_2026_05_16_13_01_08_103.jpg,0,0.4,0,30.03847
C:\Users\acer\Documents\GitHub\temporal-xai-driving\examples\IMG\center_2026_05_16_13_01_08_195.jpg,C:\Users\acer\Documents\GitHub\temporal-xai-driving\examples\IMG\left_2026_05_16_13_01_08_195.jpg,C:\Users\acer\Documents\GitHub\temporal-xai-driving\examples\IMG\right_2026_05_16_13_01_08_195.jpg,0.25,0.4,0,30.02257
C:\Users\acer\Documents\GitHub\temporal-xai-driving\examples\IMG\center_2026_05_16_13_01_08_290.jpg,C:\Users\acer\Documents\GitHub\temporal-xai-driving\examples\IMG\left_2026_05_16_13_01_08_290.jpg,C:\Users\acer\Documents\GitHub\temporal-xai-driving\examples\IMG\right_2026_05_16_13_01_08_290.jpg,0.5000001,0.4,0,29.99266
C:\Users\acer\Documents\GitHub\temporal-xai-driving\examples\IMG\center_2026_05_16_13_01_08_382.jpg,C:\Users\acer\Documents\GitHub\temporal-xai-driving\examples\IMG\left_2026_05_16_13_01_08_382.jpg,C:\Users\acer\Documents\GitHub\temporal-xai-driving\examples\IMG\right_2026_05_16_13_01_08_382.jpg,0,0.4,0,29.95749
C:\Users\acer\Documents\GitHub\temporal-xai-driving\examples\IMG\center_2026_05_16_13_01_08_476.jpg,C:\Users\acer\Documents\GitHub\temporal-xai-driving\examples\IMG\left_2026_05_16_13_01_08_476.jpg,C:\Users\acer\Documents\GitHub\temporal-xai-driving\examples\IMG\right_2026_05_16_13_01_08_476.jpg,0,0.4,0,30.03555
C:\Users\acer\Documents\GitHub\temporal-xai-driving\examples\IMG\center_2026_05_16_13_01_08_566.jpg,C:\Users\acer\Documents\GitHub\temporal-xai-driving\examples\IMG\left_2026_05_16_13_01_08_566.jpg,C:\Users\acer\Documents\GitHub\temporal-xai-driving\examples\IMG\right_2026_05_16_13_01_08_566.jpg,0,0.4,0,30.03793
C:\Users\acer\Documents\GitHub\temporal-xai-driving\examples\IMG\center_2026_05_16_13_01_08_653.jpg,C:\Users\acer\Documents\GitHub\temporal-xai-driving\examples\IMG\left_2026_05_16_13_01_08_653.jpg,C:\Users\acer\Documents\GitHub\temporal-xai-driving\examples\IMG\right_2026_05_16_13_01_08_653.jpg,0,0.4,0,30.03821
C:\Users\acer\Documents\GitHub\temporal-xai-driving\examples\IMG\center_2026_05_16_13_01_08_748.jpg,C:\Users\acer\Documents\GitHub\temporal-xai-driving\examples\IMG\left_2026_05_16_13_01_08_748.jpg,C:\Users\acer\Documents\GitHub\temporal-xai-driving\examples\IMG\right_2026_05_16_13_01_08_748.jpg,0,0.4,0,30.0382
C:\Users\acer\Documents\GitHub\temporal-xai-driving\examples\IMG\center_2026_05_16_13_01_08_827.jpg,C:\Users\acer\Documents\GitHub\temporal-xai-driving\examples\IMG\left_2026_05_16_13_01_08_827.jpg,C:\Users\acer\Documents\GitHub\temporal-xai-driving\examples\IMG\right_2026_05_16_13_01_08_827.jpg,0,0.4,0,30.03819
C:\Users\acer\Documents\GitHub\temporal-xai-driving\examples\IMG\center_2026_05_16_13_01_08_900.jpg,C:\Users\acer\Documents\GitHub\temporal-xai-driving\examples\IMG\left_2026_05_16_13_01_08_900.jpg,C:\Users\acer\Documents\GitHub\temporal-xai-driving\examples\IMG\right_2026_05_16_13_01_08_900.jpg,0,0.4,0,30.03819
C:\Users\acer\Documents\GitHub\temporal-xai-driving\examples\IMG\center_2026_05_16_13_01_08_975.jpg,C:\Users\acer\Documents\GitHub\temporal-xai-driving\examples\IMG\left_2026_05_16_13_01_08_975.jpg,C:\Users\acer\Documents\GitHub\temporal-xai-driving\examples\IMG\right_2026_05_16_13_01_08_975.jpg,0,0.4,0,30.03819
C:\Users\acer\Documents\GitHub\temporal-xai-driving\examples\IMG\center_2026_05_16_13_01_09_059.jpg,C:\Users\acer\Documents\GitHub\temporal-xai-driving\examples\IMG\left_2026_05_16_13_01_09_059.jpg,C:\Users\acer\Documents\GitHub\temporal-xai-driving\examples\IMG\right_2026_05_16_13_01_09_059.jpg,0,0.4,0,30.03819
C:\Users\acer\Documents\GitHub\temporal-xai-driving\examples\IMG\center_2026_05_16_13_01_09_147.jpg,C:\Users\acer\Documents\GitHub\temporal-xai-driving\examples\IMG\left_2026_05_16_13_01_09_147.jpg,C:\Users\acer\Documents\GitHub\temporal-xai-driving\examples\IMG\right_2026_05_16_13_01_09_147.jpg,0,0.4,0,30.03817
C:\Users\acer\Documents\GitHub\temporal-xai-driving\examples\IMG\center_2026_05_16_13_01_09_231.jpg,C:\Users\acer\Documents\GitHub\temporal-xai-driving\examples\IMG\left_2026_05_16_13_01_09_231.jpg,C:\Users\acer\Documents\GitHub\temporal-xai-driving\examples\IMG\right_2026_05_16_13_01_09_231.jpg,0,0.4,0,30.03853
C:\Users\acer\Documents\GitHub\temporal-xai-driving\examples\IMG\center_2026_05_16_13_01_09_315.jpg,C:\Users\acer\Documents\GitHub\temporal-xai-driving\examples\IMG\left_2026_05_16_13_01_09_315.jpg,C:\Users\acer\Documents\GitHub\temporal-xai-driving\examples\IMG\right_2026_05_16_13_01_09_315.jpg,0,0.4,0,30.03839
C:\Users\acer\Documents\GitHub\temporal-xai-driving\examples\IMG\center_2026_05_16_13_01_09_400.jpg,C:\Users\acer\Documents\GitHub\temporal-xai-driving\examples\IMG\left_2026_05_16_13_01_09_400.jpg,C:\Users\acer\Documents\GitHub\temporal-xai-driving\examples\IMG\right_2026_05_16_13_01_09_400.jpg,0,0.4,0,30.03827
C:\Users\acer\Documents\GitHub\temporal-xai-driving\examples\IMG\center_2026_05_16_13_01_09_486.jpg,C:\Users\acer\Documents\GitHub\temporal-xai-driving\examples\IMG\left_2026_05_16_13_01_09_486.jpg,C:\Users\acer\Documents\GitHub\temporal-xai-driving\examples\IMG\right_2026_05_16_13_01_09_486.jpg,0,0.4,0,30.03856
C:\Users\acer\Documents\GitHub\temporal-xai-driving\examples\IMG\center_2026_05_16_13_01_09_569.jpg,C:\Users\acer\Documents\GitHub\temporal-xai-driving\examples\IMG\left_2026_05_16_13_01_09_569.jpg,C:\Users\acer\Documents\GitHub\temporal-xai-driving\examples\IMG\right_2026_05_16_13_01_09_569.jpg,0,0.4,0,30.03849
C:\Users\acer\Documents\GitHub\temporal-xai-driving\examples\IMG\center_2026_05_16_13_01_09_653.jpg,C:\Users\acer\Documents\GitHub\temporal-xai-driving\examples\IMG\left_2026_05_16_13_01_09_653.jpg,C:\Users\acer\Documents\GitHub\temporal-xai-driving\examples\IMG\right_2026_05_16_13_01_09_653.jpg,0,0.4,0,30.0385
C:\Users\acer\Documents\GitHub\temporal-xai-driving\examples\IMG\center_2026_05_16_13_01_09_739.jpg,C:\Users\acer\Documents\GitHub\temporal-xai-driving\examples\IMG\left_2026_05_16_13_01_09_739.jpg,C:\Users\acer\Documents\GitHub\temporal-xai-driving\examples\IMG\right_2026_05_16_13_01_09_739.jpg,0,0.4,0,30.0385
C:\Users\acer\Documents\GitHub\temporal-xai-driving\examples\IMG\center_2026_05_16_13_01_09_824.jpg,C:\Users\acer\Documents\GitHub\temporal-xai-driving\examples\IMG\left_2026_05_16_13_01_09_824.jpg,C:\Users\acer\Documents\GitHub\temporal-xai-driving\examples\IMG\right_2026_05_16_13_01_09_824.jpg,0,0.4,0,30.03851
C:\Users\acer\Documents\GitHub\temporal-xai-driving\examples\IMG\center_2026_05_16_13_01_09_909.jpg,C:\Users\acer\Documents\GitHub\temporal-xai-driving\examples\IMG\left_2026_05_16_13_01_09_909.jpg,C:\Users\acer\Documents\GitHub\temporal-xai-driving\examples\IMG\right_2026_05_16_13_01_09_909.jpg,0,0.4,0,30.03851
C:\Users\acer\Documents\GitHub\temporal-xai-driving\examples\IMG\center_2026_05_16_13_01_09_996.jpg,C:\Users\acer\Documents\GitHub\temporal-xai-driving\examples\IMG\left_2026_05_16_13_01_09_996.jpg,C:\Users\acer\Documents\GitHub\temporal-xai-driving\examples\IMG\right_2026_05_16_13_01_09_996.jpg,0.05,0.4,0,30.03787
C:\Users\acer\Documents\GitHub\temporal-xai-driving\examples\IMG\center_2026_05_16_13_01_10_081.jpg,C:\Users\acer\Documents\GitHub\temporal-xai-driving\examples\IMG\left_2026_05_16_13_01_10_081.jpg,C:\Users\acer\Documents\GitHub\temporal-xai-driving\examples\IMG\right_2026_05_16_13_01_10_081.jpg,0.25,0.4,0,30.02253
C:\Users\acer\Documents\GitHub\temporal-xai-driving\examples\IMG\center_2026_05_16_13_01_10_166.jpg,C:\Users\acer\Documents\GitHub\temporal-xai-driving\examples\IMG\left_2026_05_16_13_01_10_166.jpg,C:\Users\acer\Documents\GitHub\temporal-xai-driving\examples\IMG\right_2026_05_16_13_01_10_166.jpg,0,0.4,0,30.03596
C:\Users\acer\Documents\GitHub\temporal-xai-driving\examples\IMG\center_2026_05_16_13_01_10_253.jpg,C:\Users\acer\Documents\GitHub\temporal-xai-driving\examples\IMG\left_2026_05_16_13_01_10_253.jpg,C:\Users\acer\Documents\GitHub\temporal-xai-driving\examples\IMG\right_2026_05_16_13_01_10_253.jpg,0,0.4,0,30.03835
C:\Users\acer\Documents\GitHub\temporal-xai-driving\examples\IMG\center_2026_05_16_13_01_10_338.jpg,C:\Users\acer\Documents\GitHub\temporal-xai-driving\examples\IMG\left_2026_05_16_13_01_10_338.jpg,C:\Users\acer\Documents\GitHub\temporal-xai-driving\examples\IMG\right_2026_05_16_13_01_10_338.jpg,0,0.4,0,30.03845
C:\Users\acer\Documents\GitHub\temporal-xai-driving\examples\IMG\center_2026_05_16_13_01_10_421.jpg,C:\Users\acer\Documents\GitHub\temporal-xai-driving\examples\IMG\left_2026_05_16_13_01_10_421.jpg,C:\Users\acer\Documents\GitHub\temporal-xai-driving\examples\IMG\right_2026_05_16_13_01_10_421.jpg,0,0.4,0,30.03829
C:\Users\acer\Documents\GitHub\temporal-xai-driving\examples\IMG\center_2026_05_16_13_01_10_508.jpg,C:\Users\acer\Documents\GitHub\temporal-xai-driving\examples\IMG\left_2026_05_16_13_01_10_508.jpg,C:\Users\acer\Documents\GitHub\temporal-xai-driving\examples\IMG\right_2026_05_16_13_01_10_508.jpg,0.25,0.4,0,30.02364
C:\Users\acer\Documents\GitHub\temporal-xai-driving\examples\IMG\center_2026_05_16_13_01_10_592.jpg,C:\Users\acer\Documents\GitHub\temporal-xai-driving\examples\IMG\left_2026_05_16_13_01_10_592.jpg,C:\Users\acer\Documents\GitHub\temporal-xai-driving\examples\IMG\right_2026_05_16_13_01_10_592.jpg,0.45,0.4,0,30.00007
C:\Users\acer\Documents\GitHub\temporal-xai-driving\examples\IMG\center_2026_05_16_13_01_10_675.jpg,C:\Users\acer\Documents\GitHub\temporal-xai-driving\examples\IMG\left_2026_05_16_13_01_10_675.jpg,C:\Users\acer\Documents\GitHub\temporal-xai-driving\examples\IMG\right_2026_05_16_13_01_10_675.jpg,0,0.4,0,30.03683
C:\Users\acer\Documents\GitHub\temporal-xai-driving\examples\IMG\center_2026_05_16_13_01_10_762.jpg,C:\Users\acer\Documents\GitHub\temporal-xai-driving\examples\IMG\left_2026_05_16_13_01_10_762.jpg,C:\Users\acer\Documents\GitHub\temporal-xai-driving\examples\IMG\right_2026_05_16_13_01_10_762.jpg,0,0.4,0,30.03797
C:\Users\acer\Documents\GitHub\temporal-xai-driving\examples\IMG\center_2026_05_16_13_01_10_838.jpg,C:\Users\acer\Documents\GitHub\temporal-xai-driving\examples\IMG\left_2026_05_16_13_01_10_838.jpg,C:\Users\acer\Documents\GitHub\temporal-xai-driving\examples\IMG\right_2026_05_16_13_01_10_838.jpg,0,0.4,0,30.03837
C:\Users\acer\Documents\GitHub\temporal-xai-driving\examples\IMG\center_2026_05_16_13_01_10_921.jpg,C:\Users\acer\Documents\GitHub\temporal-xai-driving\examples\IMG\left_2026_05_16_13_01_10_921.jpg,C:\Users\acer\Documents\GitHub\temporal-xai-driving\examples\IMG\right_2026_05_16_13_01_10_921.jpg,0,0.4,0,30.03829
C:\Users\acer\Documents\GitHub\temporal-xai-driving\examples\IMG\center_2026_05_16_13_01_10_998.jpg,C:\Users\acer\Documents\GitHub\temporal-xai-driving\examples\IMG\left_2026_05_16_13_01_10_998.jpg,C:\Users\acer\Documents\GitHub\temporal-xai-driving\examples\IMG\right_2026_05_16_13_01_10_998.jpg,0,0.4,0,30.03826
C:\Users\acer\Documents\GitHub\temporal-xai-driving\examples\IMG\center_2026_05_16_13_01_11_089.jpg,C:\Users\acer\Documents\GitHub\temporal-xai-driving\examples\IMG\left_2026_05_16_13_01_11_089.jpg,C:\Users\acer\Documents\GitHub\temporal-xai-driving\examples\IMG\right_2026_05_16_13_01_11_089.jpg,0,0.4,0,30.03821
C:\Users\acer\Documents\GitHub\temporal-xai-driving\examples\IMG\center_2026_05_16_13_01_11_159.jpg,C:\Users\acer\Documents\GitHub\temporal-xai-driving\examples\IMG\left_2026_05_16_13_01_11_159.jpg,C:\Users\acer\Documents\GitHub\temporal-xai-driving\examples\IMG\right_2026_05_16_13_01_11_159.jpg,0,0.4,0,30.03821
C:\Users\acer\Documents\GitHub\temporal-xai-driving\examples\IMG\center_2026_05_16_13_01_11_241.jpg,C:\Users\acer\Documents\GitHub\temporal-xai-driving\examples\IMG\left_2026_05_16_13_01_11_241.jpg,C:\Users\acer\Documents\GitHub\temporal-xai-driving\examples\IMG\right_2026_05_16_13_01_11_241.jpg,0,0.4,0,30.03823
C:\Users\acer\Documents\GitHub\temporal-xai-driving\examples\IMG\center_2026_05_16_13_01_11_321.jpg,C:\Users\acer\Documents\GitHub\temporal-xai-driving\examples\IMG\left_2026_05_16_13_01_11_321.jpg,C:\Users\acer\Documents\GitHub\temporal-xai-driving\examples\IMG\right_2026_05_16_13_01_11_321.jpg,0,0.4,0,30.03822
C:\Users\acer\Documents\GitHub\temporal-xai-driving\examples\IMG\center_2026_05_16_13_01_11_403.jpg,C:\Users\acer\Documents\GitHub\temporal-xai-driving\examples\IMG\left_2026_05_16_13_01_11_403.jpg,C:\Users\acer\Documents\GitHub\temporal-xai-driving\examples\IMG\right_2026_05_16_13_01_11_403.jpg,0,0.4,0,30.03833
C:\Users\acer\Documents\GitHub\temporal-xai-driving\examples\IMG\center_2026_05_16_13_01_11_487.jpg,C:\Users\acer\Documents\GitHub\temporal-xai-driving\examples\IMG\left_2026_05_16_13_01_11_487.jpg,C:\Users\acer\Documents\GitHub\temporal-xai-driving\examples\IMG\right_2026_05_16_13_01_11_487.jpg,0,0,0,30.03914
